Transaction_ID,Date,Time,Time_Slot,Day_of_Week,Day_Type,Customer_ID,Customer_Name,Member_Tier,Gender,Age_Group,Branch,Sales_Channel,Product_Category,Product_Name,Size,Sweetness_Level,Unit_Price,Quantity,Subtotal,Discount_Baht,Net_Amount,Payment_Method,Points_Earned,Rating_Score
TXN-2026-0001,2026-03-23,09:15,เช้า (07:00-10:59),จันทร์,วันธรรมดา (Weekday),CUST-048,รีไวล์ แอคเคอร์แมน,Platinum,ชาย,Gen Y (26-40),สาขาสยามสแควร์,ซื้อกลับ (Takeaway),Coffee,Hot Cafe Latte,Regular,25% (หวานน้อยมาก),80,1,80,12.0,68.0,บัตรเครดิต,2,5
TXN-2026-0002,2026-01-04,13:41,กลางวัน (11:00-13:59),อาทิตย์,วันหยุด (Weekend),CUST-027,คามาโดะ เนซึโกะ,Gold,หญิง,Gen Z (18-25),สาขาสยามสแควร์,ซื้อกลับ (Takeaway),Bakery,Almond Cream Croissant,Standard,-,95,1,95,9.5,85.5,TrueMoney Wallet,3,5
TXN-2026-0002,2026-01-04,13:41,กลางวัน (11:00-13:59),อาทิตย์,วันหยุด (Weekend),CUST-027,คามาโดะ เนซึโกะ,Gold,หญิง,Gen Z (18-25),สาขาสยามสแควร์,ซื้อกลับ (Takeaway),Non-Coffee,Peach Sparking Soda,Large,0% (ไม่หวาน),95,1,95,9.5,85.5,TrueMoney Wallet,3,5
TXN-2026-0003,2026-01-13,12:38,กลางวัน (11:00-13:59),อังคาร,วันธรรมดา (Weekday),CUST-003,ชิซุกะ,Gold,หญิง,Gen Z (18-25),สาขาทองหล่อ,ซื้อกลับ (Takeaway),Non-Coffee,Hojicha Roasted Tea,Regular,0% (ไม่หวาน),90,1,90,9.0,81.0,เงินสด,3,5
TXN-2026-0003,2026-01-13,12:38,กลางวัน (11:00-13:59),อังคาร,วันธรรมดา (Weekday),CUST-003,ชิซุกะ,Gold,หญิง,Gen Z (18-25),สาขาทองหล่อ,ซื้อกลับ (Takeaway),Coffee,Dirty Coffee,Regular,0% (ไม่หวาน),90,2,180,18.0,162.0,เงินสด,6,5
TXN-2026-0004,2026-01-13,12:40,กลางวัน (11:00-13:59),อังคาร,วันธรรมดา (Weekday),CUST-011,นิโค โรบิน,Platinum,หญิง,Gen X (41-55),สาขาสยามสแควร์,หน้าร้าน (Dine-in),Coffee,Signature Cold Brew,Regular,0% (ไม่หวาน),105,1,105,15.75,89.25,QR PromptPay,3,3
TXN-2026-0004,2026-01-13,12:40,กลางวัน (11:00-13:59),อังคาร,วันธรรมดา (Weekday),CUST-011,นิโค โรบิน,Platinum,หญิง,Gen X (41-55),สาขาสยามสแควร์,หน้าร้าน (Dine-in),Merchandise,Anime Tumbler 500ml,Standard,-,390,1,390,58.5,331.5,QR PromptPay,13,3
TXN-2026-0005,2026-03-23,14:43,บ่าย (14:00-16:59),จันทร์,วันธรรมดา (Weekday),CUST-050,อาสึนะ,Platinum,หญิง,Gen Z (18-25),สาขาทองหล่อ,หน้าร้าน (Dine-in),Coffee,Dirty Coffee,Regular,25% (หวานน้อยมาก),90,1,90,13.5,76.5,QR PromptPay,3,5
TXN-2026-0006,2026-02-20,20:09,เย็น (17:00-20:30),ศุกร์,วันธรรมดา (Weekday),CUST-016,โมริ รัน,Silver,หญิง,Gen Z (18-25),สาขาทองหล่อ,ซื้อกลับ (Takeaway),Non-Coffee,Hojicha Roasted Tea,Regular,100% (หวานปกติ),90,1,90,4.5,85.5,บัตรเครดิต,3,5
TXN-2026-0006,2026-02-20,20:09,เย็น (17:00-20:30),ศุกร์,วันธรรมดา (Weekday),CUST-016,โมริ รัน,Silver,หญิง,Gen Z (18-25),สาขาทองหล่อ,ซื้อกลับ (Takeaway),Non-Coffee,Uji Matcha Latte,Regular,0% (ไม่หวาน),95,1,95,4.75,90.25,บัตรเครดิต,3,5
TXN-2026-0007,2026-01-21,15:38,บ่าย (14:00-16:59),พุธ,วันธรรมดา (Weekday),CUST-025,คูกิซากิ โนบาระ,Gold,หญิง,Gen Z (18-25),สาขาอารีย์,ซื้อกลับ (Takeaway),Coffee,Iced Cafe Latte,Large,0% (ไม่หวาน),100,1,100,10.0,90.0,QR PromptPay,3,5
TXN-2026-0007,2026-01-21,15:38,บ่าย (14:00-16:59),พุธ,วันธรรมดา (Weekday),CUST-025,คูกิซากิ โนบาระ,Gold,หญิง,Gen Z (18-25),สาขาอารีย์,ซื้อกลับ (Takeaway),Merchandise,Anime Tumbler 500ml,Standard,-,390,1,390,39.0,351.0,QR PromptPay,14,5
TXN-2026-0007,2026-01-21,15:38,บ่าย (14:00-16:59),พุธ,วันธรรมดา (Weekday),CUST-025,คูกิซากิ โนบาระ,Gold,หญิง,Gen Z (18-25),สาขาอารีย์,ซื้อกลับ (Takeaway),Non-Coffee,Thai Milk Tea Special,Large,25% (หวานน้อยมาก),85,1,85,8.5,76.5,QR PromptPay,3,5
TXN-2026-0008,2026-01-14,19:53,เย็น (17:00-20:30),พุธ,วันธรรมดา (Weekday),CUST-039,หน้ากากทักซิโด้,Platinum,ชาย,Gen Y (26-40),สาขาสยามสแควร์,หน้าร้าน (Dine-in),Coffee,Espresso (Single/Double),Regular,0% (ไม่หวาน),65,1,65,9.75,55.25,QR PromptPay,2,3
TXN-2026-0008,2026-01-14,19:53,เย็น (17:00-20:30),พุธ,วันธรรมดา (Weekday),CUST-039,หน้ากากทักซิโด้,Platinum,ชาย,Gen Y (26-40),สาขาสยามสแควร์,หน้าร้าน (Dine-in),Non-Coffee,Peach Sparking Soda,Large,50% (หวานน้อย),95,1,95,14.25,80.75,QR PromptPay,3,3
TXN-2026-0008,2026-01-14,19:53,เย็น (17:00-20:30),พุธ,วันธรรมดา (Weekday),CUST-039,หน้ากากทักซิโด้,Platinum,ชาย,Gen Y (26-40),สาขาสยามสแควร์,หน้าร้าน (Dine-in),Bakery,Basque Burnt Cheesecake,Standard,-,125,2,250,37.5,212.5,QR PromptPay,8,3
TXN-2026-0009,2026-01-11,10:52,เช้า (07:00-10:59),อาทิตย์,วันหยุด (Weekend),CUST-049,คิริโตะ,Gold,ชาย,Gen Z (18-25),สาขาอารีย์,หน้าร้าน (Dine-in),Bakery,Carrot Walnut Cake,Standard,-,115,2,230,23.0,207.0,บัตรเครดิต,8,3
TXN-2026-0010,2026-03-11,16:12,บ่าย (14:00-16:59),พุธ,วันธรรมดา (Weekday),CUST-026,คามาโดะ ทันจิโร่,Silver,ชาย,Gen Z (18-25),สาขาลาดพร้าว,ซื้อกลับ (Takeaway),Non-Coffee,Uji Matcha Latte,Regular,50% (หวานน้อย),95,1,95,4.75,90.25,QR PromptPay,3,5
TXN-2026-0011,2026-03-12,08:00,เช้า (07:00-10:59),พฤหัสบดี,วันธรรมดา (Weekday),CUST-041,จิฮิโระ,Regular,หญิง,Gen Z (18-25),สาขาสยามสแควร์,หน้าร้าน (Dine-in),Non-Coffee,Thai Milk Tea Special,Large,25% (หวานน้อยมาก),85,1,85,0.0,85.0,QR PromptPay,3,5
TXN-2026-0012,2026-03-15,11:50,กลางวัน (11:00-13:59),อาทิตย์,วันหยุด (Weekend),CUST-027,คามาโดะ เนซึโกะ,Gold,หญิง,Gen Z (18-25),สาขาสยามสแควร์,หน้าร้าน (Dine-in),Coffee,Iced Americano,Regular,0% (ไม่หวาน),75,1,75,7.5,67.5,QR PromptPay,2,5
TXN-2026-0013,2026-02-13,14:15,บ่าย (14:00-16:59),ศุกร์,วันธรรมดา (Weekday),CUST-035,ฮิวงะ ฮินาตะ,Gold,หญิง,Gen Y (26-40),สาขาอารีย์,ซื้อกลับ (Takeaway),Bakery,Chocolate Truffle Croffle,Standard,-,110,1,110,11.0,99.0,QR PromptPay,3,5
TXN-2026-0013,2026-02-13,14:15,บ่าย (14:00-16:59),ศุกร์,วันธรรมดา (Weekday),CUST-035,ฮิวงะ ฮินาตะ,Gold,หญิง,Gen Y (26-40),สาขาอารีย์,ซื้อกลับ (Takeaway),Merchandise,Anime Tumbler 500ml,Standard,-,390,2,780,78.0,702.0,QR PromptPay,28,5
TXN-2026-0013,2026-02-13,14:15,บ่าย (14:00-16:59),ศุกร์,วันธรรมดา (Weekday),CUST-035,ฮิวงะ ฮินาตะ,Gold,หญิง,Gen Y (26-40),สาขาอารีย์,ซื้อกลับ (Takeaway),Coffee,Iced Cafe Latte,Regular,25% (หวานน้อยมาก),85,1,85,8.5,76.5,QR PromptPay,3,5
TXN-2026-0014,2026-03-03,10:57,เช้า (07:00-10:59),อังคาร,วันธรรมดา (Weekday),CUST-025,คูกิซากิ โนบาระ,Gold,หญิง,Gen Z (18-25),สาขาสยามสแควร์,หน้าร้าน (Dine-in),Merchandise,Anime Tumbler 500ml,Standard,-,390,1,390,39.0,351.0,เงินสด,14,4
TXN-2026-0015,2026-02-07,07:37,เช้า (07:00-10:59),เสาร์,วันหยุด (Weekend),CUST-004,ซูเนโอะ,Platinum,ชาย,Gen Y (26-40),สาขาทองหล่อ,หน้าร้าน (Dine-in),Coffee,Signature Cold Brew,Regular,0% (ไม่หวาน),105,2,210,31.5,178.5,บัตรเครดิต,7,5
TXN-2026-0015,2026-02-07,07:37,เช้า (07:00-10:59),เสาร์,วันหยุด (Weekend),CUST-004,ซูเนโอะ,Platinum,ชาย,Gen Y (26-40),สาขาทองหล่อ,หน้าร้าน (Dine-in),Coffee,Iced Americano,Regular,0% (ไม่หวาน),75,1,75,11.25,63.75,บัตรเครดิต,2,5
TXN-2026-0015,2026-02-07,07:37,เช้า (07:00-10:59),เสาร์,วันหยุด (Weekend),CUST-004,ซูเนโอะ,Platinum,ชาย,Gen Y (26-40),สาขาทองหล่อ,หน้าร้าน (Dine-in),Bakery,Carrot Walnut Cake,Standard,-,115,1,115,17.25,97.75,บัตรเครดิต,3,5
TXN-2026-0016,2026-03-14,07:39,เช้า (07:00-10:59),เสาร์,วันหยุด (Weekend),CUST-043,ซุน โกคู,Gold,ชาย,Gen X (41-55),สาขาอารีย์,ซื้อกลับ (Takeaway),Non-Coffee,Uji Matcha Latte,Large,25% (หวานน้อยมาก),110,1,110,11.0,99.0,เงินสด,3,5
TXN-2026-0016,2026-03-14,07:39,เช้า (07:00-10:59),เสาร์,วันหยุด (Weekend),CUST-043,ซุน โกคู,Gold,ชาย,Gen X (41-55),สาขาอารีย์,ซื้อกลับ (Takeaway),Non-Coffee,Thai Milk Tea Special,Large,100% (หวานปกติ),85,1,85,8.5,76.5,เงินสด,3,5
TXN-2026-0017,2026-01-10,07:04,เช้า (07:00-10:59),เสาร์,วันหยุด (Weekend),CUST-033,ฮารุโนะ ซากุระ,Silver,หญิง,Gen Y (26-40),สาขาสยามสแควร์,เดลิเวอรี่ (Delivery),Coffee,Signature Cold Brew,Regular,0% (ไม่หวาน),105,2,210,10.5,199.5,TrueMoney Wallet,7,4
TXN-2026-0018,2026-02-08,16:33,บ่าย (14:00-16:59),อาทิตย์,วันหยุด (Weekend),CUST-036,ปิกาจู,Platinum,ไม่ระบุ,Gen Z (18-25),สาขาสยามสแควร์,ซื้อกลับ (Takeaway),Coffee,Iced Cafe Latte,Regular,50% (หวานน้อย),85,1,85,12.75,72.25,เงินสด,2,5
TXN-2026-0019,2026-01-27,14:43,บ่าย (14:00-16:59),อังคาร,วันธรรมดา (Weekday),CUST-017,โมริ โคโกโร่,Regular,ชาย,Gen X (41-55),สาขาอารีย์,หน้าร้าน (Dine-in),Non-Coffee,Thai Milk Tea Special,Regular,50% (หวานน้อย),70,1,70,0.0,70.0,เงินสด,2,5
TXN-2026-0019,2026-01-27,14:43,บ่าย (14:00-16:59),อังคาร,วันธรรมดา (Weekday),CUST-017,โมริ โคโกโร่,Regular,ชาย,Gen X (41-55),สาขาอารีย์,หน้าร้าน (Dine-in),Coffee,Iced Americano,Large,25% (หวานน้อยมาก),90,1,90,0.0,90.0,เงินสด,3,5
TXN-2026-0020,2026-03-12,16:00,บ่าย (14:00-16:59),พฤหัสบดี,วันธรรมดา (Weekday),CUST-045,บลูม่า,Platinum,หญิง,Gen X (41-55),สาขาลาดพร้าว,ซื้อกลับ (Takeaway),Coffee,Iced Caramel Macchiato,Regular,50% (หวานน้อย),95,1,95,14.25,80.75,TrueMoney Wallet,3,5
TXN-2026-0021,2026-01-06,18:43,เย็น (17:00-20:30),อังคาร,วันธรรมดา (Weekday),CUST-007,โรโรโนอา โซโร,Silver,ชาย,Gen Y (26-40),สาขาสยามสแควร์,ซื้อกลับ (Takeaway),Non-Coffee,Uji Matcha Latte,Regular,100% (หวานปกติ),95,1,95,4.75,90.25,TrueMoney Wallet,3,2
TXN-2026-0021,2026-01-06,18:43,เย็น (17:00-20:30),อังคาร,วันธรรมดา (Weekday),CUST-007,โรโรโนอา โซโร,Silver,ชาย,Gen Y (26-40),สาขาสยามสแควร์,ซื้อกลับ (Takeaway),Coffee,Signature Cold Brew,Regular,0% (ไม่หวาน),105,1,105,5.25,99.75,TrueMoney Wallet,3,2
TXN-2026-0022,2026-02-22,16:51,บ่าย (14:00-16:59),อาทิตย์,วันหยุด (Weekend),CUST-011,นิโค โรบิน,Platinum,หญิง,Gen X (41-55),สาขาทองหล่อ,หน้าร้าน (Dine-in),Bakery,Chocolate Truffle Croffle,Standard,-,110,1,110,16.5,93.5,TrueMoney Wallet,3,4
TXN-2026-0023,2026-01-30,08:25,เช้า (07:00-10:59),ศุกร์,วันธรรมดา (Weekday),CUST-005,ไจแอนท์,Silver,ชาย,Gen Y (26-40),สาขาลาดพร้าว,หน้าร้าน (Dine-in),Merchandise,Anime Tumbler 500ml,Standard,-,390,1,390,19.5,370.5,บัตรเครดิต,14,5
TXN-2026-0023,2026-01-30,08:25,เช้า (07:00-10:59),ศุกร์,วันธรรมดา (Weekday),CUST-005,ไจแอนท์,Silver,ชาย,Gen Y (26-40),สาขาลาดพร้าว,หน้าร้าน (Dine-in),Non-Coffee,Peach Sparking Soda,Large,0% (ไม่หวาน),95,1,95,4.75,90.25,บัตรเครดิต,3,5
TXN-2026-0023,2026-01-30,08:25,เช้า (07:00-10:59),ศุกร์,วันธรรมดา (Weekday),CUST-005,ไจแอนท์,Silver,ชาย,Gen Y (26-40),สาขาลาดพร้าว,หน้าร้าน (Dine-in),Coffee,Espresso (Single/Double),Regular,0% (ไม่หวาน),65,1,65,3.25,61.75,บัตรเครดิต,2,5
TXN-2026-0023,2026-01-30,08:25,เช้า (07:00-10:59),ศุกร์,วันธรรมดา (Weekday),CUST-005,ไจแอนท์,Silver,ชาย,Gen Y (26-40),สาขาลาดพร้าว,หน้าร้าน (Dine-in),Coffee,Iced Cafe Latte,Large,100% (หวานปกติ),100,1,100,5.0,95.0,บัตรเครดิต,3,5
TXN-2026-0024,2026-03-07,08:16,เช้า (07:00-10:59),เสาร์,วันหยุด (Weekend),CUST-028,อากาสึมะ เซ็นอิตสึ,Regular,ชาย,Gen Z (18-25),สาขาสยามสแควร์,เดลิเวอรี่ (Delivery),Coffee,Dirty Coffee,Regular,0% (ไม่หวาน),90,2,180,0.0,180.0,บัตรเครดิต,7,4
TXN-2026-0024,2026-03-07,08:16,เช้า (07:00-10:59),เสาร์,วันหยุด (Weekend),CUST-028,อากาสึมะ เซ็นอิตสึ,Regular,ชาย,Gen Z (18-25),สาขาสยามสแควร์,เดลิเวอรี่ (Delivery),Non-Coffee,Hojicha Roasted Tea,Large,50% (หวานน้อย),105,1,105,0.0,105.0,บัตรเครดิต,4,4
TXN-2026-0025,2026-01-16,15:32,บ่าย (14:00-16:59),ศุกร์,วันธรรมดา (Weekday),CUST-027,คามาโดะ เนซึโกะ,Gold,หญิง,Gen Z (18-25),สาขาสยามสแควร์,ซื้อกลับ (Takeaway),Bakery,Butter Croissant,Standard,-,75,1,75,7.5,67.5,บัตรเครดิต,2,5
TXN-2026-0025,2026-01-16,15:32,บ่าย (14:00-16:59),ศุกร์,วันธรรมดา (Weekday),CUST-027,คามาโดะ เนซึโกะ,Gold,หญิง,Gen Z (18-25),สาขาสยามสแควร์,ซื้อกลับ (Takeaway),Coffee,Signature Cold Brew,Regular,0% (ไม่หวาน),105,1,105,10.5,94.5,บัตรเครดิต,3,5
TXN-2026-0026,2026-01-27,13:38,กลางวัน (11:00-13:59),อังคาร,วันธรรมดา (Weekday),CUST-030,เร็นโกคุ เคียวจูโร่,Platinum,ชาย,Gen Y (26-40),สาขาอารีย์,ซื้อกลับ (Takeaway),Coffee,Signature Cold Brew,Regular,0% (ไม่หวาน),105,1,105,15.75,89.25,บัตรเครดิต,3,4
TXN-2026-0026,2026-01-27,13:38,กลางวัน (11:00-13:59),อังคาร,วันธรรมดา (Weekday),CUST-030,เร็นโกคุ เคียวจูโร่,Platinum,ชาย,Gen Y (26-40),สาขาอารีย์,ซื้อกลับ (Takeaway),Coffee,Hot Cafe Latte,Regular,50% (หวานน้อย),80,1,80,12.0,68.0,บัตรเครดิต,2,4
TXN-2026-0026,2026-01-27,13:38,กลางวัน (11:00-13:59),อังคาร,วันธรรมดา (Weekday),CUST-030,เร็นโกคุ เคียวจูโร่,Platinum,ชาย,Gen Y (26-40),สาขาอารีย์,ซื้อกลับ (Takeaway),Non-Coffee,Dark Cocoa Extreme,Regular,25% (หวานน้อยมาก),85,1,85,12.75,72.25,บัตรเครดิต,2,4
TXN-2026-0026,2026-01-27,13:38,กลางวัน (11:00-13:59),อังคาร,วันธรรมดา (Weekday),CUST-030,เร็นโกคุ เคียวจูโร่,Platinum,ชาย,Gen Y (26-40),สาขาอารีย์,ซื้อกลับ (Takeaway),Non-Coffee,Peach Sparking Soda,Regular,100% (หวานปกติ),80,1,80,12.0,68.0,บัตรเครดิต,2,4
TXN-2026-0027,2026-01-10,13:36,กลางวัน (11:00-13:59),เสาร์,วันหยุด (Weekend),CUST-045,บลูม่า,Platinum,หญิง,Gen X (41-55),สาขาอารีย์,หน้าร้าน (Dine-in),Coffee,Iced Cafe Latte,Regular,100% (หวานปกติ),85,1,85,12.75,72.25,QR PromptPay,2,4
TXN-2026-0027,2026-01-10,13:36,กลางวัน (11:00-13:59),เสาร์,วันหยุด (Weekend),CUST-045,บลูม่า,Platinum,หญิง,Gen X (41-55),สาขาอารีย์,หน้าร้าน (Dine-in),Bakery,Almond Cream Croissant,Standard,-,95,2,190,28.5,161.5,QR PromptPay,6,4
TXN-2026-0027,2026-01-10,13:36,กลางวัน (11:00-13:59),เสาร์,วันหยุด (Weekend),CUST-045,บลูม่า,Platinum,หญิง,Gen X (41-55),สาขาอารีย์,หน้าร้าน (Dine-in),Non-Coffee,Uji Matcha Latte,Regular,100% (หวานปกติ),95,1,95,14.25,80.75,QR PromptPay,3,4
TXN-2026-0028,2026-03-01,16:38,บ่าย (14:00-16:59),อาทิตย์,วันหยุด (Weekend),CUST-049,คิริโตะ,Gold,ชาย,Gen Z (18-25),สาขาลาดพร้าว,ซื้อกลับ (Takeaway),Merchandise,Anime Tumbler 500ml,Standard,-,390,1,390,39.0,351.0,บัตรเครดิต,14,5
TXN-2026-0028,2026-03-01,16:38,บ่าย (14:00-16:59),อาทิตย์,วันหยุด (Weekend),CUST-049,คิริโตะ,Gold,ชาย,Gen Z (18-25),สาขาลาดพร้าว,ซื้อกลับ (Takeaway),Bakery,Chocolate Truffle Croffle,Standard,-,110,1,110,11.0,99.0,บัตรเครดิต,3,5
TXN-2026-0029,2026-02-01,15:49,บ่าย (14:00-16:59),อาทิตย์,วันหยุด (Weekend),CUST-032,อุจิวะ ซาสึเกะ,Silver,ชาย,Gen Y (26-40),สาขาทองหล่อ,หน้าร้าน (Dine-in),Non-Coffee,Peach Sparking Soda,Regular,25% (หวานน้อยมาก),80,1,80,4.0,76.0,QR PromptPay,3,5
TXN-2026-0030,2026-02-19,16:13,บ่าย (14:00-16:59),พฤหัสบดี,วันธรรมดา (Weekday),CUST-027,คามาโดะ เนซึโกะ,Gold,หญิง,Gen Z (18-25),สาขาสยามสแควร์,ซื้อกลับ (Takeaway),Merchandise,House Blend Beans 250g,Standard,-,280,2,560,56.0,504.0,QR PromptPay,20,4
TXN-2026-0031,2026-03-15,11:22,กลางวัน (11:00-13:59),อาทิตย์,วันหยุด (Weekend),CUST-025,คูกิซากิ โนบาระ,Gold,หญิง,Gen Z (18-25),สาขาลาดพร้าว,เดลิเวอรี่ (Delivery),Non-Coffee,Uji Matcha Latte,Regular,50% (หวานน้อย),95,1,95,9.5,85.5,QR PromptPay,3,4
TXN-2026-0031,2026-03-15,11:22,กลางวัน (11:00-13:59),อาทิตย์,วันหยุด (Weekend),CUST-025,คูกิซากิ โนบาระ,Gold,หญิง,Gen Z (18-25),สาขาลาดพร้าว,เดลิเวอรี่ (Delivery),Bakery,Basque Burnt Cheesecake,Standard,-,125,1,125,12.5,112.5,QR PromptPay,4,4
TXN-2026-0032,2026-03-27,15:46,บ่าย (14:00-16:59),ศุกร์,วันธรรมดา (Weekday),CUST-030,เร็นโกคุ เคียวจูโร่,Platinum,ชาย,Gen Y (26-40),สาขาลาดพร้าว,เดลิเวอรี่ (Delivery),Coffee,Espresso (Single/Double),Regular,0% (ไม่หวาน),65,1,65,9.75,55.25,บัตรเครดิต,2,3
TXN-2026-0032,2026-03-27,15:46,บ่าย (14:00-16:59),ศุกร์,วันธรรมดา (Weekday),CUST-030,เร็นโกคุ เคียวจูโร่,Platinum,ชาย,Gen Y (26-40),สาขาลาดพร้าว,เดลิเวอรี่ (Delivery),Coffee,Hot Cafe Latte,Regular,25% (หวานน้อยมาก),80,1,80,12.0,68.0,บัตรเครดิต,2,3
TXN-2026-0033,2026-02-18,12:20,กลางวัน (11:00-13:59),พุธ,วันธรรมดา (Weekday),CUST-025,คูกิซากิ โนบาระ,Gold,หญิง,Gen Z (18-25),สาขาสยามสแควร์,เดลิเวอรี่ (Delivery),Merchandise,Anime Tumbler 500ml,Standard,-,390,2,780,78.0,702.0,QR PromptPay,28,4
TXN-2026-0034,2026-02-14,07:49,เช้า (07:00-10:59),เสาร์,วันหยุด (Weekend),GUEST,ลูกค้าทั่วไป (Walk-in),Non-Member,ชาย,Gen Z (18-25),สาขาลาดพร้าว,หน้าร้าน (Dine-in),Coffee,Iced Cafe Latte,Regular,100% (หวานปกติ),85,1,85,0.0,85.0,QR PromptPay,0,5
TXN-2026-0035,2026-02-17,07:49,เช้า (07:00-10:59),อังคาร,วันธรรมดา (Weekday),CUST-020,มิซาเอะ,Gold,หญิง,Gen X (41-55),สาขาสยามสแควร์,หน้าร้าน (Dine-in),Bakery,Butter Croissant,Standard,-,75,1,75,7.5,67.5,QR PromptPay,2,4
TXN-2026-0035,2026-02-17,07:49,เช้า (07:00-10:59),อังคาร,วันธรรมดา (Weekday),CUST-020,มิซาเอะ,Gold,หญิง,Gen X (41-55),สาขาสยามสแควร์,หน้าร้าน (Dine-in),Coffee,Dirty Coffee,Regular,0% (ไม่หวาน),90,1,90,9.0,81.0,QR PromptPay,3,4
TXN-2026-0035,2026-02-17,07:49,เช้า (07:00-10:59),อังคาร,วันธรรมดา (Weekday),CUST-020,มิซาเอะ,Gold,หญิง,Gen X (41-55),สาขาสยามสแควร์,หน้าร้าน (Dine-in),Coffee,Hot Cafe Latte,Regular,50% (หวานน้อย),80,1,80,8.0,72.0,QR PromptPay,2,4
TXN-2026-0035,2026-02-17,07:49,เช้า (07:00-10:59),อังคาร,วันธรรมดา (Weekday),CUST-020,มิซาเอะ,Gold,หญิง,Gen X (41-55),สาขาสยามสแควร์,หน้าร้าน (Dine-in),Non-Coffee,Uji Matcha Latte,Large,0% (ไม่หวาน),110,1,110,11.0,99.0,QR PromptPay,3,4
TXN-2026-0036,2026-02-13,10:52,เช้า (07:00-10:59),ศุกร์,วันธรรมดา (Weekday),CUST-028,อากาสึมะ เซ็นอิตสึ,Regular,ชาย,Gen Z (18-25),สาขาลาดพร้าว,ซื้อกลับ (Takeaway),Bakery,Carrot Walnut Cake,Standard,-,115,1,115,0.0,115.0,TrueMoney Wallet,4,4
TXN-2026-0037,2026-03-10,15:27,บ่าย (14:00-16:59),อังคาร,วันธรรมดา (Weekday),CUST-038,เซเลอร์มูน (อุซางิ),Gold,หญิง,Gen Y (26-40),สาขาสยามสแควร์,เดลิเวอรี่ (Delivery),Non-Coffee,Uji Matcha Latte,Large,0% (ไม่หวาน),110,1,110,11.0,99.0,TrueMoney Wallet,3,5
TXN-2026-0037,2026-03-10,15:27,บ่าย (14:00-16:59),อังคาร,วันธรรมดา (Weekday),CUST-038,เซเลอร์มูน (อุซางิ),Gold,หญิง,Gen Y (26-40),สาขาสยามสแควร์,เดลิเวอรี่ (Delivery),Bakery,Chocolate Truffle Croffle,Standard,-,110,1,110,11.0,99.0,TrueMoney Wallet,3,5
TXN-2026-0037,2026-03-10,15:27,บ่าย (14:00-16:59),อังคาร,วันธรรมดา (Weekday),CUST-038,เซเลอร์มูน (อุซางิ),Gold,หญิง,Gen Y (26-40),สาขาสยามสแควร์,เดลิเวอรี่ (Delivery),Bakery,Butter Croissant,Standard,-,75,1,75,7.5,67.5,TrueMoney Wallet,2,5
TXN-2026-0038,2026-02-03,13:44,กลางวัน (11:00-13:59),อังคาร,วันธรรมดา (Weekday),GUEST,ลูกค้าทั่วไป (Walk-in),Non-Member,ไม่ระบุ,Gen Z (18-25),สาขาอารีย์,หน้าร้าน (Dine-in),Non-Coffee,Uji Matcha Latte,Large,100% (หวานปกติ),110,1,110,0.0,110.0,QR PromptPay,0,5
TXN-2026-0038,2026-02-03,13:44,กลางวัน (11:00-13:59),อังคาร,วันธรรมดา (Weekday),GUEST,ลูกค้าทั่วไป (Walk-in),Non-Member,ไม่ระบุ,Gen Z (18-25),สาขาอารีย์,หน้าร้าน (Dine-in),Bakery,Basque Burnt Cheesecake,Standard,-,125,1,125,0.0,125.0,QR PromptPay,0,5
TXN-2026-0039,2026-02-21,15:42,บ่าย (14:00-16:59),เสาร์,วันหยุด (Weekend),CUST-031,อุซึมากิ นารูโตะ,Gold,ชาย,Gen Y (26-40),สาขาอารีย์,หน้าร้าน (Dine-in),Bakery,Chocolate Truffle Croffle,Standard,-,110,1,110,11.0,99.0,เงินสด,3,5
TXN-2026-0040,2026-01-30,08:20,เช้า (07:00-10:59),ศุกร์,วันธรรมดา (Weekday),CUST-035,ฮิวงะ ฮินาตะ,Gold,หญิง,Gen Y (26-40),สาขาลาดพร้าว,ซื้อกลับ (Takeaway),Merchandise,House Blend Beans 250g,Standard,-,280,2,560,56.0,504.0,QR PromptPay,20,4
TXN-2026-0041,2026-01-25,09:11,เช้า (07:00-10:59),อาทิตย์,วันหยุด (Weekend),CUST-046,เอเรน เยเกอร์,Regular,ชาย,Gen Z (18-25),สาขาอารีย์,หน้าร้าน (Dine-in),Coffee,Iced Caramel Macchiato,Regular,0% (ไม่หวาน),95,1,95,0.0,95.0,เงินสด,3,5
TXN-2026-0041,2026-01-25,09:11,เช้า (07:00-10:59),อาทิตย์,วันหยุด (Weekend),CUST-046,เอเรน เยเกอร์,Regular,ชาย,Gen Z (18-25),สาขาอารีย์,หน้าร้าน (Dine-in),Bakery,Basque Burnt Cheesecake,Standard,-,125,1,125,0.0,125.0,เงินสด,5,5
TXN-2026-0042,2026-02-13,07:16,เช้า (07:00-10:59),ศุกร์,วันธรรมดา (Weekday),GUEST,ลูกค้าทั่วไป (Walk-in),Non-Member,หญิง,Gen Z (18-25),สาขาทองหล่อ,หน้าร้าน (Dine-in),Coffee,Iced Caramel Macchiato,Large,0% (ไม่หวาน),110,2,220,0.0,220.0,QR PromptPay,0,5
TXN-2026-0043,2026-01-16,12:38,กลางวัน (11:00-13:59),ศุกร์,วันธรรมดา (Weekday),CUST-040,โทโทโร่,Platinum,ไม่ระบุ,Gen X (41-55),สาขาสยามสแควร์,ซื้อกลับ (Takeaway),Bakery,Almond Cream Croissant,Standard,-,95,2,190,28.5,161.5,QR PromptPay,6,5
TXN-2026-0043,2026-01-16,12:38,กลางวัน (11:00-13:59),ศุกร์,วันธรรมดา (Weekday),CUST-040,โทโทโร่,Platinum,ไม่ระบุ,Gen X (41-55),สาขาสยามสแควร์,ซื้อกลับ (Takeaway),Non-Coffee,Dark Cocoa Extreme,Regular,25% (หวานน้อยมาก),85,1,85,12.75,72.25,QR PromptPay,2,5
TXN-2026-0043,2026-01-16,12:38,กลางวัน (11:00-13:59),ศุกร์,วันธรรมดา (Weekday),CUST-040,โทโทโร่,Platinum,ไม่ระบุ,Gen X (41-55),สาขาสยามสแควร์,ซื้อกลับ (Takeaway),Coffee,Iced Americano,Regular,25% (หวานน้อยมาก),75,1,75,11.25,63.75,QR PromptPay,2,5
TXN-2026-0044,2026-03-12,07:26,เช้า (07:00-10:59),พฤหัสบดี,วันธรรมดา (Weekday),CUST-039,หน้ากากทักซิโด้,Platinum,ชาย,Gen Y (26-40),สาขาอารีย์,หน้าร้าน (Dine-in),Coffee,Hot Cafe Latte,Regular,100% (หวานปกติ),80,1,80,12.0,68.0,QR PromptPay,2,5
TXN-2026-0044,2026-03-12,07:26,เช้า (07:00-10:59),พฤหัสบดี,วันธรรมดา (Weekday),CUST-039,หน้ากากทักซิโด้,Platinum,ชาย,Gen Y (26-40),สาขาอารีย์,หน้าร้าน (Dine-in),Non-Coffee,Uji Matcha Latte,Regular,25% (หวานน้อยมาก),95,2,190,28.5,161.5,QR PromptPay,6,5
TXN-2026-0044,2026-03-12,07:26,เช้า (07:00-10:59),พฤหัสบดี,วันธรรมดา (Weekday),CUST-039,หน้ากากทักซิโด้,Platinum,ชาย,Gen Y (26-40),สาขาอารีย์,หน้าร้าน (Dine-in),Non-Coffee,Thai Milk Tea Special,Regular,0% (ไม่หวาน),70,1,70,10.5,59.5,QR PromptPay,2,5
TXN-2026-0045,2026-02-09,13:58,กลางวัน (11:00-13:59),จันทร์,วันธรรมดา (Weekday),CUST-008,นามิ,Platinum,หญิง,Gen Y (26-40),สาขาอารีย์,หน้าร้าน (Dine-in),Bakery,Chocolate Truffle Croffle,Standard,-,110,2,220,33.0,187.0,QR PromptPay,7,5
TXN-2026-0045,2026-02-09,13:58,กลางวัน (11:00-13:59),จันทร์,วันธรรมดา (Weekday),CUST-008,นามิ,Platinum,หญิง,Gen Y (26-40),สาขาอารีย์,หน้าร้าน (Dine-in),Coffee,Hot Cafe Latte,Regular,50% (หวานน้อย),80,1,80,12.0,68.0,QR PromptPay,2,5
TXN-2026-0046,2026-01-30,17:48,เย็น (17:00-20:30),ศุกร์,วันธรรมดา (Weekday),CUST-018,ไฮบาระ ไอ,Gold,หญิง,Gen Z (18-25),สาขาอารีย์,ซื้อกลับ (Takeaway),Non-Coffee,Thai Milk Tea Special,Regular,100% (หวานปกติ),70,1,70,7.0,63.0,QR PromptPay,2,5
TXN-2026-0047,2026-03-04,20:22,เย็น (17:00-20:30),พุธ,วันธรรมดา (Weekday),CUST-021,ฮิโรชิ,Silver,ชาย,Gen X (41-55),สาขาทองหล่อ,เดลิเวอรี่ (Delivery),Bakery,Butter Croissant,Standard,-,75,1,75,3.75,71.25,QR PromptPay,2,4
TXN-2026-0048,2026-02-10,07:49,เช้า (07:00-10:59),อังคาร,วันธรรมดา (Weekday),CUST-033,ฮารุโนะ ซากุระ,Silver,หญิง,Gen Y (26-40),สาขาทองหล่อ,หน้าร้าน (Dine-in),Bakery,Carrot Walnut Cake,Standard,-,115,1,115,5.75,109.25,TrueMoney Wallet,4,5
TXN-2026-0049,2026-03-05,14:13,บ่าย (14:00-16:59),พฤหัสบดี,วันธรรมดา (Weekday),CUST-009,ซันจิ,Gold,ชาย,Gen Y (26-40),สาขาลาดพร้าว,ซื้อกลับ (Takeaway),Non-Coffee,Uji Matcha Latte,Large,0% (ไม่หวาน),110,1,110,11.0,99.0,บัตรเครดิต,3,5
TXN-2026-0049,2026-03-05,14:13,บ่าย (14:00-16:59),พฤหัสบดี,วันธรรมดา (Weekday),CUST-009,ซันจิ,Gold,ชาย,Gen Y (26-40),สาขาลาดพร้าว,ซื้อกลับ (Takeaway),Coffee,Signature Cold Brew,Regular,0% (ไม่หวาน),105,1,105,10.5,94.5,บัตรเครดิต,3,5
TXN-2026-0049,2026-03-05,14:13,บ่าย (14:00-16:59),พฤหัสบดี,วันธรรมดา (Weekday),CUST-009,ซันจิ,Gold,ชาย,Gen Y (26-40),สาขาลาดพร้าว,ซื้อกลับ (Takeaway),Non-Coffee,Dark Cocoa Extreme,Regular,25% (หวานน้อยมาก),85,1,85,8.5,76.5,บัตรเครดิต,3,5
TXN-2026-0049,2026-03-05,14:13,บ่าย (14:00-16:59),พฤหัสบดี,วันธรรมดา (Weekday),CUST-009,ซันจิ,Gold,ชาย,Gen Y (26-40),สาขาลาดพร้าว,ซื้อกลับ (Takeaway),Coffee,Espresso (Single/Double),Regular,0% (ไม่หวาน),65,1,65,6.5,58.5,บัตรเครดิต,2,5
TXN-2026-0050,2026-02-04,12:30,กลางวัน (11:00-13:59),พุธ,วันธรรมดา (Weekday),CUST-036,ปิกาจู,Platinum,ไม่ระบุ,Gen Z (18-25),สาขาสยามสแควร์,หน้าร้าน (Dine-in),Coffee,Hot Cafe Latte,Regular,100% (หวานปกติ),80,1,80,12.0,68.0,บัตรเครดิต,2,4
TXN-2026-0051,2026-03-06,07:18,เช้า (07:00-10:59),ศุกร์,วันธรรมดา (Weekday),CUST-038,เซเลอร์มูน (อุซางิ),Gold,หญิง,Gen Y (26-40),สาขาอารีย์,ซื้อกลับ (Takeaway),Non-Coffee,Peach Sparking Soda,Large,100% (หวานปกติ),95,2,190,19.0,171.0,TrueMoney Wallet,6,5
TXN-2026-0052,2026-01-25,18:36,เย็น (17:00-20:30),อาทิตย์,วันหยุด (Weekend),CUST-050,อาสึนะ,Platinum,หญิง,Gen Z (18-25),สาขาอารีย์,หน้าร้าน (Dine-in),Coffee,Iced Caramel Macchiato,Large,0% (ไม่หวาน),110,1,110,16.5,93.5,QR PromptPay,3,3
TXN-2026-0053,2026-03-17,11:55,กลางวัน (11:00-13:59),อังคาร,วันธรรมดา (Weekday),CUST-007,โรโรโนอา โซโร,Silver,ชาย,Gen Y (26-40),สาขาอารีย์,ซื้อกลับ (Takeaway),Coffee,Iced Caramel Macchiato,Large,50% (หวานน้อย),110,1,110,5.5,104.5,บัตรเครดิต,4,5
TXN-2026-0053,2026-03-17,11:55,กลางวัน (11:00-13:59),อังคาร,วันธรรมดา (Weekday),CUST-007,โรโรโนอา โซโร,Silver,ชาย,Gen Y (26-40),สาขาอารีย์,ซื้อกลับ (Takeaway),Coffee,Hot Cafe Latte,Regular,0% (ไม่หวาน),80,2,160,8.0,152.0,บัตรเครดิต,6,5
TXN-2026-0054,2026-03-28,15:20,บ่าย (14:00-16:59),เสาร์,วันหยุด (Weekend),CUST-049,คิริโตะ,Gold,ชาย,Gen Z (18-25),สาขาอารีย์,ซื้อกลับ (Takeaway),Non-Coffee,Dark Cocoa Extreme,Regular,100% (หวานปกติ),85,2,170,17.0,153.0,บัตรเครดิต,6,5
TXN-2026-0054,2026-03-28,15:20,บ่าย (14:00-16:59),เสาร์,วันหยุด (Weekend),CUST-049,คิริโตะ,Gold,ชาย,Gen Z (18-25),สาขาอารีย์,ซื้อกลับ (Takeaway),Non-Coffee,Uji Matcha Latte,Regular,100% (หวานปกติ),95,1,95,9.5,85.5,บัตรเครดิต,3,5
TXN-2026-0055,2026-02-08,17:20,เย็น (17:00-20:30),อาทิตย์,วันหยุด (Weekend),CUST-019,ชินจัง (โนฮาระ ชินโนะสุเกะ),Regular,ชาย,Gen Z (18-25),สาขาสยามสแควร์,ซื้อกลับ (Takeaway),Coffee,Signature Cold Brew,Regular,0% (ไม่หวาน),105,1,105,0.0,105.0,QR PromptPay,4,5
TXN-2026-0055,2026-02-08,17:20,เย็น (17:00-20:30),อาทิตย์,วันหยุด (Weekend),CUST-019,ชินจัง (โนฮาระ ชินโนะสุเกะ),Regular,ชาย,Gen Z (18-25),สาขาสยามสแควร์,ซื้อกลับ (Takeaway),Merchandise,House Blend Beans 250g,Standard,-,280,1,280,0.0,280.0,QR PromptPay,11,5
TXN-2026-0056,2026-01-31,13:09,กลางวัน (11:00-13:59),เสาร์,วันหยุด (Weekend),CUST-041,จิฮิโระ,Regular,หญิง,Gen Z (18-25),สาขาสยามสแควร์,หน้าร้าน (Dine-in),Merchandise,Anime Tumbler 500ml,Standard,-,390,2,780,0.0,780.0,QR PromptPay,31,4
TXN-2026-0056,2026-01-31,13:09,กลางวัน (11:00-13:59),เสาร์,วันหยุด (Weekend),CUST-041,จิฮิโระ,Regular,หญิง,Gen Z (18-25),สาขาสยามสแควร์,หน้าร้าน (Dine-in),Coffee,Signature Cold Brew,Regular,0% (ไม่หวาน),105,1,105,0.0,105.0,QR PromptPay,4,4
TXN-2026-0056,2026-01-31,13:09,กลางวัน (11:00-13:59),เสาร์,วันหยุด (Weekend),CUST-041,จิฮิโระ,Regular,หญิง,Gen Z (18-25),สาขาสยามสแควร์,หน้าร้าน (Dine-in),Coffee,Hot Cafe Latte,Regular,50% (หวานน้อย),80,1,80,0.0,80.0,QR PromptPay,3,4
TXN-2026-0057,2026-02-08,10:54,เช้า (07:00-10:59),อาทิตย์,วันหยุด (Weekend),CUST-016,โมริ รัน,Silver,หญิง,Gen Z (18-25),สาขาอารีย์,หน้าร้าน (Dine-in),Bakery,Butter Croissant,Standard,-,75,1,75,3.75,71.25,QR PromptPay,2,4
TXN-2026-0058,2026-03-29,14:58,บ่าย (14:00-16:59),อาทิตย์,วันหยุด (Weekend),CUST-032,อุจิวะ ซาสึเกะ,Silver,ชาย,Gen Y (26-40),สาขาทองหล่อ,เดลิเวอรี่ (Delivery),Non-Coffee,Uji Matcha Latte,Large,25% (หวานน้อยมาก),110,1,110,5.5,104.5,TrueMoney Wallet,4,5
TXN-2026-0058,2026-03-29,14:58,บ่าย (14:00-16:59),อาทิตย์,วันหยุด (Weekend),CUST-032,อุจิวะ ซาสึเกะ,Silver,ชาย,Gen Y (26-40),สาขาทองหล่อ,เดลิเวอรี่ (Delivery),Coffee,Dirty Coffee,Regular,50% (หวานน้อย),90,1,90,4.5,85.5,TrueMoney Wallet,3,5
TXN-2026-0059,2026-01-05,13:08,กลางวัน (11:00-13:59),จันทร์,วันธรรมดา (Weekday),CUST-019,ชินจัง (โนฮาระ ชินโนะสุเกะ),Regular,ชาย,Gen Z (18-25),สาขาสยามสแควร์,หน้าร้าน (Dine-in),Non-Coffee,Hojicha Roasted Tea,Large,25% (หวานน้อยมาก),105,1,105,0.0,105.0,QR PromptPay,4,4
TXN-2026-0059,2026-01-05,13:08,กลางวัน (11:00-13:59),จันทร์,วันธรรมดา (Weekday),CUST-019,ชินจัง (โนฮาระ ชินโนะสุเกะ),Regular,ชาย,Gen Z (18-25),สาขาสยามสแควร์,หน้าร้าน (Dine-in),Bakery,Carrot Walnut Cake,Standard,-,115,2,230,0.0,230.0,QR PromptPay,9,4
TXN-2026-0059,2026-01-05,13:08,กลางวัน (11:00-13:59),จันทร์,วันธรรมดา (Weekday),CUST-019,ชินจัง (โนฮาระ ชินโนะสุเกะ),Regular,ชาย,Gen Z (18-25),สาขาสยามสแควร์,หน้าร้าน (Dine-in),Merchandise,Anime Tumbler 500ml,Standard,-,390,1,390,0.0,390.0,QR PromptPay,15,4
TXN-2026-0060,2026-02-13,15:04,บ่าย (14:00-16:59),ศุกร์,วันธรรมดา (Weekday),CUST-015,เอโดงาวะ โคนัน,Silver,ชาย,Gen Z (18-25),สาขาลาดพร้าว,ซื้อกลับ (Takeaway),Non-Coffee,Hojicha Roasted Tea,Large,0% (ไม่หวาน),105,1,105,5.25,99.75,เงินสด,3,2
TXN-2026-0060,2026-02-13,15:04,บ่าย (14:00-16:59),ศุกร์,วันธรรมดา (Weekday),CUST-015,เอโดงาวะ โคนัน,Silver,ชาย,Gen Z (18-25),สาขาลาดพร้าว,ซื้อกลับ (Takeaway),Coffee,Hot Cafe Latte,Regular,100% (หวานปกติ),80,1,80,4.0,76.0,เงินสด,3,2
TXN-2026-0061,2026-03-28,10:52,เช้า (07:00-10:59),เสาร์,วันหยุด (Weekend),CUST-024,ฟุชิงุโระ เมกุมิ,Silver,ชาย,Gen Z (18-25),สาขาสยามสแควร์,หน้าร้าน (Dine-in),Non-Coffee,Uji Matcha Latte,Large,50% (หวานน้อย),110,1,110,5.5,104.5,QR PromptPay,4,4
TXN-2026-0061,2026-03-28,10:52,เช้า (07:00-10:59),เสาร์,วันหยุด (Weekend),CUST-024,ฟุชิงุโระ เมกุมิ,Silver,ชาย,Gen Z (18-25),สาขาสยามสแควร์,หน้าร้าน (Dine-in),Coffee,Hot Cafe Latte,Regular,25% (หวานน้อยมาก),80,1,80,4.0,76.0,QR PromptPay,3,4
TXN-2026-0062,2026-01-05,10:07,เช้า (07:00-10:59),จันทร์,วันธรรมดา (Weekday),CUST-035,ฮิวงะ ฮินาตะ,Gold,หญิง,Gen Y (26-40),สาขาสยามสแควร์,ซื้อกลับ (Takeaway),Bakery,Almond Cream Croissant,Standard,-,95,2,190,19.0,171.0,บัตรเครดิต,6,4
TXN-2026-0062,2026-01-05,10:07,เช้า (07:00-10:59),จันทร์,วันธรรมดา (Weekday),CUST-035,ฮิวงะ ฮินาตะ,Gold,หญิง,Gen Y (26-40),สาขาสยามสแควร์,ซื้อกลับ (Takeaway),Coffee,Iced Caramel Macchiato,Large,50% (หวานน้อย),110,1,110,11.0,99.0,บัตรเครดิต,3,4
TXN-2026-0062,2026-01-05,10:07,เช้า (07:00-10:59),จันทร์,วันธรรมดา (Weekday),CUST-035,ฮิวงะ ฮินาตะ,Gold,หญิง,Gen Y (26-40),สาขาสยามสแควร์,ซื้อกลับ (Takeaway),Merchandise,House Blend Beans 250g,Standard,-,280,1,280,28.0,252.0,บัตรเครดิต,10,4
TXN-2026-0063,2026-02-26,19:06,เย็น (17:00-20:30),พฤหัสบดี,วันธรรมดา (Weekday),GUEST,ลูกค้าทั่วไป (Walk-in),Non-Member,หญิง,Gen X (41-55),สาขาลาดพร้าว,ซื้อกลับ (Takeaway),Bakery,Chocolate Truffle Croffle,Standard,-,110,1,110,0.0,110.0,QR PromptPay,0,5
TXN-2026-0063,2026-02-26,19:06,เย็น (17:00-20:30),พฤหัสบดี,วันธรรมดา (Weekday),GUEST,ลูกค้าทั่วไป (Walk-in),Non-Member,หญิง,Gen X (41-55),สาขาลาดพร้าว,ซื้อกลับ (Takeaway),Coffee,Hot Cafe Latte,Regular,25% (หวานน้อยมาก),80,1,80,0.0,80.0,QR PromptPay,0,5
TXN-2026-0063,2026-02-26,19:06,เย็น (17:00-20:30),พฤหัสบดี,วันธรรมดา (Weekday),GUEST,ลูกค้าทั่วไป (Walk-in),Non-Member,หญิง,Gen X (41-55),สาขาลาดพร้าว,ซื้อกลับ (Takeaway),Coffee,Dirty Coffee,Regular,0% (ไม่หวาน),90,2,180,0.0,180.0,QR PromptPay,0,5
TXN-2026-0063,2026-02-26,19:06,เย็น (17:00-20:30),พฤหัสบดี,วันธรรมดา (Weekday),GUEST,ลูกค้าทั่วไป (Walk-in),Non-Member,หญิง,Gen X (41-55),สาขาลาดพร้าว,ซื้อกลับ (Takeaway),Coffee,Espresso (Single/Double),Regular,0% (ไม่หวาน),65,1,65,0.0,65.0,QR PromptPay,0,5
TXN-2026-0064,2026-01-30,11:50,กลางวัน (11:00-13:59),ศุกร์,วันธรรมดา (Weekday),GUEST,ลูกค้าทั่วไป (Walk-in),Non-Member,ชาย,Gen Y (26-40),สาขาลาดพร้าว,หน้าร้าน (Dine-in),Coffee,Espresso (Single/Double),Regular,0% (ไม่หวาน),65,1,65,0.0,65.0,QR PromptPay,0,5
TXN-2026-0065,2026-01-31,11:11,กลางวัน (11:00-13:59),เสาร์,วันหยุด (Weekend),CUST-009,ซันจิ,Gold,ชาย,Gen Y (26-40),สาขาทองหล่อ,ซื้อกลับ (Takeaway),Bakery,Carrot Walnut Cake,Standard,-,115,1,115,11.5,103.5,บัตรเครดิต,4,5
TXN-2026-0065,2026-01-31,11:11,กลางวัน (11:00-13:59),เสาร์,วันหยุด (Weekend),CUST-009,ซันจิ,Gold,ชาย,Gen Y (26-40),สาขาทองหล่อ,ซื้อกลับ (Takeaway),Coffee,Iced Cafe Latte,Regular,50% (หวานน้อย),85,1,85,8.5,76.5,บัตรเครดิต,3,5
TXN-2026-0066,2026-01-04,10:54,เช้า (07:00-10:59),อาทิตย์,วันหยุด (Weekend),CUST-044,เบจิต้า,Platinum,ชาย,Gen X (41-55),สาขาสยามสแควร์,ซื้อกลับ (Takeaway),Coffee,Iced Caramel Macchiato,Regular,25% (หวานน้อยมาก),95,1,95,14.25,80.75,QR PromptPay,3,4
TXN-2026-0067,2026-03-23,13:20,กลางวัน (11:00-13:59),จันทร์,วันธรรมดา (Weekday),CUST-039,หน้ากากทักซิโด้,Platinum,ชาย,Gen Y (26-40),สาขาอารีย์,ซื้อกลับ (Takeaway),Merchandise,Anime Tumbler 500ml,Standard,-,390,1,390,58.5,331.5,บัตรเครดิต,13,5
TXN-2026-0067,2026-03-23,13:20,กลางวัน (11:00-13:59),จันทร์,วันธรรมดา (Weekday),CUST-039,หน้ากากทักซิโด้,Platinum,ชาย,Gen Y (26-40),สาขาอารีย์,ซื้อกลับ (Takeaway),Coffee,Dirty Coffee,Regular,100% (หวานปกติ),90,1,90,13.5,76.5,บัตรเครดิต,3,5
TXN-2026-0068,2026-02-28,13:06,กลางวัน (11:00-13:59),เสาร์,วันหยุด (Weekend),CUST-021,ฮิโรชิ,Silver,ชาย,Gen X (41-55),สาขาทองหล่อ,หน้าร้าน (Dine-in),Coffee,Hot Cafe Latte,Regular,100% (หวานปกติ),80,1,80,4.0,76.0,QR PromptPay,3,3
TXN-2026-0069,2026-02-17,16:03,บ่าย (14:00-16:59),อังคาร,วันธรรมดา (Weekday),CUST-036,ปิกาจู,Platinum,ไม่ระบุ,Gen Z (18-25),สาขาอารีย์,ซื้อกลับ (Takeaway),Bakery,Almond Cream Croissant,Standard,-,95,1,95,14.25,80.75,QR PromptPay,3,4
TXN-2026-0069,2026-02-17,16:03,บ่าย (14:00-16:59),อังคาร,วันธรรมดา (Weekday),CUST-036,ปิกาจู,Platinum,ไม่ระบุ,Gen Z (18-25),สาขาอารีย์,ซื้อกลับ (Takeaway),Coffee,Iced Americano,Regular,25% (หวานน้อยมาก),75,1,75,11.25,63.75,QR PromptPay,2,4
TXN-2026-0069,2026-02-17,16:03,บ่าย (14:00-16:59),อังคาร,วันธรรมดา (Weekday),CUST-036,ปิกาจู,Platinum,ไม่ระบุ,Gen Z (18-25),สาขาอารีย์,ซื้อกลับ (Takeaway),Non-Coffee,Dark Cocoa Extreme,Regular,0% (ไม่หวาน),85,1,85,12.75,72.25,QR PromptPay,2,4
TXN-2026-0070,2026-03-13,12:36,กลางวัน (11:00-13:59),ศุกร์,วันธรรมดา (Weekday),CUST-028,อากาสึมะ เซ็นอิตสึ,Regular,ชาย,Gen Z (18-25),สาขาลาดพร้าว,เดลิเวอรี่ (Delivery),Coffee,Espresso (Single/Double),Regular,0% (ไม่หวาน),65,1,65,0.0,65.0,TrueMoney Wallet,2,5
TXN-2026-0070,2026-03-13,12:36,กลางวัน (11:00-13:59),ศุกร์,วันธรรมดา (Weekday),CUST-028,อากาสึมะ เซ็นอิตสึ,Regular,ชาย,Gen Z (18-25),สาขาลาดพร้าว,เดลิเวอรี่ (Delivery),Non-Coffee,Thai Milk Tea Special,Large,50% (หวานน้อย),85,1,85,0.0,85.0,TrueMoney Wallet,3,5
TXN-2026-0071,2026-01-24,20:04,เย็น (17:00-20:30),เสาร์,วันหยุด (Weekend),CUST-041,จิฮิโระ,Regular,หญิง,Gen Z (18-25),สาขาลาดพร้าว,หน้าร้าน (Dine-in),Coffee,Signature Cold Brew,Regular,0% (ไม่หวาน),105,1,105,0.0,105.0,บัตรเครดิต,4,5
TXN-2026-0072,2026-02-11,16:38,บ่าย (14:00-16:59),พุธ,วันธรรมดา (Weekday),CUST-004,ซูเนโอะ,Platinum,ชาย,Gen Y (26-40),สาขาสยามสแควร์,ซื้อกลับ (Takeaway),Bakery,Almond Cream Croissant,Standard,-,95,1,95,14.25,80.75,QR PromptPay,3,5
TXN-2026-0073,2026-02-23,07:22,เช้า (07:00-10:59),จันทร์,วันธรรมดา (Weekday),CUST-019,ชินจัง (โนฮาระ ชินโนะสุเกะ),Regular,ชาย,Gen Z (18-25),สาขาทองหล่อ,ซื้อกลับ (Takeaway),Coffee,Iced Americano,Regular,25% (หวานน้อยมาก),75,1,75,0.0,75.0,บัตรเครดิต,3,5
TXN-2026-0074,2026-01-28,15:18,บ่าย (14:00-16:59),พุธ,วันธรรมดา (Weekday),CUST-001,โดราเอมอน,Platinum,ชาย,Gen Y (26-40),สาขาอารีย์,ซื้อกลับ (Takeaway),Merchandise,Anime Tumbler 500ml,Standard,-,390,1,390,58.5,331.5,QR PromptPay,13,5
TXN-2026-0075,2026-01-06,12:58,กลางวัน (11:00-13:59),อังคาร,วันธรรมดา (Weekday),CUST-021,ฮิโรชิ,Silver,ชาย,Gen X (41-55),สาขาอารีย์,ซื้อกลับ (Takeaway),Coffee,Espresso (Single/Double),Regular,0% (ไม่หวาน),65,1,65,3.25,61.75,บัตรเครดิต,2,5
TXN-2026-0076,2026-03-21,13:58,กลางวัน (11:00-13:59),เสาร์,วันหยุด (Weekend),CUST-028,อากาสึมะ เซ็นอิตสึ,Regular,ชาย,Gen Z (18-25),สาขาลาดพร้าว,หน้าร้าน (Dine-in),Non-Coffee,Dark Cocoa Extreme,Large,25% (หวานน้อยมาก),100,1,100,0.0,100.0,บัตรเครดิต,4,5
TXN-2026-0077,2026-01-22,07:33,เช้า (07:00-10:59),พฤหัสบดี,วันธรรมดา (Weekday),CUST-050,อาสึนะ,Platinum,หญิง,Gen Z (18-25),สาขาสยามสแควร์,ซื้อกลับ (Takeaway),Coffee,Iced Caramel Macchiato,Large,25% (หวานน้อยมาก),110,1,110,16.5,93.5,TrueMoney Wallet,3,4
TXN-2026-0078,2026-01-20,16:04,บ่าย (14:00-16:59),อังคาร,วันธรรมดา (Weekday),CUST-050,อาสึนะ,Platinum,หญิง,Gen Z (18-25),สาขาทองหล่อ,ซื้อกลับ (Takeaway),Merchandise,House Blend Beans 250g,Standard,-,280,1,280,42.0,238.0,บัตรเครดิต,9,5
TXN-2026-0078,2026-01-20,16:04,บ่าย (14:00-16:59),อังคาร,วันธรรมดา (Weekday),CUST-050,อาสึนะ,Platinum,หญิง,Gen Z (18-25),สาขาทองหล่อ,ซื้อกลับ (Takeaway),Non-Coffee,Peach Sparking Soda,Regular,100% (หวานปกติ),80,1,80,12.0,68.0,บัตรเครดิต,2,5
TXN-2026-0079,2026-02-08,16:03,บ่าย (14:00-16:59),อาทิตย์,วันหยุด (Weekend),CUST-005,ไจแอนท์,Silver,ชาย,Gen Y (26-40),สาขาสยามสแควร์,ซื้อกลับ (Takeaway),Coffee,Hot Cafe Latte,Regular,100% (หวานปกติ),80,1,80,4.0,76.0,QR PromptPay,3,4
TXN-2026-0080,2026-01-06,13:41,กลางวัน (11:00-13:59),อังคาร,วันธรรมดา (Weekday),CUST-039,หน้ากากทักซิโด้,Platinum,ชาย,Gen Y (26-40),สาขาอารีย์,หน้าร้าน (Dine-in),Non-Coffee,Peach Sparking Soda,Regular,0% (ไม่หวาน),80,1,80,12.0,68.0,QR PromptPay,2,5
TXN-2026-0080,2026-01-06,13:41,กลางวัน (11:00-13:59),อังคาร,วันธรรมดา (Weekday),CUST-039,หน้ากากทักซิโด้,Platinum,ชาย,Gen Y (26-40),สาขาอารีย์,หน้าร้าน (Dine-in),Coffee,Hot Cafe Latte,Regular,100% (หวานปกติ),80,1,80,12.0,68.0,QR PromptPay,2,5
TXN-2026-0080,2026-01-06,13:41,กลางวัน (11:00-13:59),อังคาร,วันธรรมดา (Weekday),CUST-039,หน้ากากทักซิโด้,Platinum,ชาย,Gen Y (26-40),สาขาอารีย์,หน้าร้าน (Dine-in),Bakery,Carrot Walnut Cake,Standard,-,115,1,115,17.25,97.75,QR PromptPay,3,5
TXN-2026-0081,2026-02-06,12:43,กลางวัน (11:00-13:59),ศุกร์,วันธรรมดา (Weekday),CUST-041,จิฮิโระ,Regular,หญิง,Gen Z (18-25),สาขาทองหล่อ,หน้าร้าน (Dine-in),Coffee,Iced Caramel Macchiato,Large,0% (ไม่หวาน),110,1,110,0.0,110.0,QR PromptPay,4,4
TXN-2026-0082,2026-01-19,19:41,เย็น (17:00-20:30),จันทร์,วันธรรมดา (Weekday),CUST-026,คามาโดะ ทันจิโร่,Silver,ชาย,Gen Z (18-25),สาขาสยามสแควร์,ซื้อกลับ (Takeaway),Non-Coffee,Peach Sparking Soda,Regular,100% (หวานปกติ),80,1,80,4.0,76.0,QR PromptPay,3,5
TXN-2026-0082,2026-01-19,19:41,เย็น (17:00-20:30),จันทร์,วันธรรมดา (Weekday),CUST-026,คามาโดะ ทันจิโร่,Silver,ชาย,Gen Z (18-25),สาขาสยามสแควร์,ซื้อกลับ (Takeaway),Coffee,Iced Caramel Macchiato,Regular,50% (หวานน้อย),95,1,95,4.75,90.25,QR PromptPay,3,5
TXN-2026-0083,2026-01-28,12:12,กลางวัน (11:00-13:59),พุธ,วันธรรมดา (Weekday),CUST-009,ซันจิ,Gold,ชาย,Gen Y (26-40),สาขาสยามสแควร์,หน้าร้าน (Dine-in),Bakery,Carrot Walnut Cake,Standard,-,115,2,230,23.0,207.0,TrueMoney Wallet,8,5
TXN-2026-0083,2026-01-28,12:12,กลางวัน (11:00-13:59),พุธ,วันธรรมดา (Weekday),CUST-009,ซันจิ,Gold,ชาย,Gen Y (26-40),สาขาสยามสแควร์,หน้าร้าน (Dine-in),Coffee,Iced Americano,Regular,100% (หวานปกติ),75,1,75,7.5,67.5,TrueMoney Wallet,2,5
TXN-2026-0084,2026-01-24,16:51,บ่าย (14:00-16:59),เสาร์,วันหยุด (Weekend),GUEST,ลูกค้าทั่วไป (Walk-in),Non-Member,ไม่ระบุ,Gen Y (26-40),สาขาสยามสแควร์,หน้าร้าน (Dine-in),Bakery,Chocolate Truffle Croffle,Standard,-,110,1,110,0.0,110.0,บัตรเครดิต,0,2
TXN-2026-0084,2026-01-24,16:51,บ่าย (14:00-16:59),เสาร์,วันหยุด (Weekend),GUEST,ลูกค้าทั่วไป (Walk-in),Non-Member,ไม่ระบุ,Gen Y (26-40),สาขาสยามสแควร์,หน้าร้าน (Dine-in),Non-Coffee,Uji Matcha Latte,Large,25% (หวานน้อยมาก),110,1,110,0.0,110.0,บัตรเครดิต,0,2
TXN-2026-0085,2026-03-15,20:49,เย็น (17:00-20:30),อาทิตย์,วันหยุด (Weekend),CUST-025,คูกิซากิ โนบาระ,Gold,หญิง,Gen Z (18-25),สาขาอารีย์,หน้าร้าน (Dine-in),Non-Coffee,Thai Milk Tea Special,Large,50% (หวานน้อย),85,1,85,8.5,76.5,QR PromptPay,3,5
TXN-2026-0085,2026-03-15,20:49,เย็น (17:00-20:30),อาทิตย์,วันหยุด (Weekend),CUST-025,คูกิซากิ โนบาระ,Gold,หญิง,Gen Z (18-25),สาขาอารีย์,หน้าร้าน (Dine-in),Coffee,Iced Americano,Regular,0% (ไม่หวาน),75,1,75,7.5,67.5,QR PromptPay,2,5
TXN-2026-0086,2026-01-21,08:53,เช้า (07:00-10:59),พุธ,วันธรรมดา (Weekday),CUST-015,เอโดงาวะ โคนัน,Silver,ชาย,Gen Z (18-25),สาขาทองหล่อ,เดลิเวอรี่ (Delivery),Non-Coffee,Hojicha Roasted Tea,Regular,100% (หวานปกติ),90,2,180,9.0,171.0,เงินสด,6,5
TXN-2026-0087,2026-02-17,09:59,เช้า (07:00-10:59),อังคาร,วันธรรมดา (Weekday),CUST-046,เอเรน เยเกอร์,Regular,ชาย,Gen Z (18-25),สาขาทองหล่อ,ซื้อกลับ (Takeaway),Coffee,Iced Caramel Macchiato,Large,0% (ไม่หวาน),110,2,220,0.0,220.0,QR PromptPay,8,5
TXN-2026-0087,2026-02-17,09:59,เช้า (07:00-10:59),อังคาร,วันธรรมดา (Weekday),CUST-046,เอเรน เยเกอร์,Regular,ชาย,Gen Z (18-25),สาขาทองหล่อ,ซื้อกลับ (Takeaway),Bakery,Basque Burnt Cheesecake,Standard,-,125,1,125,0.0,125.0,QR PromptPay,5,5
TXN-2026-0088,2026-01-20,13:38,กลางวัน (11:00-13:59),อังคาร,วันธรรมดา (Weekday),CUST-008,นามิ,Platinum,หญิง,Gen Y (26-40),สาขาทองหล่อ,หน้าร้าน (Dine-in),Bakery,Chocolate Truffle Croffle,Standard,-,110,2,220,33.0,187.0,QR PromptPay,7,5
TXN-2026-0088,2026-01-20,13:38,กลางวัน (11:00-13:59),อังคาร,วันธรรมดา (Weekday),CUST-008,นามิ,Platinum,หญิง,Gen Y (26-40),สาขาทองหล่อ,หน้าร้าน (Dine-in),Coffee,Hot Cafe Latte,Regular,0% (ไม่หวาน),80,1,80,12.0,68.0,QR PromptPay,2,5
TXN-2026-0089,2026-03-15,08:18,เช้า (07:00-10:59),อาทิตย์,วันหยุด (Weekend),CUST-040,โทโทโร่,Platinum,ไม่ระบุ,Gen X (41-55),สาขาสยามสแควร์,ซื้อกลับ (Takeaway),Non-Coffee,Hojicha Roasted Tea,Regular,100% (หวานปกติ),90,2,180,27.0,153.0,QR PromptPay,6,4
TXN-2026-0089,2026-03-15,08:18,เช้า (07:00-10:59),อาทิตย์,วันหยุด (Weekend),CUST-040,โทโทโร่,Platinum,ไม่ระบุ,Gen X (41-55),สาขาสยามสแควร์,ซื้อกลับ (Takeaway),Coffee,Hot Cafe Latte,Regular,100% (หวานปกติ),80,2,160,24.0,136.0,QR PromptPay,5,4
TXN-2026-0090,2026-02-02,15:50,บ่าย (14:00-16:59),จันทร์,วันธรรมดา (Weekday),CUST-016,โมริ รัน,Silver,หญิง,Gen Z (18-25),สาขาทองหล่อ,ซื้อกลับ (Takeaway),Coffee,Iced Americano,Large,50% (หวานน้อย),90,1,90,4.5,85.5,TrueMoney Wallet,3,4
TXN-2026-0091,2026-01-23,16:29,บ่าย (14:00-16:59),ศุกร์,วันธรรมดา (Weekday),GUEST,ลูกค้าทั่วไป (Walk-in),Non-Member,หญิง,Gen X (41-55),สาขาสยามสแควร์,หน้าร้าน (Dine-in),Coffee,Dirty Coffee,Regular,25% (หวานน้อยมาก),90,2,180,0.0,180.0,บัตรเครดิต,0,3
TXN-2026-0092,2026-02-10,20:52,เย็น (17:00-20:30),อังคาร,วันธรรมดา (Weekday),CUST-017,โมริ โคโกโร่,Regular,ชาย,Gen X (41-55),สาขาสยามสแควร์,ซื้อกลับ (Takeaway),Non-Coffee,Peach Sparking Soda,Large,0% (ไม่หวาน),95,1,95,0.0,95.0,QR PromptPay,3,4
TXN-2026-0093,2026-02-25,20:57,เย็น (17:00-20:30),พุธ,วันธรรมดา (Weekday),GUEST,ลูกค้าทั่วไป (Walk-in),Non-Member,หญิง,Gen Z (18-25),สาขาอารีย์,ซื้อกลับ (Takeaway),Bakery,Almond Cream Croissant,Standard,-,95,1,95,0.0,95.0,เงินสด,0,5
TXN-2026-0093,2026-02-25,20:57,เย็น (17:00-20:30),พุธ,วันธรรมดา (Weekday),GUEST,ลูกค้าทั่วไป (Walk-in),Non-Member,หญิง,Gen Z (18-25),สาขาอารีย์,ซื้อกลับ (Takeaway),Coffee,Hot Cafe Latte,Regular,50% (หวานน้อย),80,1,80,0.0,80.0,เงินสด,0,5
TXN-2026-0094,2026-01-11,12:19,กลางวัน (11:00-13:59),อาทิตย์,วันหยุด (Weekend),CUST-046,เอเรน เยเกอร์,Regular,ชาย,Gen Z (18-25),สาขาอารีย์,ซื้อกลับ (Takeaway),Non-Coffee,Hojicha Roasted Tea,Regular,0% (ไม่หวาน),90,1,90,0.0,90.0,QR PromptPay,3,5
TXN-2026-0094,2026-01-11,12:19,กลางวัน (11:00-13:59),อาทิตย์,วันหยุด (Weekend),CUST-046,เอเรน เยเกอร์,Regular,ชาย,Gen Z (18-25),สาขาอารีย์,ซื้อกลับ (Takeaway),Bakery,Almond Cream Croissant,Standard,-,95,1,95,0.0,95.0,QR PromptPay,3,5
TXN-2026-0094,2026-01-11,12:19,กลางวัน (11:00-13:59),อาทิตย์,วันหยุด (Weekend),CUST-046,เอเรน เยเกอร์,Regular,ชาย,Gen Z (18-25),สาขาอารีย์,ซื้อกลับ (Takeaway),Non-Coffee,Thai Milk Tea Special,Regular,0% (ไม่หวาน),70,1,70,0.0,70.0,QR PromptPay,2,5
TXN-2026-0095,2026-03-19,15:02,บ่าย (14:00-16:59),พฤหัสบดี,วันธรรมดา (Weekday),CUST-016,โมริ รัน,Silver,หญิง,Gen Z (18-25),สาขาทองหล่อ,หน้าร้าน (Dine-in),Bakery,Chocolate Truffle Croffle,Standard,-,110,1,110,5.5,104.5,QR PromptPay,4,5
TXN-2026-0095,2026-03-19,15:02,บ่าย (14:00-16:59),พฤหัสบดี,วันธรรมดา (Weekday),CUST-016,โมริ รัน,Silver,หญิง,Gen Z (18-25),สาขาทองหล่อ,หน้าร้าน (Dine-in),Non-Coffee,Hojicha Roasted Tea,Regular,25% (หวานน้อยมาก),90,1,90,4.5,85.5,QR PromptPay,3,5
TXN-2026-0096,2026-02-20,09:15,เช้า (07:00-10:59),ศุกร์,วันธรรมดา (Weekday),GUEST,ลูกค้าทั่วไป (Walk-in),Non-Member,ชาย,Gen X (41-55),สาขาสยามสแควร์,ซื้อกลับ (Takeaway),Bakery,Chocolate Truffle Croffle,Standard,-,110,1,110,0.0,110.0,เงินสด,0,5
TXN-2026-0096,2026-02-20,09:15,เช้า (07:00-10:59),ศุกร์,วันธรรมดา (Weekday),GUEST,ลูกค้าทั่วไป (Walk-in),Non-Member,ชาย,Gen X (41-55),สาขาสยามสแควร์,ซื้อกลับ (Takeaway),Coffee,Dirty Coffee,Regular,25% (หวานน้อยมาก),90,1,90,0.0,90.0,เงินสด,0,5
TXN-2026-0097,2026-01-10,13:28,กลางวัน (11:00-13:59),เสาร์,วันหยุด (Weekend),GUEST,ลูกค้าทั่วไป (Walk-in),Non-Member,ไม่ระบุ,Gen Y (26-40),สาขาทองหล่อ,ซื้อกลับ (Takeaway),Coffee,Signature Cold Brew,Regular,0% (ไม่หวาน),105,1,105,0.0,105.0,บัตรเครดิต,0,5
TXN-2026-0098,2026-03-07,08:50,เช้า (07:00-10:59),เสาร์,วันหยุด (Weekend),CUST-032,อุจิวะ ซาสึเกะ,Silver,ชาย,Gen Y (26-40),สาขาสยามสแควร์,ซื้อกลับ (Takeaway),Coffee,Hot Cafe Latte,Regular,100% (หวานปกติ),80,2,160,8.0,152.0,QR PromptPay,6,4
TXN-2026-0098,2026-03-07,08:50,เช้า (07:00-10:59),เสาร์,วันหยุด (Weekend),CUST-032,อุจิวะ ซาสึเกะ,Silver,ชาย,Gen Y (26-40),สาขาสยามสแควร์,ซื้อกลับ (Takeaway),Merchandise,House Blend Beans 250g,Standard,-,280,1,280,14.0,266.0,QR PromptPay,10,4
TXN-2026-0099,2026-02-22,14:08,บ่าย (14:00-16:59),อาทิตย์,วันหยุด (Weekend),GUEST,ลูกค้าทั่วไป (Walk-in),Non-Member,ไม่ระบุ,Gen Z (18-25),สาขาอารีย์,ซื้อกลับ (Takeaway),Merchandise,House Blend Beans 250g,Standard,-,280,1,280,0.0,280.0,QR PromptPay,0,4
TXN-2026-0099,2026-02-22,14:08,บ่าย (14:00-16:59),อาทิตย์,วันหยุด (Weekend),GUEST,ลูกค้าทั่วไป (Walk-in),Non-Member,ไม่ระบุ,Gen Z (18-25),สาขาอารีย์,ซื้อกลับ (Takeaway),Coffee,Signature Cold Brew,Regular,0% (ไม่หวาน),105,2,210,0.0,210.0,QR PromptPay,0,4
TXN-2026-0100,2026-03-08,08:10,เช้า (07:00-10:59),อาทิตย์,วันหยุด (Weekend),CUST-046,เอเรน เยเกอร์,Regular,ชาย,Gen Z (18-25),สาขาสยามสแควร์,เดลิเวอรี่ (Delivery),Coffee,Dirty Coffee,Regular,25% (หวานน้อยมาก),90,1,90,0.0,90.0,บัตรเครดิต,3,5
TXN-2026-0101,2026-03-20,13:41,กลางวัน (11:00-13:59),ศุกร์,วันธรรมดา (Weekday),CUST-038,เซเลอร์มูน (อุซางิ),Gold,หญิง,Gen Y (26-40),สาขาสยามสแควร์,ซื้อกลับ (Takeaway),Merchandise,House Blend Beans 250g,Standard,-,280,1,280,28.0,252.0,บัตรเครดิต,10,5
TXN-2026-0101,2026-03-20,13:41,กลางวัน (11:00-13:59),ศุกร์,วันธรรมดา (Weekday),CUST-038,เซเลอร์มูน (อุซางิ),Gold,หญิง,Gen Y (26-40),สาขาสยามสแควร์,ซื้อกลับ (Takeaway),Coffee,Iced Americano,Large,25% (หวานน้อยมาก),90,1,90,9.0,81.0,บัตรเครดิต,3,5
TXN-2026-0101,2026-03-20,13:41,กลางวัน (11:00-13:59),ศุกร์,วันธรรมดา (Weekday),CUST-038,เซเลอร์มูน (อุซางิ),Gold,หญิง,Gen Y (26-40),สาขาสยามสแควร์,ซื้อกลับ (Takeaway),Coffee,Espresso (Single/Double),Regular,0% (ไม่หวาน),65,1,65,6.5,58.5,บัตรเครดิต,2,5
TXN-2026-0102,2026-01-04,13:34,กลางวัน (11:00-13:59),อาทิตย์,วันหยุด (Weekend),CUST-020,มิซาเอะ,Gold,หญิง,Gen X (41-55),สาขาอารีย์,เดลิเวอรี่ (Delivery),Coffee,Iced Americano,Regular,100% (หวานปกติ),75,1,75,7.5,67.5,บัตรเครดิต,2,5
TXN-2026-0103,2026-03-01,08:20,เช้า (07:00-10:59),อาทิตย์,วันหยุด (Weekend),GUEST,ลูกค้าทั่วไป (Walk-in),Non-Member,หญิง,Gen X (41-55),สาขาลาดพร้าว,หน้าร้าน (Dine-in),Coffee,Iced Cafe Latte,Large,25% (หวานน้อยมาก),100,1,100,0.0,100.0,QR PromptPay,0,4
TXN-2026-0104,2026-02-04,11:06,กลางวัน (11:00-13:59),พุธ,วันธรรมดา (Weekday),CUST-025,คูกิซากิ โนบาระ,Gold,หญิง,Gen Z (18-25),สาขาลาดพร้าว,หน้าร้าน (Dine-in),Merchandise,House Blend Beans 250g,Standard,-,280,1,280,28.0,252.0,เงินสด,10,3
TXN-2026-0104,2026-02-04,11:06,กลางวัน (11:00-13:59),พุธ,วันธรรมดา (Weekday),CUST-025,คูกิซากิ โนบาระ,Gold,หญิง,Gen Z (18-25),สาขาลาดพร้าว,หน้าร้าน (Dine-in),Non-Coffee,Peach Sparking Soda,Large,100% (หวานปกติ),95,1,95,9.5,85.5,เงินสด,3,3
TXN-2026-0105,2026-02-09,11:25,กลางวัน (11:00-13:59),จันทร์,วันธรรมดา (Weekday),CUST-016,โมริ รัน,Silver,หญิง,Gen Z (18-25),สาขาสยามสแควร์,หน้าร้าน (Dine-in),Bakery,Basque Burnt Cheesecake,Standard,-,125,1,125,6.25,118.75,QR PromptPay,4,5
TXN-2026-0105,2026-02-09,11:25,กลางวัน (11:00-13:59),จันทร์,วันธรรมดา (Weekday),CUST-016,โมริ รัน,Silver,หญิง,Gen Z (18-25),สาขาสยามสแควร์,หน้าร้าน (Dine-in),Non-Coffee,Dark Cocoa Extreme,Large,50% (หวานน้อย),100,1,100,5.0,95.0,QR PromptPay,3,5
TXN-2026-0105,2026-02-09,11:25,กลางวัน (11:00-13:59),จันทร์,วันธรรมดา (Weekday),CUST-016,โมริ รัน,Silver,หญิง,Gen Z (18-25),สาขาสยามสแควร์,หน้าร้าน (Dine-in),Coffee,Espresso (Single/Double),Regular,0% (ไม่หวาน),65,1,65,3.25,61.75,QR PromptPay,2,5
TXN-2026-0106,2026-01-07,11:23,กลางวัน (11:00-13:59),พุธ,วันธรรมดา (Weekday),CUST-005,ไจแอนท์,Silver,ชาย,Gen Y (26-40),สาขาอารีย์,ซื้อกลับ (Takeaway),Coffee,Iced Cafe Latte,Regular,100% (หวานปกติ),85,1,85,4.25,80.75,บัตรเครดิต,3,4
TXN-2026-0106,2026-01-07,11:23,กลางวัน (11:00-13:59),พุธ,วันธรรมดา (Weekday),CUST-005,ไจแอนท์,Silver,ชาย,Gen Y (26-40),สาขาอารีย์,ซื้อกลับ (Takeaway),Coffee,Iced Caramel Macchiato,Large,50% (หวานน้อย),110,1,110,5.5,104.5,บัตรเครดิต,4,4
TXN-2026-0107,2026-01-26,15:32,บ่าย (14:00-16:59),จันทร์,วันธรรมดา (Weekday),CUST-003,ชิซุกะ,Gold,หญิง,Gen Z (18-25),สาขาสยามสแควร์,หน้าร้าน (Dine-in),Bakery,Carrot Walnut Cake,Standard,-,115,2,230,23.0,207.0,QR PromptPay,8,5
TXN-2026-0107,2026-01-26,15:32,บ่าย (14:00-16:59),จันทร์,วันธรรมดา (Weekday),CUST-003,ชิซุกะ,Gold,หญิง,Gen Z (18-25),สาขาสยามสแควร์,หน้าร้าน (Dine-in),Coffee,Iced Caramel Macchiato,Large,25% (หวานน้อยมาก),110,1,110,11.0,99.0,QR PromptPay,3,5
TXN-2026-0108,2026-03-20,15:37,บ่าย (14:00-16:59),ศุกร์,วันธรรมดา (Weekday),CUST-033,ฮารุโนะ ซากุระ,Silver,หญิง,Gen Y (26-40),สาขาอารีย์,ซื้อกลับ (Takeaway),Coffee,Iced Cafe Latte,Large,50% (หวานน้อย),100,1,100,5.0,95.0,QR PromptPay,3,4
TXN-2026-0109,2026-03-30,16:30,บ่าย (14:00-16:59),จันทร์,วันธรรมดา (Weekday),CUST-042,ฮากุ,Silver,ชาย,Gen Z (18-25),สาขาทองหล่อ,ซื้อกลับ (Takeaway),Coffee,Signature Cold Brew,Regular,0% (ไม่หวาน),105,1,105,5.25,99.75,บัตรเครดิต,3,4
TXN-2026-0109,2026-03-30,16:30,บ่าย (14:00-16:59),จันทร์,วันธรรมดา (Weekday),CUST-042,ฮากุ,Silver,ชาย,Gen Z (18-25),สาขาทองหล่อ,ซื้อกลับ (Takeaway),Bakery,Carrot Walnut Cake,Standard,-,115,1,115,5.75,109.25,บัตรเครดิต,4,4
TXN-2026-0110,2026-03-31,07:28,เช้า (07:00-10:59),อังคาร,วันธรรมดา (Weekday),CUST-010,โทนี่ ช็อปเปอร์,Regular,ชาย,Gen Z (18-25),สาขาอารีย์,หน้าร้าน (Dine-in),Coffee,Iced Americano,Regular,25% (หวานน้อยมาก),75,1,75,0.0,75.0,บัตรเครดิต,3,5
TXN-2026-0111,2026-03-26,12:20,กลางวัน (11:00-13:59),พฤหัสบดี,วันธรรมดา (Weekday),GUEST,ลูกค้าทั่วไป (Walk-in),Non-Member,หญิง,Gen X (41-55),สาขาสยามสแควร์,หน้าร้าน (Dine-in),Non-Coffee,Thai Milk Tea Special,Regular,25% (หวานน้อยมาก),70,1,70,0.0,70.0,TrueMoney Wallet,0,4
TXN-2026-0111,2026-03-26,12:20,กลางวัน (11:00-13:59),พฤหัสบดี,วันธรรมดา (Weekday),GUEST,ลูกค้าทั่วไป (Walk-in),Non-Member,หญิง,Gen X (41-55),สาขาสยามสแควร์,หน้าร้าน (Dine-in),Bakery,Basque Burnt Cheesecake,Standard,-,125,1,125,0.0,125.0,TrueMoney Wallet,0,4
TXN-2026-0112,2026-02-08,16:13,บ่าย (14:00-16:59),อาทิตย์,วันหยุด (Weekend),CUST-032,อุจิวะ ซาสึเกะ,Silver,ชาย,Gen Y (26-40),สาขาสยามสแควร์,หน้าร้าน (Dine-in),Coffee,Iced Cafe Latte,Large,100% (หวานปกติ),100,1,100,5.0,95.0,เงินสด,3,4
TXN-2026-0113,2026-01-19,09:45,เช้า (07:00-10:59),จันทร์,วันธรรมดา (Weekday),CUST-029,ฮาชิบิระ อิโนะสุเกะ,Regular,ชาย,Gen Z (18-25),สาขาทองหล่อ,ซื้อกลับ (Takeaway),Merchandise,Anime Tumbler 500ml,Standard,-,390,1,390,0.0,390.0,QR PromptPay,15,4
TXN-2026-0114,2026-03-20,14:15,บ่าย (14:00-16:59),ศุกร์,วันธรรมดา (Weekday),CUST-034,ฮาตาเกะ คาคาชิ,Platinum,ชาย,Gen X (41-55),สาขาสยามสแควร์,หน้าร้าน (Dine-in),Coffee,Iced Caramel Macchiato,Regular,25% (หวานน้อยมาก),95,1,95,14.25,80.75,QR PromptPay,3,5
TXN-2026-0115,2026-03-02,11:48,กลางวัน (11:00-13:59),จันทร์,วันธรรมดา (Weekday),GUEST,ลูกค้าทั่วไป (Walk-in),Non-Member,หญิง,Gen Y (26-40),สาขาทองหล่อ,เดลิเวอรี่ (Delivery),Coffee,Iced Americano,Large,25% (หวานน้อยมาก),90,2,180,0.0,180.0,QR PromptPay,0,5
TXN-2026-0115,2026-03-02,11:48,กลางวัน (11:00-13:59),จันทร์,วันธรรมดา (Weekday),GUEST,ลูกค้าทั่วไป (Walk-in),Non-Member,หญิง,Gen Y (26-40),สาขาทองหล่อ,เดลิเวอรี่ (Delivery),Coffee,Signature Cold Brew,Regular,0% (ไม่หวาน),105,2,210,0.0,210.0,QR PromptPay,0,5
TXN-2026-0116,2026-02-20,14:59,บ่าย (14:00-16:59),ศุกร์,วันธรรมดา (Weekday),CUST-019,ชินจัง (โนฮาระ ชินโนะสุเกะ),Regular,ชาย,Gen Z (18-25),สาขาลาดพร้าว,หน้าร้าน (Dine-in),Non-Coffee,Dark Cocoa Extreme,Regular,100% (หวานปกติ),85,1,85,0.0,85.0,บัตรเครดิต,3,5
TXN-2026-0116,2026-02-20,14:59,บ่าย (14:00-16:59),ศุกร์,วันธรรมดา (Weekday),CUST-019,ชินจัง (โนฮาระ ชินโนะสุเกะ),Regular,ชาย,Gen Z (18-25),สาขาลาดพร้าว,หน้าร้าน (Dine-in),Bakery,Chocolate Truffle Croffle,Standard,-,110,1,110,0.0,110.0,บัตรเครดิต,4,5
TXN-2026-0116,2026-02-20,14:59,บ่าย (14:00-16:59),ศุกร์,วันธรรมดา (Weekday),CUST-019,ชินจัง (โนฮาระ ชินโนะสุเกะ),Regular,ชาย,Gen Z (18-25),สาขาลาดพร้าว,หน้าร้าน (Dine-in),Bakery,Carrot Walnut Cake,Standard,-,115,1,115,0.0,115.0,บัตรเครดิต,4,5
TXN-2026-0116,2026-02-20,14:59,บ่าย (14:00-16:59),ศุกร์,วันธรรมดา (Weekday),CUST-019,ชินจัง (โนฮาระ ชินโนะสุเกะ),Regular,ชาย,Gen Z (18-25),สาขาลาดพร้าว,หน้าร้าน (Dine-in),Bakery,Basque Burnt Cheesecake,Standard,-,125,1,125,0.0,125.0,บัตรเครดิต,5,5
TXN-2026-0117,2026-02-13,16:43,บ่าย (14:00-16:59),ศุกร์,วันธรรมดา (Weekday),CUST-012,อาเนีย ฟอร์เจอร์,Regular,หญิง,Gen Z (18-25),สาขาอารีย์,ซื้อกลับ (Takeaway),Bakery,Butter Croissant,Standard,-,75,1,75,0.0,75.0,QR PromptPay,3,5
TXN-2026-0118,2026-01-18,11:00,กลางวัน (11:00-13:59),อาทิตย์,วันหยุด (Weekend),CUST-016,โมริ รัน,Silver,หญิง,Gen Z (18-25),สาขาอารีย์,หน้าร้าน (Dine-in),Non-Coffee,Thai Milk Tea Special,Regular,0% (ไม่หวาน),70,1,70,3.5,66.5,QR PromptPay,2,5
TXN-2026-0118,2026-01-18,11:00,กลางวัน (11:00-13:59),อาทิตย์,วันหยุด (Weekend),CUST-016,โมริ รัน,Silver,หญิง,Gen Z (18-25),สาขาอารีย์,หน้าร้าน (Dine-in),Non-Coffee,Hojicha Roasted Tea,Large,50% (หวานน้อย),105,1,105,5.25,99.75,QR PromptPay,3,5
TXN-2026-0119,2026-03-29,13:49,กลางวัน (11:00-13:59),อาทิตย์,วันหยุด (Weekend),CUST-008,นามิ,Platinum,หญิง,Gen Y (26-40),สาขาทองหล่อ,เดลิเวอรี่ (Delivery),Bakery,Basque Burnt Cheesecake,Standard,-,125,1,125,18.75,106.25,QR PromptPay,4,5
TXN-2026-0119,2026-03-29,13:49,กลางวัน (11:00-13:59),อาทิตย์,วันหยุด (Weekend),CUST-008,นามิ,Platinum,หญิง,Gen Y (26-40),สาขาทองหล่อ,เดลิเวอรี่ (Delivery),Coffee,Iced Caramel Macchiato,Large,25% (หวานน้อยมาก),110,1,110,16.5,93.5,QR PromptPay,3,5
TXN-2026-0119,2026-03-29,13:49,กลางวัน (11:00-13:59),อาทิตย์,วันหยุด (Weekend),CUST-008,นามิ,Platinum,หญิง,Gen Y (26-40),สาขาทองหล่อ,เดลิเวอรี่ (Delivery),Bakery,Chocolate Truffle Croffle,Standard,-,110,1,110,16.5,93.5,QR PromptPay,3,5
TXN-2026-0119,2026-03-29,13:49,กลางวัน (11:00-13:59),อาทิตย์,วันหยุด (Weekend),CUST-008,นามิ,Platinum,หญิง,Gen Y (26-40),สาขาทองหล่อ,เดลิเวอรี่ (Delivery),Non-Coffee,Hojicha Roasted Tea,Large,0% (ไม่หวาน),105,2,210,31.5,178.5,QR PromptPay,7,5
TXN-2026-0120,2026-01-15,08:36,เช้า (07:00-10:59),พฤหัสบดี,วันธรรมดา (Weekday),CUST-011,นิโค โรบิน,Platinum,หญิง,Gen X (41-55),สาขาสยามสแควร์,ซื้อกลับ (Takeaway),Coffee,Hot Cafe Latte,Regular,0% (ไม่หวาน),80,1,80,12.0,68.0,QR PromptPay,2,5
TXN-2026-0120,2026-01-15,08:36,เช้า (07:00-10:59),พฤหัสบดี,วันธรรมดา (Weekday),CUST-011,นิโค โรบิน,Platinum,หญิง,Gen X (41-55),สาขาสยามสแควร์,ซื้อกลับ (Takeaway),Bakery,Carrot Walnut Cake,Standard,-,115,1,115,17.25,97.75,QR PromptPay,3,5
TXN-2026-0121,2026-01-08,13:51,กลางวัน (11:00-13:59),พฤหัสบดี,วันธรรมดา (Weekday),CUST-002,โนบิตะ,Regular,ชาย,Gen Z (18-25),สาขาอารีย์,เดลิเวอรี่ (Delivery),Non-Coffee,Hojicha Roasted Tea,Regular,0% (ไม่หวาน),90,2,180,0.0,180.0,บัตรเครดิต,7,5
TXN-2026-0122,2026-01-09,20:02,เย็น (17:00-20:30),ศุกร์,วันธรรมดา (Weekday),CUST-012,อาเนีย ฟอร์เจอร์,Regular,หญิง,Gen Z (18-25),สาขาทองหล่อ,ซื้อกลับ (Takeaway),Bakery,Butter Croissant,Standard,-,75,2,150,0.0,150.0,เงินสด,6,5
TXN-2026-0123,2026-02-18,13:42,กลางวัน (11:00-13:59),พุธ,วันธรรมดา (Weekday),GUEST,ลูกค้าทั่วไป (Walk-in),Non-Member,ชาย,Gen X (41-55),สาขาลาดพร้าว,หน้าร้าน (Dine-in),Non-Coffee,Uji Matcha Latte,Regular,0% (ไม่หวาน),95,2,190,0.0,190.0,เงินสด,0,5
TXN-2026-0124,2026-03-01,16:27,บ่าย (14:00-16:59),อาทิตย์,วันหยุด (Weekend),CUST-015,เอโดงาวะ โคนัน,Silver,ชาย,Gen Z (18-25),สาขาสยามสแควร์,หน้าร้าน (Dine-in),Coffee,Iced Cafe Latte,Large,0% (ไม่หวาน),100,1,100,5.0,95.0,QR PromptPay,3,3
TXN-2026-0124,2026-03-01,16:27,บ่าย (14:00-16:59),อาทิตย์,วันหยุด (Weekend),CUST-015,เอโดงาวะ โคนัน,Silver,ชาย,Gen Z (18-25),สาขาสยามสแควร์,หน้าร้าน (Dine-in),Coffee,Iced Americano,Regular,0% (ไม่หวาน),75,1,75,3.75,71.25,QR PromptPay,2,3
TXN-2026-0125,2026-02-27,13:55,กลางวัน (11:00-13:59),ศุกร์,วันธรรมดา (Weekday),CUST-048,รีไวล์ แอคเคอร์แมน,Platinum,ชาย,Gen Y (26-40),สาขาสยามสแควร์,ซื้อกลับ (Takeaway),Coffee,Iced Caramel Macchiato,Large,25% (หวานน้อยมาก),110,1,110,16.5,93.5,บัตรเครดิต,3,4
TXN-2026-0125,2026-02-27,13:55,กลางวัน (11:00-13:59),ศุกร์,วันธรรมดา (Weekday),CUST-048,รีไวล์ แอคเคอร์แมน,Platinum,ชาย,Gen Y (26-40),สาขาสยามสแควร์,ซื้อกลับ (Takeaway),Bakery,Carrot Walnut Cake,Standard,-,115,1,115,17.25,97.75,บัตรเครดิต,3,4
TXN-2026-0126,2026-03-28,14:19,บ่าย (14:00-16:59),เสาร์,วันหยุด (Weekend),GUEST,ลูกค้าทั่วไป (Walk-in),Non-Member,ไม่ระบุ,Gen X (41-55),สาขาสยามสแควร์,หน้าร้าน (Dine-in),Coffee,Signature Cold Brew,Regular,0% (ไม่หวาน),105,2,210,0.0,210.0,QR PromptPay,0,3
TXN-2026-0126,2026-03-28,14:19,บ่าย (14:00-16:59),เสาร์,วันหยุด (Weekend),GUEST,ลูกค้าทั่วไป (Walk-in),Non-Member,ไม่ระบุ,Gen X (41-55),สาขาสยามสแควร์,หน้าร้าน (Dine-in),Bakery,Almond Cream Croissant,Standard,-,95,1,95,0.0,95.0,QR PromptPay,0,3
TXN-2026-0126,2026-03-28,14:19,บ่าย (14:00-16:59),เสาร์,วันหยุด (Weekend),GUEST,ลูกค้าทั่วไป (Walk-in),Non-Member,ไม่ระบุ,Gen X (41-55),สาขาสยามสแควร์,หน้าร้าน (Dine-in),Bakery,Basque Burnt Cheesecake,Standard,-,125,1,125,0.0,125.0,QR PromptPay,0,3
TXN-2026-0127,2026-02-22,10:11,เช้า (07:00-10:59),อาทิตย์,วันหยุด (Weekend),CUST-031,อุซึมากิ นารูโตะ,Gold,ชาย,Gen Y (26-40),สาขาสยามสแควร์,หน้าร้าน (Dine-in),Coffee,Iced Americano,Large,100% (หวานปกติ),90,1,90,9.0,81.0,TrueMoney Wallet,3,5
TXN-2026-0128,2026-01-18,12:13,กลางวัน (11:00-13:59),อาทิตย์,วันหยุด (Weekend),CUST-006,มังกี้ ดี ลูฟี่,Gold,ชาย,Gen Z (18-25),สาขาลาดพร้าว,เดลิเวอรี่ (Delivery),Non-Coffee,Thai Milk Tea Special,Large,0% (ไม่หวาน),85,2,170,17.0,153.0,QR PromptPay,6,4
TXN-2026-0129,2026-01-25,16:46,บ่าย (14:00-16:59),อาทิตย์,วันหยุด (Weekend),CUST-014,ยอร์ ฟอร์เจอร์,Gold,หญิง,Gen Y (26-40),สาขาอารีย์,เดลิเวอรี่ (Delivery),Coffee,Dirty Coffee,Regular,100% (หวานปกติ),90,2,180,18.0,162.0,QR PromptPay,6,3
TXN-2026-0130,2026-03-31,14:25,บ่าย (14:00-16:59),อังคาร,วันธรรมดา (Weekday),GUEST,ลูกค้าทั่วไป (Walk-in),Non-Member,ไม่ระบุ,Gen Y (26-40),สาขาทองหล่อ,หน้าร้าน (Dine-in),Bakery,Carrot Walnut Cake,Standard,-,115,1,115,0.0,115.0,บัตรเครดิต,0,5
TXN-2026-0131,2026-03-02,15:58,บ่าย (14:00-16:59),จันทร์,วันธรรมดา (Weekday),CUST-021,ฮิโรชิ,Silver,ชาย,Gen X (41-55),สาขาอารีย์,ซื้อกลับ (Takeaway),Merchandise,House Blend Beans 250g,Standard,-,280,1,280,14.0,266.0,QR PromptPay,10,5
TXN-2026-0132,2026-01-26,12:36,กลางวัน (11:00-13:59),จันทร์,วันธรรมดา (Weekday),CUST-032,อุจิวะ ซาสึเกะ,Silver,ชาย,Gen Y (26-40),สาขาอารีย์,เดลิเวอรี่ (Delivery),Bakery,Basque Burnt Cheesecake,Standard,-,125,1,125,6.25,118.75,QR PromptPay,4,4
TXN-2026-0133,2026-02-15,10:11,เช้า (07:00-10:59),อาทิตย์,วันหยุด (Weekend),GUEST,ลูกค้าทั่วไป (Walk-in),Non-Member,ไม่ระบุ,Gen X (41-55),สาขาลาดพร้าว,ซื้อกลับ (Takeaway),Coffee,Iced Americano,Large,25% (หวานน้อยมาก),90,2,180,0.0,180.0,TrueMoney Wallet,0,5
TXN-2026-0133,2026-02-15,10:11,เช้า (07:00-10:59),อาทิตย์,วันหยุด (Weekend),GUEST,ลูกค้าทั่วไป (Walk-in),Non-Member,ไม่ระบุ,Gen X (41-55),สาขาลาดพร้าว,ซื้อกลับ (Takeaway),Coffee,Espresso (Single/Double),Regular,0% (ไม่หวาน),65,1,65,0.0,65.0,TrueMoney Wallet,0,5
TXN-2026-0134,2026-01-20,10:23,เช้า (07:00-10:59),อังคาร,วันธรรมดา (Weekday),CUST-041,จิฮิโระ,Regular,หญิง,Gen Z (18-25),สาขาทองหล่อ,ซื้อกลับ (Takeaway),Merchandise,Anime Tumbler 500ml,Standard,-,390,1,390,0.0,390.0,บัตรเครดิต,15,5
TXN-2026-0135,2026-03-09,16:18,บ่าย (14:00-16:59),จันทร์,วันธรรมดา (Weekday),CUST-045,บลูม่า,Platinum,หญิง,Gen X (41-55),สาขาทองหล่อ,เดลิเวอรี่ (Delivery),Coffee,Iced Caramel Macchiato,Regular,25% (หวานน้อยมาก),95,1,95,14.25,80.75,เงินสด,3,5
TXN-2026-0136,2026-02-02,15:50,บ่าย (14:00-16:59),จันทร์,วันธรรมดา (Weekday),CUST-024,ฟุชิงุโระ เมกุมิ,Silver,ชาย,Gen Z (18-25),สาขาลาดพร้าว,ซื้อกลับ (Takeaway),Coffee,Hot Cafe Latte,Regular,0% (ไม่หวาน),80,1,80,4.0,76.0,QR PromptPay,3,4
TXN-2026-0137,2026-02-18,11:40,กลางวัน (11:00-13:59),พุธ,วันธรรมดา (Weekday),CUST-011,นิโค โรบิน,Platinum,หญิง,Gen X (41-55),สาขาสยามสแควร์,เดลิเวอรี่ (Delivery),Coffee,Iced Cafe Latte,Regular,100% (หวานปกติ),85,1,85,12.75,72.25,บัตรเครดิต,2,5
TXN-2026-0137,2026-02-18,11:40,กลางวัน (11:00-13:59),พุธ,วันธรรมดา (Weekday),CUST-011,นิโค โรบิน,Platinum,หญิง,Gen X (41-55),สาขาสยามสแควร์,เดลิเวอรี่ (Delivery),Bakery,Carrot Walnut Cake,Standard,-,115,1,115,17.25,97.75,บัตรเครดิต,3,5
TXN-2026-0137,2026-02-18,11:40,กลางวัน (11:00-13:59),พุธ,วันธรรมดา (Weekday),CUST-011,นิโค โรบิน,Platinum,หญิง,Gen X (41-55),สาขาสยามสแควร์,เดลิเวอรี่ (Delivery),Coffee,Iced Americano,Large,0% (ไม่หวาน),90,1,90,13.5,76.5,บัตรเครดิต,3,5
TXN-2026-0137,2026-02-18,11:40,กลางวัน (11:00-13:59),พุธ,วันธรรมดา (Weekday),CUST-011,นิโค โรบิน,Platinum,หญิง,Gen X (41-55),สาขาสยามสแควร์,เดลิเวอรี่ (Delivery),Non-Coffee,Uji Matcha Latte,Large,0% (ไม่หวาน),110,2,220,33.0,187.0,บัตรเครดิต,7,5
TXN-2026-0138,2026-03-17,10:59,เช้า (07:00-10:59),อังคาร,วันธรรมดา (Weekday),CUST-011,นิโค โรบิน,Platinum,หญิง,Gen X (41-55),สาขาอารีย์,ซื้อกลับ (Takeaway),Bakery,Butter Croissant,Standard,-,75,1,75,11.25,63.75,TrueMoney Wallet,2,4
TXN-2026-0138,2026-03-17,10:59,เช้า (07:00-10:59),อังคาร,วันธรรมดา (Weekday),CUST-011,นิโค โรบิน,Platinum,หญิง,Gen X (41-55),สาขาอารีย์,ซื้อกลับ (Takeaway),Coffee,Iced Caramel Macchiato,Large,0% (ไม่หวาน),110,1,110,16.5,93.5,TrueMoney Wallet,3,4
TXN-2026-0139,2026-01-30,15:38,บ่าย (14:00-16:59),ศุกร์,วันธรรมดา (Weekday),CUST-039,หน้ากากทักซิโด้,Platinum,ชาย,Gen Y (26-40),สาขาอารีย์,ซื้อกลับ (Takeaway),Bakery,Basque Burnt Cheesecake,Standard,-,125,1,125,18.75,106.25,QR PromptPay,4,5
TXN-2026-0139,2026-01-30,15:38,บ่าย (14:00-16:59),ศุกร์,วันธรรมดา (Weekday),CUST-039,หน้ากากทักซิโด้,Platinum,ชาย,Gen Y (26-40),สาขาอารีย์,ซื้อกลับ (Takeaway),Non-Coffee,Uji Matcha Latte,Large,0% (ไม่หวาน),110,1,110,16.5,93.5,QR PromptPay,3,5
TXN-2026-0139,2026-01-30,15:38,บ่าย (14:00-16:59),ศุกร์,วันธรรมดา (Weekday),CUST-039,หน้ากากทักซิโด้,Platinum,ชาย,Gen Y (26-40),สาขาอารีย์,ซื้อกลับ (Takeaway),Non-Coffee,Hojicha Roasted Tea,Large,25% (หวานน้อยมาก),105,1,105,15.75,89.25,QR PromptPay,3,5
TXN-2026-0139,2026-01-30,15:38,บ่าย (14:00-16:59),ศุกร์,วันธรรมดา (Weekday),CUST-039,หน้ากากทักซิโด้,Platinum,ชาย,Gen Y (26-40),สาขาอารีย์,ซื้อกลับ (Takeaway),Bakery,Butter Croissant,Standard,-,75,1,75,11.25,63.75,QR PromptPay,2,5
TXN-2026-0140,2026-02-18,16:09,บ่าย (14:00-16:59),พุธ,วันธรรมดา (Weekday),CUST-021,ฮิโรชิ,Silver,ชาย,Gen X (41-55),สาขาสยามสแควร์,หน้าร้าน (Dine-in),Coffee,Iced Cafe Latte,Regular,25% (หวานน้อยมาก),85,1,85,4.25,80.75,เงินสด,3,5
TXN-2026-0140,2026-02-18,16:09,บ่าย (14:00-16:59),พุธ,วันธรรมดา (Weekday),CUST-021,ฮิโรชิ,Silver,ชาย,Gen X (41-55),สาขาสยามสแควร์,หน้าร้าน (Dine-in),Coffee,Iced Caramel Macchiato,Large,0% (ไม่หวาน),110,1,110,5.5,104.5,เงินสด,4,5
TXN-2026-0141,2026-02-15,13:38,กลางวัน (11:00-13:59),อาทิตย์,วันหยุด (Weekend),CUST-025,คูกิซากิ โนบาระ,Gold,หญิง,Gen Z (18-25),สาขาสยามสแควร์,หน้าร้าน (Dine-in),Non-Coffee,Uji Matcha Latte,Regular,100% (หวานปกติ),95,1,95,9.5,85.5,TrueMoney Wallet,3,4
TXN-2026-0141,2026-02-15,13:38,กลางวัน (11:00-13:59),อาทิตย์,วันหยุด (Weekend),CUST-025,คูกิซากิ โนบาระ,Gold,หญิง,Gen Z (18-25),สาขาสยามสแควร์,หน้าร้าน (Dine-in),Bakery,Carrot Walnut Cake,Standard,-,115,1,115,11.5,103.5,TrueMoney Wallet,4,4
TXN-2026-0142,2026-03-05,08:27,เช้า (07:00-10:59),พฤหัสบดี,วันธรรมดา (Weekday),CUST-020,มิซาเอะ,Gold,หญิง,Gen X (41-55),สาขาอารีย์,หน้าร้าน (Dine-in),Coffee,Dirty Coffee,Regular,25% (หวานน้อยมาก),90,1,90,9.0,81.0,QR PromptPay,3,5
TXN-2026-0142,2026-03-05,08:27,เช้า (07:00-10:59),พฤหัสบดี,วันธรรมดา (Weekday),CUST-020,มิซาเอะ,Gold,หญิง,Gen X (41-55),สาขาอารีย์,หน้าร้าน (Dine-in),Bakery,Chocolate Truffle Croffle,Standard,-,110,1,110,11.0,99.0,QR PromptPay,3,5
TXN-2026-0143,2026-03-21,12:28,กลางวัน (11:00-13:59),เสาร์,วันหยุด (Weekend),CUST-042,ฮากุ,Silver,ชาย,Gen Z (18-25),สาขาลาดพร้าว,หน้าร้าน (Dine-in),Non-Coffee,Peach Sparking Soda,Regular,100% (หวานปกติ),80,2,160,8.0,152.0,QR PromptPay,6,3
TXN-2026-0144,2026-02-07,16:31,บ่าย (14:00-16:59),เสาร์,วันหยุด (Weekend),GUEST,ลูกค้าทั่วไป (Walk-in),Non-Member,ชาย,Gen Y (26-40),สาขาสยามสแควร์,เดลิเวอรี่ (Delivery),Merchandise,House Blend Beans 250g,Standard,-,280,1,280,0.0,280.0,QR PromptPay,0,5
TXN-2026-0144,2026-02-07,16:31,บ่าย (14:00-16:59),เสาร์,วันหยุด (Weekend),GUEST,ลูกค้าทั่วไป (Walk-in),Non-Member,ชาย,Gen Y (26-40),สาขาสยามสแควร์,เดลิเวอรี่ (Delivery),Merchandise,Anime Tumbler 500ml,Standard,-,390,2,780,0.0,780.0,QR PromptPay,0,5
TXN-2026-0145,2026-03-01,18:28,เย็น (17:00-20:30),อาทิตย์,วันหยุด (Weekend),CUST-045,บลูม่า,Platinum,หญิง,Gen X (41-55),สาขาสยามสแควร์,เดลิเวอรี่ (Delivery),Non-Coffee,Dark Cocoa Extreme,Regular,50% (หวานน้อย),85,1,85,12.75,72.25,TrueMoney Wallet,2,4
TXN-2026-0146,2026-02-24,14:28,บ่าย (14:00-16:59),อังคาร,วันธรรมดา (Weekday),GUEST,ลูกค้าทั่วไป (Walk-in),Non-Member,หญิง,Gen X (41-55),สาขาอารีย์,ซื้อกลับ (Takeaway),Non-Coffee,Hojicha Roasted Tea,Regular,0% (ไม่หวาน),90,1,90,0.0,90.0,เงินสด,0,4
TXN-2026-0146,2026-02-24,14:28,บ่าย (14:00-16:59),อังคาร,วันธรรมดา (Weekday),GUEST,ลูกค้าทั่วไป (Walk-in),Non-Member,หญิง,Gen X (41-55),สาขาอารีย์,ซื้อกลับ (Takeaway),Merchandise,Anime Tumbler 500ml,Standard,-,390,1,390,0.0,390.0,เงินสด,0,4
TXN-2026-0147,2026-03-20,10:48,เช้า (07:00-10:59),ศุกร์,วันธรรมดา (Weekday),CUST-028,อากาสึมะ เซ็นอิตสึ,Regular,ชาย,Gen Z (18-25),สาขาสยามสแควร์,หน้าร้าน (Dine-in),Merchandise,House Blend Beans 250g,Standard,-,280,1,280,0.0,280.0,QR PromptPay,11,4
TXN-2026-0147,2026-03-20,10:48,เช้า (07:00-10:59),ศุกร์,วันธรรมดา (Weekday),CUST-028,อากาสึมะ เซ็นอิตสึ,Regular,ชาย,Gen Z (18-25),สาขาสยามสแควร์,หน้าร้าน (Dine-in),Non-Coffee,Uji Matcha Latte,Large,25% (หวานน้อยมาก),110,1,110,0.0,110.0,QR PromptPay,4,4
TXN-2026-0148,2026-01-04,12:26,กลางวัน (11:00-13:59),อาทิตย์,วันหยุด (Weekend),GUEST,ลูกค้าทั่วไป (Walk-in),Non-Member,ชาย,Gen Z (18-25),สาขาทองหล่อ,ซื้อกลับ (Takeaway),Bakery,Carrot Walnut Cake,Standard,-,115,1,115,0.0,115.0,QR PromptPay,0,5
TXN-2026-0148,2026-01-04,12:26,กลางวัน (11:00-13:59),อาทิตย์,วันหยุด (Weekend),GUEST,ลูกค้าทั่วไป (Walk-in),Non-Member,ชาย,Gen Z (18-25),สาขาทองหล่อ,ซื้อกลับ (Takeaway),Bakery,Basque Burnt Cheesecake,Standard,-,125,1,125,0.0,125.0,QR PromptPay,0,5
TXN-2026-0149,2026-02-27,09:02,เช้า (07:00-10:59),ศุกร์,วันธรรมดา (Weekday),CUST-008,นามิ,Platinum,หญิง,Gen Y (26-40),สาขาสยามสแควร์,หน้าร้าน (Dine-in),Non-Coffee,Uji Matcha Latte,Regular,50% (หวานน้อย),95,1,95,14.25,80.75,QR PromptPay,3,4
TXN-2026-0149,2026-02-27,09:02,เช้า (07:00-10:59),ศุกร์,วันธรรมดา (Weekday),CUST-008,นามิ,Platinum,หญิง,Gen Y (26-40),สาขาสยามสแควร์,หน้าร้าน (Dine-in),Bakery,Carrot Walnut Cake,Standard,-,115,1,115,17.25,97.75,QR PromptPay,3,4
TXN-2026-0149,2026-02-27,09:02,เช้า (07:00-10:59),ศุกร์,วันธรรมดา (Weekday),CUST-008,นามิ,Platinum,หญิง,Gen Y (26-40),สาขาสยามสแควร์,หน้าร้าน (Dine-in),Coffee,Signature Cold Brew,Regular,0% (ไม่หวาน),105,1,105,15.75,89.25,QR PromptPay,3,4
TXN-2026-0150,2026-01-24,15:25,บ่าย (14:00-16:59),เสาร์,วันหยุด (Weekend),CUST-040,โทโทโร่,Platinum,ไม่ระบุ,Gen X (41-55),สาขาลาดพร้าว,ซื้อกลับ (Takeaway),Non-Coffee,Thai Milk Tea Special,Regular,0% (ไม่หวาน),70,1,70,10.5,59.5,QR PromptPay,2,5
TXN-2026-0151,2026-03-10,09:12,เช้า (07:00-10:59),อังคาร,วันธรรมดา (Weekday),CUST-017,โมริ โคโกโร่,Regular,ชาย,Gen X (41-55),สาขาทองหล่อ,ซื้อกลับ (Takeaway),Bakery,Butter Croissant,Standard,-,75,1,75,0.0,75.0,เงินสด,3,5
TXN-2026-0152,2026-02-28,16:45,บ่าย (14:00-16:59),เสาร์,วันหยุด (Weekend),CUST-040,โทโทโร่,Platinum,ไม่ระบุ,Gen X (41-55),สาขาอารีย์,ซื้อกลับ (Takeaway),Non-Coffee,Hojicha Roasted Tea,Regular,100% (หวานปกติ),90,1,90,13.5,76.5,QR PromptPay,3,5
TXN-2026-0153,2026-01-18,12:11,กลางวัน (11:00-13:59),อาทิตย์,วันหยุด (Weekend),CUST-035,ฮิวงะ ฮินาตะ,Gold,หญิง,Gen Y (26-40),สาขาทองหล่อ,ซื้อกลับ (Takeaway),Coffee,Iced Caramel Macchiato,Regular,50% (หวานน้อย),95,2,190,19.0,171.0,เงินสด,6,5
TXN-2026-0154,2026-03-21,09:00,เช้า (07:00-10:59),เสาร์,วันหยุด (Weekend),CUST-013,ลอยด์ ฟอร์เจอร์,Platinum,ชาย,Gen Y (26-40),สาขาทองหล่อ,เดลิเวอรี่ (Delivery),Bakery,Almond Cream Croissant,Standard,-,95,1,95,14.25,80.75,บัตรเครดิต,3,5
TXN-2026-0154,2026-03-21,09:00,เช้า (07:00-10:59),เสาร์,วันหยุด (Weekend),CUST-013,ลอยด์ ฟอร์เจอร์,Platinum,ชาย,Gen Y (26-40),สาขาทองหล่อ,เดลิเวอรี่ (Delivery),Bakery,Chocolate Truffle Croffle,Standard,-,110,1,110,16.5,93.5,บัตรเครดิต,3,5
TXN-2026-0155,2026-01-29,09:14,เช้า (07:00-10:59),พฤหัสบดี,วันธรรมดา (Weekday),CUST-011,นิโค โรบิน,Platinum,หญิง,Gen X (41-55),สาขาทองหล่อ,ซื้อกลับ (Takeaway),Merchandise,House Blend Beans 250g,Standard,-,280,1,280,42.0,238.0,TrueMoney Wallet,9,5
TXN-2026-0156,2026-03-11,15:34,บ่าย (14:00-16:59),พุธ,วันธรรมดา (Weekday),CUST-003,ชิซุกะ,Gold,หญิง,Gen Z (18-25),สาขาทองหล่อ,ซื้อกลับ (Takeaway),Non-Coffee,Uji Matcha Latte,Regular,100% (หวานปกติ),95,1,95,9.5,85.5,QR PromptPay,3,5
TXN-2026-0156,2026-03-11,15:34,บ่าย (14:00-16:59),พุธ,วันธรรมดา (Weekday),CUST-003,ชิซุกะ,Gold,หญิง,Gen Z (18-25),สาขาทองหล่อ,ซื้อกลับ (Takeaway),Non-Coffee,Dark Cocoa Extreme,Regular,100% (หวานปกติ),85,2,170,17.0,153.0,QR PromptPay,6,5
TXN-2026-0157,2026-01-16,14:13,บ่าย (14:00-16:59),ศุกร์,วันธรรมดา (Weekday),CUST-038,เซเลอร์มูน (อุซางิ),Gold,หญิง,Gen Y (26-40),สาขาทองหล่อ,เดลิเวอรี่ (Delivery),Coffee,Dirty Coffee,Regular,50% (หวานน้อย),90,1,90,9.0,81.0,บัตรเครดิต,3,5
TXN-2026-0157,2026-01-16,14:13,บ่าย (14:00-16:59),ศุกร์,วันธรรมดา (Weekday),CUST-038,เซเลอร์มูน (อุซางิ),Gold,หญิง,Gen Y (26-40),สาขาทองหล่อ,เดลิเวอรี่ (Delivery),Merchandise,House Blend Beans 250g,Standard,-,280,1,280,28.0,252.0,บัตรเครดิต,10,5
TXN-2026-0158,2026-02-07,09:54,เช้า (07:00-10:59),เสาร์,วันหยุด (Weekend),CUST-044,เบจิต้า,Platinum,ชาย,Gen X (41-55),สาขาทองหล่อ,หน้าร้าน (Dine-in),Non-Coffee,Thai Milk Tea Special,Regular,25% (หวานน้อยมาก),70,1,70,10.5,59.5,บัตรเครดิต,2,5
TXN-2026-0159,2026-02-11,16:25,บ่าย (14:00-16:59),พุธ,วันธรรมดา (Weekday),CUST-037,ซาโตชิ,Silver,ชาย,Gen Z (18-25),สาขาทองหล่อ,ซื้อกลับ (Takeaway),Coffee,Hot Cafe Latte,Regular,50% (หวานน้อย),80,1,80,4.0,76.0,QR PromptPay,3,5
TXN-2026-0159,2026-02-11,16:25,บ่าย (14:00-16:59),พุธ,วันธรรมดา (Weekday),CUST-037,ซาโตชิ,Silver,ชาย,Gen Z (18-25),สาขาทองหล่อ,ซื้อกลับ (Takeaway),Bakery,Butter Croissant,Standard,-,75,1,75,3.75,71.25,QR PromptPay,2,5
TXN-2026-0160,2026-01-01,17:46,เย็น (17:00-20:30),พฤหัสบดี,วันธรรมดา (Weekday),GUEST,ลูกค้าทั่วไป (Walk-in),Non-Member,ไม่ระบุ,Gen X (41-55),สาขาทองหล่อ,เดลิเวอรี่ (Delivery),Coffee,Dirty Coffee,Regular,50% (หวานน้อย),90,1,90,0.0,90.0,TrueMoney Wallet,0,5
TXN-2026-0160,2026-01-01,17:46,เย็น (17:00-20:30),พฤหัสบดี,วันธรรมดา (Weekday),GUEST,ลูกค้าทั่วไป (Walk-in),Non-Member,ไม่ระบุ,Gen X (41-55),สาขาทองหล่อ,เดลิเวอรี่ (Delivery),Bakery,Basque Burnt Cheesecake,Standard,-,125,1,125,0.0,125.0,TrueMoney Wallet,0,5
TXN-2026-0160,2026-01-01,17:46,เย็น (17:00-20:30),พฤหัสบดี,วันธรรมดา (Weekday),GUEST,ลูกค้าทั่วไป (Walk-in),Non-Member,ไม่ระบุ,Gen X (41-55),สาขาทองหล่อ,เดลิเวอรี่ (Delivery),Non-Coffee,Thai Milk Tea Special,Large,50% (หวานน้อย),85,2,170,0.0,170.0,TrueMoney Wallet,0,5
TXN-2026-0160,2026-01-01,17:46,เย็น (17:00-20:30),พฤหัสบดี,วันธรรมดา (Weekday),GUEST,ลูกค้าทั่วไป (Walk-in),Non-Member,ไม่ระบุ,Gen X (41-55),สาขาทองหล่อ,เดลิเวอรี่ (Delivery),Non-Coffee,Peach Sparking Soda,Regular,0% (ไม่หวาน),80,1,80,0.0,80.0,TrueMoney Wallet,0,5
TXN-2026-0161,2026-02-28,08:28,เช้า (07:00-10:59),เสาร์,วันหยุด (Weekend),CUST-028,อากาสึมะ เซ็นอิตสึ,Regular,ชาย,Gen Z (18-25),สาขาสยามสแควร์,ซื้อกลับ (Takeaway),Non-Coffee,Thai Milk Tea Special,Regular,50% (หวานน้อย),70,1,70,0.0,70.0,QR PromptPay,2,5
TXN-2026-0162,2026-02-17,16:10,บ่าย (14:00-16:59),อังคาร,วันธรรมดา (Weekday),CUST-041,จิฮิโระ,Regular,หญิง,Gen Z (18-25),สาขาสยามสแควร์,ซื้อกลับ (Takeaway),Coffee,Espresso (Single/Double),Regular,0% (ไม่หวาน),65,1,65,0.0,65.0,QR PromptPay,2,4
TXN-2026-0162,2026-02-17,16:10,บ่าย (14:00-16:59),อังคาร,วันธรรมดา (Weekday),CUST-041,จิฮิโระ,Regular,หญิง,Gen Z (18-25),สาขาสยามสแควร์,ซื้อกลับ (Takeaway),Coffee,Dirty Coffee,Regular,100% (หวานปกติ),90,1,90,0.0,90.0,QR PromptPay,3,4
TXN-2026-0163,2026-03-31,11:55,กลางวัน (11:00-13:59),อังคาร,วันธรรมดา (Weekday),CUST-009,ซันจิ,Gold,ชาย,Gen Y (26-40),สาขาอารีย์,หน้าร้าน (Dine-in),Non-Coffee,Hojicha Roasted Tea,Large,25% (หวานน้อยมาก),105,1,105,10.5,94.5,QR PromptPay,3,4
TXN-2026-0164,2026-01-18,16:09,บ่าย (14:00-16:59),อาทิตย์,วันหยุด (Weekend),CUST-037,ซาโตชิ,Silver,ชาย,Gen Z (18-25),สาขาสยามสแควร์,ซื้อกลับ (Takeaway),Coffee,Iced Caramel Macchiato,Large,25% (หวานน้อยมาก),110,1,110,5.5,104.5,QR PromptPay,4,4
TXN-2026-0164,2026-01-18,16:09,บ่าย (14:00-16:59),อาทิตย์,วันหยุด (Weekend),CUST-037,ซาโตชิ,Silver,ชาย,Gen Z (18-25),สาขาสยามสแควร์,ซื้อกลับ (Takeaway),Bakery,Almond Cream Croissant,Standard,-,95,1,95,4.75,90.25,QR PromptPay,3,4
TXN-2026-0165,2026-01-16,12:22,กลางวัน (11:00-13:59),ศุกร์,วันธรรมดา (Weekday),GUEST,ลูกค้าทั่วไป (Walk-in),Non-Member,หญิง,Gen Z (18-25),สาขาสยามสแควร์,ซื้อกลับ (Takeaway),Non-Coffee,Dark Cocoa Extreme,Large,25% (หวานน้อยมาก),100,1,100,0.0,100.0,QR PromptPay,0,5
TXN-2026-0165,2026-01-16,12:22,กลางวัน (11:00-13:59),ศุกร์,วันธรรมดา (Weekday),GUEST,ลูกค้าทั่วไป (Walk-in),Non-Member,หญิง,Gen Z (18-25),สาขาสยามสแควร์,ซื้อกลับ (Takeaway),Coffee,Espresso (Single/Double),Regular,0% (ไม่หวาน),65,1,65,0.0,65.0,QR PromptPay,0,5
TXN-2026-0166,2026-02-07,14:31,บ่าย (14:00-16:59),เสาร์,วันหยุด (Weekend),CUST-016,โมริ รัน,Silver,หญิง,Gen Z (18-25),สาขาอารีย์,ซื้อกลับ (Takeaway),Non-Coffee,Peach Sparking Soda,Large,25% (หวานน้อยมาก),95,1,95,4.75,90.25,บัตรเครดิต,3,2
TXN-2026-0166,2026-02-07,14:31,บ่าย (14:00-16:59),เสาร์,วันหยุด (Weekend),CUST-016,โมริ รัน,Silver,หญิง,Gen Z (18-25),สาขาอารีย์,ซื้อกลับ (Takeaway),Coffee,Iced Caramel Macchiato,Regular,0% (ไม่หวาน),95,1,95,4.75,90.25,บัตรเครดิต,3,2
TXN-2026-0166,2026-02-07,14:31,บ่าย (14:00-16:59),เสาร์,วันหยุด (Weekend),CUST-016,โมริ รัน,Silver,หญิง,Gen Z (18-25),สาขาอารีย์,ซื้อกลับ (Takeaway),Bakery,Butter Croissant,Standard,-,75,1,75,3.75,71.25,บัตรเครดิต,2,2
TXN-2026-0166,2026-02-07,14:31,บ่าย (14:00-16:59),เสาร์,วันหยุด (Weekend),CUST-016,โมริ รัน,Silver,หญิง,Gen Z (18-25),สาขาอารีย์,ซื้อกลับ (Takeaway),Bakery,Almond Cream Croissant,Standard,-,95,2,190,9.5,180.5,บัตรเครดิต,7,2
TXN-2026-0167,2026-02-20,13:45,กลางวัน (11:00-13:59),ศุกร์,วันธรรมดา (Weekday),CUST-027,คามาโดะ เนซึโกะ,Gold,หญิง,Gen Z (18-25),สาขาอารีย์,หน้าร้าน (Dine-in),Coffee,Hot Cafe Latte,Regular,0% (ไม่หวาน),80,1,80,8.0,72.0,บัตรเครดิต,2,5
TXN-2026-0168,2026-01-27,18:34,เย็น (17:00-20:30),อังคาร,วันธรรมดา (Weekday),CUST-038,เซเลอร์มูน (อุซางิ),Gold,หญิง,Gen Y (26-40),สาขาทองหล่อ,เดลิเวอรี่ (Delivery),Non-Coffee,Uji Matcha Latte,Regular,0% (ไม่หวาน),95,2,190,19.0,171.0,บัตรเครดิต,6,5
TXN-2026-0168,2026-01-27,18:34,เย็น (17:00-20:30),อังคาร,วันธรรมดา (Weekday),CUST-038,เซเลอร์มูน (อุซางิ),Gold,หญิง,Gen Y (26-40),สาขาทองหล่อ,เดลิเวอรี่ (Delivery),Coffee,Iced Americano,Regular,100% (หวานปกติ),75,1,75,7.5,67.5,บัตรเครดิต,2,5
TXN-2026-0169,2026-01-08,08:07,เช้า (07:00-10:59),พฤหัสบดี,วันธรรมดา (Weekday),CUST-009,ซันจิ,Gold,ชาย,Gen Y (26-40),สาขาทองหล่อ,หน้าร้าน (Dine-in),Non-Coffee,Thai Milk Tea Special,Large,25% (หวานน้อยมาก),85,1,85,8.5,76.5,เงินสด,3,5
TXN-2026-0169,2026-01-08,08:07,เช้า (07:00-10:59),พฤหัสบดี,วันธรรมดา (Weekday),CUST-009,ซันจิ,Gold,ชาย,Gen Y (26-40),สาขาทองหล่อ,หน้าร้าน (Dine-in),Coffee,Signature Cold Brew,Regular,0% (ไม่หวาน),105,1,105,10.5,94.5,เงินสด,3,5
TXN-2026-0170,2026-01-16,14:21,บ่าย (14:00-16:59),ศุกร์,วันธรรมดา (Weekday),CUST-018,ไฮบาระ ไอ,Gold,หญิง,Gen Z (18-25),สาขาอารีย์,หน้าร้าน (Dine-in),Bakery,Carrot Walnut Cake,Standard,-,115,1,115,11.5,103.5,เงินสด,4,5
TXN-2026-0171,2026-03-14,08:16,เช้า (07:00-10:59),เสาร์,วันหยุด (Weekend),CUST-037,ซาโตชิ,Silver,ชาย,Gen Z (18-25),สาขาทองหล่อ,หน้าร้าน (Dine-in),Coffee,Espresso (Single/Double),Regular,0% (ไม่หวาน),65,1,65,3.25,61.75,บัตรเครดิต,2,5
TXN-2026-0171,2026-03-14,08:16,เช้า (07:00-10:59),เสาร์,วันหยุด (Weekend),CUST-037,ซาโตชิ,Silver,ชาย,Gen Z (18-25),สาขาทองหล่อ,หน้าร้าน (Dine-in),Non-Coffee,Uji Matcha Latte,Regular,25% (หวานน้อยมาก),95,2,190,9.5,180.5,บัตรเครดิต,7,5
TXN-2026-0171,2026-03-14,08:16,เช้า (07:00-10:59),เสาร์,วันหยุด (Weekend),CUST-037,ซาโตชิ,Silver,ชาย,Gen Z (18-25),สาขาทองหล่อ,หน้าร้าน (Dine-in),Coffee,Iced Americano,Regular,100% (หวานปกติ),75,1,75,3.75,71.25,บัตรเครดิต,2,5
TXN-2026-0172,2026-02-01,13:20,กลางวัน (11:00-13:59),อาทิตย์,วันหยุด (Weekend),CUST-005,ไจแอนท์,Silver,ชาย,Gen Y (26-40),สาขาอารีย์,หน้าร้าน (Dine-in),Bakery,Carrot Walnut Cake,Standard,-,115,2,230,11.5,218.5,บัตรเครดิต,8,5
TXN-2026-0173,2026-01-09,19:49,เย็น (17:00-20:30),ศุกร์,วันธรรมดา (Weekday),CUST-021,ฮิโรชิ,Silver,ชาย,Gen X (41-55),สาขาสยามสแควร์,ซื้อกลับ (Takeaway),Non-Coffee,Uji Matcha Latte,Large,100% (หวานปกติ),110,2,220,11.0,209.0,QR PromptPay,8,5
TXN-2026-0173,2026-01-09,19:49,เย็น (17:00-20:30),ศุกร์,วันธรรมดา (Weekday),CUST-021,ฮิโรชิ,Silver,ชาย,Gen X (41-55),สาขาสยามสแควร์,ซื้อกลับ (Takeaway),Bakery,Chocolate Truffle Croffle,Standard,-,110,1,110,5.5,104.5,QR PromptPay,4,5
TXN-2026-0174,2026-03-11,14:09,บ่าย (14:00-16:59),พุธ,วันธรรมดา (Weekday),CUST-027,คามาโดะ เนซึโกะ,Gold,หญิง,Gen Z (18-25),สาขาสยามสแควร์,ซื้อกลับ (Takeaway),Non-Coffee,Peach Sparking Soda,Regular,100% (หวานปกติ),80,2,160,16.0,144.0,บัตรเครดิต,5,4
TXN-2026-0175,2026-02-09,08:26,เช้า (07:00-10:59),จันทร์,วันธรรมดา (Weekday),CUST-004,ซูเนโอะ,Platinum,ชาย,Gen Y (26-40),สาขาลาดพร้าว,หน้าร้าน (Dine-in),Bakery,Carrot Walnut Cake,Standard,-,115,1,115,17.25,97.75,QR PromptPay,3,5
TXN-2026-0176,2026-02-17,13:05,กลางวัน (11:00-13:59),อังคาร,วันธรรมดา (Weekday),CUST-033,ฮารุโนะ ซากุระ,Silver,หญิง,Gen Y (26-40),สาขาสยามสแควร์,เดลิเวอรี่ (Delivery),Coffee,Iced Caramel Macchiato,Regular,50% (หวานน้อย),95,1,95,4.75,90.25,QR PromptPay,3,5
TXN-2026-0177,2026-02-10,20:44,เย็น (17:00-20:30),อังคาร,วันธรรมดา (Weekday),CUST-021,ฮิโรชิ,Silver,ชาย,Gen X (41-55),สาขาสยามสแควร์,หน้าร้าน (Dine-in),Merchandise,House Blend Beans 250g,Standard,-,280,1,280,14.0,266.0,QR PromptPay,10,5
TXN-2026-0177,2026-02-10,20:44,เย็น (17:00-20:30),อังคาร,วันธรรมดา (Weekday),CUST-021,ฮิโรชิ,Silver,ชาย,Gen X (41-55),สาขาสยามสแควร์,หน้าร้าน (Dine-in),Coffee,Iced Cafe Latte,Large,100% (หวานปกติ),100,1,100,5.0,95.0,QR PromptPay,3,5
TXN-2026-0178,2026-01-16,11:28,กลางวัน (11:00-13:59),ศุกร์,วันธรรมดา (Weekday),CUST-017,โมริ โคโกโร่,Regular,ชาย,Gen X (41-55),สาขาลาดพร้าว,หน้าร้าน (Dine-in),Coffee,Iced Americano,Large,25% (หวานน้อยมาก),90,1,90,0.0,90.0,TrueMoney Wallet,3,5
TXN-2026-0178,2026-01-16,11:28,กลางวัน (11:00-13:59),ศุกร์,วันธรรมดา (Weekday),CUST-017,โมริ โคโกโร่,Regular,ชาย,Gen X (41-55),สาขาลาดพร้าว,หน้าร้าน (Dine-in),Coffee,Dirty Coffee,Regular,50% (หวานน้อย),90,1,90,0.0,90.0,TrueMoney Wallet,3,5
TXN-2026-0179,2026-01-07,15:52,บ่าย (14:00-16:59),พุธ,วันธรรมดา (Weekday),GUEST,ลูกค้าทั่วไป (Walk-in),Non-Member,ชาย,Gen Y (26-40),สาขาลาดพร้าว,ซื้อกลับ (Takeaway),Coffee,Iced Caramel Macchiato,Regular,0% (ไม่หวาน),95,1,95,0.0,95.0,บัตรเครดิต,0,5
TXN-2026-0180,2026-01-29,10:23,เช้า (07:00-10:59),พฤหัสบดี,วันธรรมดา (Weekday),CUST-042,ฮากุ,Silver,ชาย,Gen Z (18-25),สาขาสยามสแควร์,ซื้อกลับ (Takeaway),Coffee,Dirty Coffee,Regular,0% (ไม่หวาน),90,1,90,4.5,85.5,เงินสด,3,5
TXN-2026-0180,2026-01-29,10:23,เช้า (07:00-10:59),พฤหัสบดี,วันธรรมดา (Weekday),CUST-042,ฮากุ,Silver,ชาย,Gen Z (18-25),สาขาสยามสแควร์,ซื้อกลับ (Takeaway),Bakery,Chocolate Truffle Croffle,Standard,-,110,1,110,5.5,104.5,เงินสด,4,5
TXN-2026-0180,2026-01-29,10:23,เช้า (07:00-10:59),พฤหัสบดี,วันธรรมดา (Weekday),CUST-042,ฮากุ,Silver,ชาย,Gen Z (18-25),สาขาสยามสแควร์,ซื้อกลับ (Takeaway),Coffee,Iced Caramel Macchiato,Large,100% (หวานปกติ),110,1,110,5.5,104.5,เงินสด,4,5
TXN-2026-0180,2026-01-29,10:23,เช้า (07:00-10:59),พฤหัสบดี,วันธรรมดา (Weekday),CUST-042,ฮากุ,Silver,ชาย,Gen Z (18-25),สาขาสยามสแควร์,ซื้อกลับ (Takeaway),Coffee,Hot Cafe Latte,Regular,100% (หวานปกติ),80,1,80,4.0,76.0,เงินสด,3,5
TXN-2026-0181,2026-01-28,19:17,เย็น (17:00-20:30),พุธ,วันธรรมดา (Weekday),CUST-010,โทนี่ ช็อปเปอร์,Regular,ชาย,Gen Z (18-25),สาขาสยามสแควร์,ซื้อกลับ (Takeaway),Merchandise,Anime Tumbler 500ml,Standard,-,390,1,390,0.0,390.0,QR PromptPay,15,5
TXN-2026-0182,2026-02-05,12:12,กลางวัน (11:00-13:59),พฤหัสบดี,วันธรรมดา (Weekday),CUST-034,ฮาตาเกะ คาคาชิ,Platinum,ชาย,Gen X (41-55),สาขาสยามสแควร์,เดลิเวอรี่ (Delivery),Non-Coffee,Hojicha Roasted Tea,Large,100% (หวานปกติ),105,1,105,15.75,89.25,บัตรเครดิต,3,5
TXN-2026-0183,2026-03-14,12:17,กลางวัน (11:00-13:59),เสาร์,วันหยุด (Weekend),CUST-021,ฮิโรชิ,Silver,ชาย,Gen X (41-55),สาขาอารีย์,หน้าร้าน (Dine-in),Bakery,Basque Burnt Cheesecake,Standard,-,125,1,125,6.25,118.75,TrueMoney Wallet,4,5
TXN-2026-0183,2026-03-14,12:17,กลางวัน (11:00-13:59),เสาร์,วันหยุด (Weekend),CUST-021,ฮิโรชิ,Silver,ชาย,Gen X (41-55),สาขาอารีย์,หน้าร้าน (Dine-in),Bakery,Carrot Walnut Cake,Standard,-,115,2,230,11.5,218.5,TrueMoney Wallet,8,5
TXN-2026-0184,2026-01-13,08:17,เช้า (07:00-10:59),อังคาร,วันธรรมดา (Weekday),CUST-048,รีไวล์ แอคเคอร์แมน,Platinum,ชาย,Gen Y (26-40),สาขาสยามสแควร์,เดลิเวอรี่ (Delivery),Non-Coffee,Hojicha Roasted Tea,Regular,25% (หวานน้อยมาก),90,1,90,13.5,76.5,QR PromptPay,3,4
TXN-2026-0184,2026-01-13,08:17,เช้า (07:00-10:59),อังคาร,วันธรรมดา (Weekday),CUST-048,รีไวล์ แอคเคอร์แมน,Platinum,ชาย,Gen Y (26-40),สาขาสยามสแควร์,เดลิเวอรี่ (Delivery),Coffee,Signature Cold Brew,Regular,0% (ไม่หวาน),105,2,210,31.5,178.5,QR PromptPay,7,4
TXN-2026-0185,2026-01-04,15:36,บ่าย (14:00-16:59),อาทิตย์,วันหยุด (Weekend),CUST-037,ซาโตชิ,Silver,ชาย,Gen Z (18-25),สาขาลาดพร้าว,เดลิเวอรี่ (Delivery),Coffee,Signature Cold Brew,Regular,0% (ไม่หวาน),105,1,105,5.25,99.75,TrueMoney Wallet,3,2
TXN-2026-0185,2026-01-04,15:36,บ่าย (14:00-16:59),อาทิตย์,วันหยุด (Weekend),CUST-037,ซาโตชิ,Silver,ชาย,Gen Z (18-25),สาขาลาดพร้าว,เดลิเวอรี่ (Delivery),Bakery,Basque Burnt Cheesecake,Standard,-,125,1,125,6.25,118.75,TrueMoney Wallet,4,2
TXN-2026-0186,2026-01-03,11:21,กลางวัน (11:00-13:59),เสาร์,วันหยุด (Weekend),GUEST,ลูกค้าทั่วไป (Walk-in),Non-Member,ชาย,Gen Z (18-25),สาขาสยามสแควร์,หน้าร้าน (Dine-in),Coffee,Iced Caramel Macchiato,Regular,0% (ไม่หวาน),95,2,190,0.0,190.0,TrueMoney Wallet,0,4
TXN-2026-0187,2026-02-16,19:45,เย็น (17:00-20:30),จันทร์,วันธรรมดา (Weekday),GUEST,ลูกค้าทั่วไป (Walk-in),Non-Member,หญิง,Gen X (41-55),สาขาสยามสแควร์,หน้าร้าน (Dine-in),Bakery,Basque Burnt Cheesecake,Standard,-,125,1,125,0.0,125.0,QR PromptPay,0,5
TXN-2026-0187,2026-02-16,19:45,เย็น (17:00-20:30),จันทร์,วันธรรมดา (Weekday),GUEST,ลูกค้าทั่วไป (Walk-in),Non-Member,หญิง,Gen X (41-55),สาขาสยามสแควร์,หน้าร้าน (Dine-in),Non-Coffee,Peach Sparking Soda,Regular,100% (หวานปกติ),80,1,80,0.0,80.0,QR PromptPay,0,5
TXN-2026-0187,2026-02-16,19:45,เย็น (17:00-20:30),จันทร์,วันธรรมดา (Weekday),GUEST,ลูกค้าทั่วไป (Walk-in),Non-Member,หญิง,Gen X (41-55),สาขาสยามสแควร์,หน้าร้าน (Dine-in),Coffee,Signature Cold Brew,Regular,0% (ไม่หวาน),105,1,105,0.0,105.0,QR PromptPay,0,5
TXN-2026-0188,2026-01-01,20:54,เย็น (17:00-20:30),พฤหัสบดี,วันธรรมดา (Weekday),GUEST,ลูกค้าทั่วไป (Walk-in),Non-Member,ไม่ระบุ,Gen Z (18-25),สาขาสยามสแควร์,หน้าร้าน (Dine-in),Coffee,Iced Cafe Latte,Regular,50% (หวานน้อย),85,1,85,0.0,85.0,TrueMoney Wallet,0,5
TXN-2026-0188,2026-01-01,20:54,เย็น (17:00-20:30),พฤหัสบดี,วันธรรมดา (Weekday),GUEST,ลูกค้าทั่วไป (Walk-in),Non-Member,ไม่ระบุ,Gen Z (18-25),สาขาสยามสแควร์,หน้าร้าน (Dine-in),Bakery,Basque Burnt Cheesecake,Standard,-,125,1,125,0.0,125.0,TrueMoney Wallet,0,5
TXN-2026-0189,2026-02-10,07:52,เช้า (07:00-10:59),อังคาร,วันธรรมดา (Weekday),CUST-041,จิฮิโระ,Regular,หญิง,Gen Z (18-25),สาขาทองหล่อ,หน้าร้าน (Dine-in),Non-Coffee,Hojicha Roasted Tea,Regular,0% (ไม่หวาน),90,1,90,0.0,90.0,QR PromptPay,3,5
TXN-2026-0189,2026-02-10,07:52,เช้า (07:00-10:59),อังคาร,วันธรรมดา (Weekday),CUST-041,จิฮิโระ,Regular,หญิง,Gen Z (18-25),สาขาทองหล่อ,หน้าร้าน (Dine-in),Non-Coffee,Thai Milk Tea Special,Large,100% (หวานปกติ),85,2,170,0.0,170.0,QR PromptPay,6,5
TXN-2026-0190,2026-02-22,12:22,กลางวัน (11:00-13:59),อาทิตย์,วันหยุด (Weekend),CUST-007,โรโรโนอา โซโร,Silver,ชาย,Gen Y (26-40),สาขาทองหล่อ,ซื้อกลับ (Takeaway),Bakery,Chocolate Truffle Croffle,Standard,-,110,1,110,5.5,104.5,บัตรเครดิต,4,4
TXN-2026-0191,2026-01-05,09:16,เช้า (07:00-10:59),จันทร์,วันธรรมดา (Weekday),GUEST,ลูกค้าทั่วไป (Walk-in),Non-Member,ชาย,Gen Y (26-40),สาขาสยามสแควร์,หน้าร้าน (Dine-in),Coffee,Hot Cafe Latte,Regular,100% (หวานปกติ),80,2,160,0.0,160.0,บัตรเครดิต,0,5
TXN-2026-0191,2026-01-05,09:16,เช้า (07:00-10:59),จันทร์,วันธรรมดา (Weekday),GUEST,ลูกค้าทั่วไป (Walk-in),Non-Member,ชาย,Gen Y (26-40),สาขาสยามสแควร์,หน้าร้าน (Dine-in),Non-Coffee,Peach Sparking Soda,Regular,100% (หวานปกติ),80,1,80,0.0,80.0,บัตรเครดิต,0,5
TXN-2026-0191,2026-01-05,09:16,เช้า (07:00-10:59),จันทร์,วันธรรมดา (Weekday),GUEST,ลูกค้าทั่วไป (Walk-in),Non-Member,ชาย,Gen Y (26-40),สาขาสยามสแควร์,หน้าร้าน (Dine-in),Bakery,Basque Burnt Cheesecake,Standard,-,125,1,125,0.0,125.0,บัตรเครดิต,0,5
TXN-2026-0192,2026-01-25,13:46,กลางวัน (11:00-13:59),อาทิตย์,วันหยุด (Weekend),GUEST,ลูกค้าทั่วไป (Walk-in),Non-Member,ไม่ระบุ,Gen Y (26-40),สาขาทองหล่อ,หน้าร้าน (Dine-in),Bakery,Basque Burnt Cheesecake,Standard,-,125,1,125,0.0,125.0,QR PromptPay,0,5
TXN-2026-0192,2026-01-25,13:46,กลางวัน (11:00-13:59),อาทิตย์,วันหยุด (Weekend),GUEST,ลูกค้าทั่วไป (Walk-in),Non-Member,ไม่ระบุ,Gen Y (26-40),สาขาทองหล่อ,หน้าร้าน (Dine-in),Coffee,Iced Caramel Macchiato,Large,0% (ไม่หวาน),110,1,110,0.0,110.0,QR PromptPay,0,5
TXN-2026-0193,2026-03-26,15:12,บ่าย (14:00-16:59),พฤหัสบดี,วันธรรมดา (Weekday),CUST-014,ยอร์ ฟอร์เจอร์,Gold,หญิง,Gen Y (26-40),สาขาสยามสแควร์,หน้าร้าน (Dine-in),Bakery,Butter Croissant,Standard,-,75,1,75,7.5,67.5,QR PromptPay,2,4
TXN-2026-0194,2026-03-26,10:11,เช้า (07:00-10:59),พฤหัสบดี,วันธรรมดา (Weekday),CUST-025,คูกิซากิ โนบาระ,Gold,หญิง,Gen Z (18-25),สาขาสยามสแควร์,ซื้อกลับ (Takeaway),Non-Coffee,Thai Milk Tea Special,Regular,25% (หวานน้อยมาก),70,1,70,7.0,63.0,QR PromptPay,2,5
TXN-2026-0195,2026-03-27,09:51,เช้า (07:00-10:59),ศุกร์,วันธรรมดา (Weekday),CUST-049,คิริโตะ,Gold,ชาย,Gen Z (18-25),สาขาอารีย์,ซื้อกลับ (Takeaway),Merchandise,Anime Tumbler 500ml,Standard,-,390,1,390,39.0,351.0,TrueMoney Wallet,14,4
TXN-2026-0196,2026-01-31,11:25,กลางวัน (11:00-13:59),เสาร์,วันหยุด (Weekend),GUEST,ลูกค้าทั่วไป (Walk-in),Non-Member,ไม่ระบุ,Gen Z (18-25),สาขาอารีย์,เดลิเวอรี่ (Delivery),Coffee,Iced Cafe Latte,Regular,25% (หวานน้อยมาก),85,2,170,0.0,170.0,TrueMoney Wallet,0,4
TXN-2026-0196,2026-01-31,11:25,กลางวัน (11:00-13:59),เสาร์,วันหยุด (Weekend),GUEST,ลูกค้าทั่วไป (Walk-in),Non-Member,ไม่ระบุ,Gen Z (18-25),สาขาอารีย์,เดลิเวอรี่ (Delivery),Bakery,Chocolate Truffle Croffle,Standard,-,110,1,110,0.0,110.0,TrueMoney Wallet,0,4
TXN-2026-0197,2026-02-24,10:12,เช้า (07:00-10:59),อังคาร,วันธรรมดา (Weekday),GUEST,ลูกค้าทั่วไป (Walk-in),Non-Member,ไม่ระบุ,Gen Z (18-25),สาขาทองหล่อ,หน้าร้าน (Dine-in),Bakery,Butter Croissant,Standard,-,75,1,75,0.0,75.0,เงินสด,0,3
TXN-2026-0198,2026-02-05,11:50,กลางวัน (11:00-13:59),พฤหัสบดี,วันธรรมดา (Weekday),CUST-038,เซเลอร์มูน (อุซางิ),Gold,หญิง,Gen Y (26-40),สาขาอารีย์,หน้าร้าน (Dine-in),Coffee,Iced Cafe Latte,Regular,50% (หวานน้อย),85,2,170,17.0,153.0,QR PromptPay,6,5
TXN-2026-0198,2026-02-05,11:50,กลางวัน (11:00-13:59),พฤหัสบดี,วันธรรมดา (Weekday),CUST-038,เซเลอร์มูน (อุซางิ),Gold,หญิง,Gen Y (26-40),สาขาอารีย์,หน้าร้าน (Dine-in),Merchandise,House Blend Beans 250g,Standard,-,280,2,560,56.0,504.0,QR PromptPay,20,5
TXN-2026-0199,2026-02-03,12:36,กลางวัน (11:00-13:59),อังคาร,วันธรรมดา (Weekday),CUST-003,ชิซุกะ,Gold,หญิง,Gen Z (18-25),สาขาสยามสแควร์,หน้าร้าน (Dine-in),Bakery,Butter Croissant,Standard,-,75,1,75,7.5,67.5,บัตรเครดิต,2,4
TXN-2026-0200,2026-01-07,15:57,บ่าย (14:00-16:59),พุธ,วันธรรมดา (Weekday),CUST-022,โกโจ ซาโตรุ,Platinum,ชาย,Gen Y (26-40),สาขาทองหล่อ,หน้าร้าน (Dine-in),Coffee,Iced Cafe Latte,Regular,50% (หวานน้อย),85,2,170,25.5,144.5,QR PromptPay,5,5
TXN-2026-0200,2026-01-07,15:57,บ่าย (14:00-16:59),พุธ,วันธรรมดา (Weekday),CUST-022,โกโจ ซาโตรุ,Platinum,ชาย,Gen Y (26-40),สาขาทองหล่อ,หน้าร้าน (Dine-in),Non-Coffee,Uji Matcha Latte,Large,50% (หวานน้อย),110,1,110,16.5,93.5,QR PromptPay,3,5
TXN-2026-0201,2026-02-23,14:12,บ่าย (14:00-16:59),จันทร์,วันธรรมดา (Weekday),CUST-027,คามาโดะ เนซึโกะ,Gold,หญิง,Gen Z (18-25),สาขาทองหล่อ,ซื้อกลับ (Takeaway),Coffee,Signature Cold Brew,Regular,0% (ไม่หวาน),105,1,105,10.5,94.5,TrueMoney Wallet,3,4
TXN-2026-0202,2026-03-06,13:56,กลางวัน (11:00-13:59),ศุกร์,วันธรรมดา (Weekday),CUST-012,อาเนีย ฟอร์เจอร์,Regular,หญิง,Gen Z (18-25),สาขาสยามสแควร์,เดลิเวอรี่ (Delivery),Non-Coffee,Hojicha Roasted Tea,Regular,50% (หวานน้อย),90,1,90,0.0,90.0,TrueMoney Wallet,3,5
TXN-2026-0203,2026-03-01,13:59,กลางวัน (11:00-13:59),อาทิตย์,วันหยุด (Weekend),CUST-002,โนบิตะ,Regular,ชาย,Gen Z (18-25),สาขาสยามสแควร์,ซื้อกลับ (Takeaway),Merchandise,Anime Tumbler 500ml,Standard,-,390,1,390,0.0,390.0,QR PromptPay,15,2
TXN-2026-0204,2026-02-03,16:05,บ่าย (14:00-16:59),อังคาร,วันธรรมดา (Weekday),CUST-025,คูกิซากิ โนบาระ,Gold,หญิง,Gen Z (18-25),สาขาสยามสแควร์,เดลิเวอรี่ (Delivery),Non-Coffee,Uji Matcha Latte,Regular,50% (หวานน้อย),95,1,95,9.5,85.5,TrueMoney Wallet,3,5
TXN-2026-0205,2026-03-07,07:30,เช้า (07:00-10:59),เสาร์,วันหยุด (Weekend),GUEST,ลูกค้าทั่วไป (Walk-in),Non-Member,ไม่ระบุ,Gen Z (18-25),สาขาอารีย์,หน้าร้าน (Dine-in),Non-Coffee,Thai Milk Tea Special,Large,100% (หวานปกติ),85,2,170,0.0,170.0,QR PromptPay,0,4
TXN-2026-0206,2026-02-28,10:19,เช้า (07:00-10:59),เสาร์,วันหยุด (Weekend),CUST-040,โทโทโร่,Platinum,ไม่ระบุ,Gen X (41-55),สาขาอารีย์,หน้าร้าน (Dine-in),Non-Coffee,Hojicha Roasted Tea,Large,0% (ไม่หวาน),105,1,105,15.75,89.25,บัตรเครดิต,3,4
TXN-2026-0206,2026-02-28,10:19,เช้า (07:00-10:59),เสาร์,วันหยุด (Weekend),CUST-040,โทโทโร่,Platinum,ไม่ระบุ,Gen X (41-55),สาขาอารีย์,หน้าร้าน (Dine-in),Merchandise,Anime Tumbler 500ml,Standard,-,390,2,780,117.0,663.0,บัตรเครดิต,26,4
TXN-2026-0206,2026-02-28,10:19,เช้า (07:00-10:59),เสาร์,วันหยุด (Weekend),CUST-040,โทโทโร่,Platinum,ไม่ระบุ,Gen X (41-55),สาขาอารีย์,หน้าร้าน (Dine-in),Non-Coffee,Dark Cocoa Extreme,Large,50% (หวานน้อย),100,1,100,15.0,85.0,บัตรเครดิต,3,4
TXN-2026-0207,2026-03-25,08:33,เช้า (07:00-10:59),พุธ,วันธรรมดา (Weekday),CUST-004,ซูเนโอะ,Platinum,ชาย,Gen Y (26-40),สาขาทองหล่อ,เดลิเวอรี่ (Delivery),Coffee,Espresso (Single/Double),Regular,0% (ไม่หวาน),65,1,65,9.75,55.25,บัตรเครดิต,2,4
TXN-2026-0207,2026-03-25,08:33,เช้า (07:00-10:59),พุธ,วันธรรมดา (Weekday),CUST-004,ซูเนโอะ,Platinum,ชาย,Gen Y (26-40),สาขาทองหล่อ,เดลิเวอรี่ (Delivery),Bakery,Basque Burnt Cheesecake,Standard,-,125,1,125,18.75,106.25,บัตรเครดิต,4,4
TXN-2026-0208,2026-01-05,13:52,กลางวัน (11:00-13:59),จันทร์,วันธรรมดา (Weekday),CUST-047,มิคาสะ แอคเคอร์แมน,Gold,หญิง,Gen Z (18-25),สาขาทองหล่อ,ซื้อกลับ (Takeaway),Non-Coffee,Hojicha Roasted Tea,Regular,25% (หวานน้อยมาก),90,1,90,9.0,81.0,บัตรเครดิต,3,5
TXN-2026-0208,2026-01-05,13:52,กลางวัน (11:00-13:59),จันทร์,วันธรรมดา (Weekday),CUST-047,มิคาสะ แอคเคอร์แมน,Gold,หญิง,Gen Z (18-25),สาขาทองหล่อ,ซื้อกลับ (Takeaway),Bakery,Carrot Walnut Cake,Standard,-,115,1,115,11.5,103.5,บัตรเครดิต,4,5
TXN-2026-0208,2026-01-05,13:52,กลางวัน (11:00-13:59),จันทร์,วันธรรมดา (Weekday),CUST-047,มิคาสะ แอคเคอร์แมน,Gold,หญิง,Gen Z (18-25),สาขาทองหล่อ,ซื้อกลับ (Takeaway),Non-Coffee,Dark Cocoa Extreme,Large,25% (หวานน้อยมาก),100,2,200,20.0,180.0,บัตรเครดิต,7,5
TXN-2026-0209,2026-02-12,14:22,บ่าย (14:00-16:59),พฤหัสบดี,วันธรรมดา (Weekday),CUST-020,มิซาเอะ,Gold,หญิง,Gen X (41-55),สาขาอารีย์,เดลิเวอรี่ (Delivery),Coffee,Iced Cafe Latte,Large,0% (ไม่หวาน),100,2,200,20.0,180.0,QR PromptPay,7,5
TXN-2026-0210,2026-03-16,13:04,กลางวัน (11:00-13:59),จันทร์,วันธรรมดา (Weekday),CUST-013,ลอยด์ ฟอร์เจอร์,Platinum,ชาย,Gen Y (26-40),สาขาอารีย์,เดลิเวอรี่ (Delivery),Coffee,Iced Caramel Macchiato,Regular,25% (หวานน้อยมาก),95,1,95,14.25,80.75,QR PromptPay,3,5
TXN-2026-0211,2026-03-14,20:09,เย็น (17:00-20:30),เสาร์,วันหยุด (Weekend),CUST-046,เอเรน เยเกอร์,Regular,ชาย,Gen Z (18-25),สาขาสยามสแควร์,หน้าร้าน (Dine-in),Coffee,Iced Americano,Regular,100% (หวานปกติ),75,1,75,0.0,75.0,QR PromptPay,3,2
TXN-2026-0212,2026-01-22,11:31,กลางวัน (11:00-13:59),พฤหัสบดี,วันธรรมดา (Weekday),CUST-050,อาสึนะ,Platinum,หญิง,Gen Z (18-25),สาขาสยามสแควร์,ซื้อกลับ (Takeaway),Bakery,Butter Croissant,Standard,-,75,2,150,22.5,127.5,บัตรเครดิต,5,5
TXN-2026-0212,2026-01-22,11:31,กลางวัน (11:00-13:59),พฤหัสบดี,วันธรรมดา (Weekday),CUST-050,อาสึนะ,Platinum,หญิง,Gen Z (18-25),สาขาสยามสแควร์,ซื้อกลับ (Takeaway),Coffee,Espresso (Single/Double),Regular,0% (ไม่หวาน),65,1,65,9.75,55.25,บัตรเครดิต,2,5
TXN-2026-0212,2026-01-22,11:31,กลางวัน (11:00-13:59),พฤหัสบดี,วันธรรมดา (Weekday),CUST-050,อาสึนะ,Platinum,หญิง,Gen Z (18-25),สาขาสยามสแควร์,ซื้อกลับ (Takeaway),Coffee,Iced Americano,Regular,0% (ไม่หวาน),75,1,75,11.25,63.75,บัตรเครดิต,2,5
TXN-2026-0212,2026-01-22,11:31,กลางวัน (11:00-13:59),พฤหัสบดี,วันธรรมดา (Weekday),CUST-050,อาสึนะ,Platinum,หญิง,Gen Z (18-25),สาขาสยามสแควร์,ซื้อกลับ (Takeaway),Coffee,Dirty Coffee,Regular,25% (หวานน้อยมาก),90,1,90,13.5,76.5,บัตรเครดิต,3,5
TXN-2026-0213,2026-02-14,07:24,เช้า (07:00-10:59),เสาร์,วันหยุด (Weekend),CUST-020,มิซาเอะ,Gold,หญิง,Gen X (41-55),สาขาสยามสแควร์,เดลิเวอรี่ (Delivery),Bakery,Carrot Walnut Cake,Standard,-,115,2,230,23.0,207.0,QR PromptPay,8,5
TXN-2026-0213,2026-02-14,07:24,เช้า (07:00-10:59),เสาร์,วันหยุด (Weekend),CUST-020,มิซาเอะ,Gold,หญิง,Gen X (41-55),สาขาสยามสแควร์,เดลิเวอรี่ (Delivery),Non-Coffee,Peach Sparking Soda,Regular,50% (หวานน้อย),80,2,160,16.0,144.0,QR PromptPay,5,5
TXN-2026-0214,2026-03-04,11:10,กลางวัน (11:00-13:59),พุธ,วันธรรมดา (Weekday),GUEST,ลูกค้าทั่วไป (Walk-in),Non-Member,หญิง,Gen Z (18-25),สาขาสยามสแควร์,ซื้อกลับ (Takeaway),Coffee,Signature Cold Brew,Regular,0% (ไม่หวาน),105,1,105,0.0,105.0,QR PromptPay,0,4
TXN-2026-0214,2026-03-04,11:10,กลางวัน (11:00-13:59),พุธ,วันธรรมดา (Weekday),GUEST,ลูกค้าทั่วไป (Walk-in),Non-Member,หญิง,Gen Z (18-25),สาขาสยามสแควร์,ซื้อกลับ (Takeaway),Coffee,Iced Cafe Latte,Regular,100% (หวานปกติ),85,2,170,0.0,170.0,QR PromptPay,0,4
TXN-2026-0215,2026-02-02,16:03,บ่าย (14:00-16:59),จันทร์,วันธรรมดา (Weekday),CUST-004,ซูเนโอะ,Platinum,ชาย,Gen Y (26-40),สาขาทองหล่อ,ซื้อกลับ (Takeaway),Bakery,Butter Croissant,Standard,-,75,1,75,11.25,63.75,QR PromptPay,2,4
TXN-2026-0216,2026-03-02,14:44,บ่าย (14:00-16:59),จันทร์,วันธรรมดา (Weekday),CUST-001,โดราเอมอน,Platinum,ชาย,Gen Y (26-40),สาขาสยามสแควร์,ซื้อกลับ (Takeaway),Coffee,Iced Caramel Macchiato,Regular,0% (ไม่หวาน),95,1,95,14.25,80.75,บัตรเครดิต,3,5
TXN-2026-0216,2026-03-02,14:44,บ่าย (14:00-16:59),จันทร์,วันธรรมดา (Weekday),CUST-001,โดราเอมอน,Platinum,ชาย,Gen Y (26-40),สาขาสยามสแควร์,ซื้อกลับ (Takeaway),Bakery,Almond Cream Croissant,Standard,-,95,1,95,14.25,80.75,บัตรเครดิต,3,5
TXN-2026-0217,2026-03-19,09:53,เช้า (07:00-10:59),พฤหัสบดี,วันธรรมดา (Weekday),CUST-013,ลอยด์ ฟอร์เจอร์,Platinum,ชาย,Gen Y (26-40),สาขาสยามสแควร์,หน้าร้าน (Dine-in),Bakery,Basque Burnt Cheesecake,Standard,-,125,1,125,18.75,106.25,QR PromptPay,4,5
TXN-2026-0217,2026-03-19,09:53,เช้า (07:00-10:59),พฤหัสบดี,วันธรรมดา (Weekday),CUST-013,ลอยด์ ฟอร์เจอร์,Platinum,ชาย,Gen Y (26-40),สาขาสยามสแควร์,หน้าร้าน (Dine-in),Non-Coffee,Peach Sparking Soda,Regular,0% (ไม่หวาน),80,2,160,24.0,136.0,QR PromptPay,5,5
TXN-2026-0217,2026-03-19,09:53,เช้า (07:00-10:59),พฤหัสบดี,วันธรรมดา (Weekday),CUST-013,ลอยด์ ฟอร์เจอร์,Platinum,ชาย,Gen Y (26-40),สาขาสยามสแควร์,หน้าร้าน (Dine-in),Non-Coffee,Uji Matcha Latte,Large,25% (หวานน้อยมาก),110,2,220,33.0,187.0,QR PromptPay,7,5
TXN-2026-0218,2026-03-07,07:57,เช้า (07:00-10:59),เสาร์,วันหยุด (Weekend),CUST-015,เอโดงาวะ โคนัน,Silver,ชาย,Gen Z (18-25),สาขาอารีย์,เดลิเวอรี่ (Delivery),Coffee,Iced Americano,Large,50% (หวานน้อย),90,1,90,4.5,85.5,QR PromptPay,3,5
TXN-2026-0218,2026-03-07,07:57,เช้า (07:00-10:59),เสาร์,วันหยุด (Weekend),CUST-015,เอโดงาวะ โคนัน,Silver,ชาย,Gen Z (18-25),สาขาอารีย์,เดลิเวอรี่ (Delivery),Non-Coffee,Dark Cocoa Extreme,Regular,0% (ไม่หวาน),85,2,170,8.5,161.5,QR PromptPay,6,5
TXN-2026-0219,2026-01-06,08:42,เช้า (07:00-10:59),อังคาร,วันธรรมดา (Weekday),CUST-022,โกโจ ซาโตรุ,Platinum,ชาย,Gen Y (26-40),สาขาสยามสแควร์,ซื้อกลับ (Takeaway),Non-Coffee,Peach Sparking Soda,Regular,0% (ไม่หวาน),80,1,80,12.0,68.0,บัตรเครดิต,2,4
TXN-2026-0220,2026-02-28,10:44,เช้า (07:00-10:59),เสาร์,วันหยุด (Weekend),GUEST,ลูกค้าทั่วไป (Walk-in),Non-Member,หญิง,Gen X (41-55),สาขาลาดพร้าว,หน้าร้าน (Dine-in),Coffee,Signature Cold Brew,Regular,0% (ไม่หวาน),105,1,105,0.0,105.0,QR PromptPay,0,4
TXN-2026-0220,2026-02-28,10:44,เช้า (07:00-10:59),เสาร์,วันหยุด (Weekend),GUEST,ลูกค้าทั่วไป (Walk-in),Non-Member,หญิง,Gen X (41-55),สาขาลาดพร้าว,หน้าร้าน (Dine-in),Coffee,Iced Cafe Latte,Large,50% (หวานน้อย),100,1,100,0.0,100.0,QR PromptPay,0,4
TXN-2026-0220,2026-02-28,10:44,เช้า (07:00-10:59),เสาร์,วันหยุด (Weekend),GUEST,ลูกค้าทั่วไป (Walk-in),Non-Member,หญิง,Gen X (41-55),สาขาลาดพร้าว,หน้าร้าน (Dine-in),Bakery,Almond Cream Croissant,Standard,-,95,1,95,0.0,95.0,QR PromptPay,0,4
TXN-2026-0220,2026-02-28,10:44,เช้า (07:00-10:59),เสาร์,วันหยุด (Weekend),GUEST,ลูกค้าทั่วไป (Walk-in),Non-Member,หญิง,Gen X (41-55),สาขาลาดพร้าว,หน้าร้าน (Dine-in),Bakery,Basque Burnt Cheesecake,Standard,-,125,1,125,0.0,125.0,QR PromptPay,0,4
TXN-2026-0221,2026-02-22,11:16,กลางวัน (11:00-13:59),อาทิตย์,วันหยุด (Weekend),CUST-001,โดราเอมอน,Platinum,ชาย,Gen Y (26-40),สาขาทองหล่อ,ซื้อกลับ (Takeaway),Non-Coffee,Peach Sparking Soda,Regular,100% (หวานปกติ),80,1,80,12.0,68.0,TrueMoney Wallet,2,5
TXN-2026-0221,2026-02-22,11:16,กลางวัน (11:00-13:59),อาทิตย์,วันหยุด (Weekend),CUST-001,โดราเอมอน,Platinum,ชาย,Gen Y (26-40),สาขาทองหล่อ,ซื้อกลับ (Takeaway),Bakery,Carrot Walnut Cake,Standard,-,115,1,115,17.25,97.75,TrueMoney Wallet,3,5
TXN-2026-0222,2026-03-26,15:09,บ่าย (14:00-16:59),พฤหัสบดี,วันธรรมดา (Weekday),CUST-036,ปิกาจู,Platinum,ไม่ระบุ,Gen Z (18-25),สาขาลาดพร้าว,ซื้อกลับ (Takeaway),Bakery,Basque Burnt Cheesecake,Standard,-,125,2,250,37.5,212.5,QR PromptPay,8,3
TXN-2026-0223,2026-01-10,15:15,บ่าย (14:00-16:59),เสาร์,วันหยุด (Weekend),CUST-018,ไฮบาระ ไอ,Gold,หญิง,Gen Z (18-25),สาขาสยามสแควร์,หน้าร้าน (Dine-in),Bakery,Chocolate Truffle Croffle,Standard,-,110,1,110,11.0,99.0,บัตรเครดิต,3,5
TXN-2026-0224,2026-02-27,10:28,เช้า (07:00-10:59),ศุกร์,วันธรรมดา (Weekday),CUST-032,อุจิวะ ซาสึเกะ,Silver,ชาย,Gen Y (26-40),สาขาทองหล่อ,หน้าร้าน (Dine-in),Coffee,Hot Cafe Latte,Regular,100% (หวานปกติ),80,2,160,8.0,152.0,QR PromptPay,6,5
TXN-2026-0224,2026-02-27,10:28,เช้า (07:00-10:59),ศุกร์,วันธรรมดา (Weekday),CUST-032,อุจิวะ ซาสึเกะ,Silver,ชาย,Gen Y (26-40),สาขาทองหล่อ,หน้าร้าน (Dine-in),Non-Coffee,Dark Cocoa Extreme,Large,0% (ไม่หวาน),100,1,100,5.0,95.0,QR PromptPay,3,5
TXN-2026-0225,2026-02-28,13:38,กลางวัน (11:00-13:59),เสาร์,วันหยุด (Weekend),CUST-043,ซุน โกคู,Gold,ชาย,Gen X (41-55),สาขาสยามสแควร์,ซื้อกลับ (Takeaway),Non-Coffee,Hojicha Roasted Tea,Large,50% (หวานน้อย),105,1,105,10.5,94.5,QR PromptPay,3,4
TXN-2026-0226,2026-01-06,20:08,เย็น (17:00-20:30),อังคาร,วันธรรมดา (Weekday),CUST-048,รีไวล์ แอคเคอร์แมน,Platinum,ชาย,Gen Y (26-40),สาขาทองหล่อ,หน้าร้าน (Dine-in),Bakery,Butter Croissant,Standard,-,75,1,75,11.25,63.75,บัตรเครดิต,2,5
TXN-2026-0226,2026-01-06,20:08,เย็น (17:00-20:30),อังคาร,วันธรรมดา (Weekday),CUST-048,รีไวล์ แอคเคอร์แมน,Platinum,ชาย,Gen Y (26-40),สาขาทองหล่อ,หน้าร้าน (Dine-in),Coffee,Dirty Coffee,Regular,100% (หวานปกติ),90,1,90,13.5,76.5,บัตรเครดิต,3,5
TXN-2026-0226,2026-01-06,20:08,เย็น (17:00-20:30),อังคาร,วันธรรมดา (Weekday),CUST-048,รีไวล์ แอคเคอร์แมน,Platinum,ชาย,Gen Y (26-40),สาขาทองหล่อ,หน้าร้าน (Dine-in),Bakery,Chocolate Truffle Croffle,Standard,-,110,1,110,16.5,93.5,บัตรเครดิต,3,5
TXN-2026-0227,2026-02-27,13:32,กลางวัน (11:00-13:59),ศุกร์,วันธรรมดา (Weekday),CUST-032,อุจิวะ ซาสึเกะ,Silver,ชาย,Gen Y (26-40),สาขาสยามสแควร์,ซื้อกลับ (Takeaway),Bakery,Carrot Walnut Cake,Standard,-,115,1,115,5.75,109.25,บัตรเครดิต,4,5
TXN-2026-0227,2026-02-27,13:32,กลางวัน (11:00-13:59),ศุกร์,วันธรรมดา (Weekday),CUST-032,อุจิวะ ซาสึเกะ,Silver,ชาย,Gen Y (26-40),สาขาสยามสแควร์,ซื้อกลับ (Takeaway),Coffee,Signature Cold Brew,Regular,0% (ไม่หวาน),105,1,105,5.25,99.75,บัตรเครดิต,3,5
TXN-2026-0228,2026-03-26,15:32,บ่าย (14:00-16:59),พฤหัสบดี,วันธรรมดา (Weekday),GUEST,ลูกค้าทั่วไป (Walk-in),Non-Member,หญิง,Gen X (41-55),สาขาลาดพร้าว,ซื้อกลับ (Takeaway),Bakery,Chocolate Truffle Croffle,Standard,-,110,2,220,0.0,220.0,QR PromptPay,0,2
TXN-2026-0228,2026-03-26,15:32,บ่าย (14:00-16:59),พฤหัสบดี,วันธรรมดา (Weekday),GUEST,ลูกค้าทั่วไป (Walk-in),Non-Member,หญิง,Gen X (41-55),สาขาลาดพร้าว,ซื้อกลับ (Takeaway),Coffee,Iced Caramel Macchiato,Large,25% (หวานน้อยมาก),110,1,110,0.0,110.0,QR PromptPay,0,2
TXN-2026-0228,2026-03-26,15:32,บ่าย (14:00-16:59),พฤหัสบดี,วันธรรมดา (Weekday),GUEST,ลูกค้าทั่วไป (Walk-in),Non-Member,หญิง,Gen X (41-55),สาขาลาดพร้าว,ซื้อกลับ (Takeaway),Merchandise,Anime Tumbler 500ml,Standard,-,390,1,390,0.0,390.0,QR PromptPay,0,2
TXN-2026-0228,2026-03-26,15:32,บ่าย (14:00-16:59),พฤหัสบดี,วันธรรมดา (Weekday),GUEST,ลูกค้าทั่วไป (Walk-in),Non-Member,หญิง,Gen X (41-55),สาขาลาดพร้าว,ซื้อกลับ (Takeaway),Bakery,Almond Cream Croissant,Standard,-,95,2,190,0.0,190.0,QR PromptPay,0,2
TXN-2026-0229,2026-03-25,18:32,เย็น (17:00-20:30),พุธ,วันธรรมดา (Weekday),CUST-041,จิฮิโระ,Regular,หญิง,Gen Z (18-25),สาขาสยามสแควร์,หน้าร้าน (Dine-in),Bakery,Almond Cream Croissant,Standard,-,95,2,190,0.0,190.0,QR PromptPay,7,5
TXN-2026-0229,2026-03-25,18:32,เย็น (17:00-20:30),พุธ,วันธรรมดา (Weekday),CUST-041,จิฮิโระ,Regular,หญิง,Gen Z (18-25),สาขาสยามสแควร์,หน้าร้าน (Dine-in),Merchandise,Anime Tumbler 500ml,Standard,-,390,1,390,0.0,390.0,QR PromptPay,15,5
TXN-2026-0230,2026-03-08,10:09,เช้า (07:00-10:59),อาทิตย์,วันหยุด (Weekend),CUST-004,ซูเนโอะ,Platinum,ชาย,Gen Y (26-40),สาขาสยามสแควร์,ซื้อกลับ (Takeaway),Coffee,Iced Americano,Large,25% (หวานน้อยมาก),90,1,90,13.5,76.5,QR PromptPay,3,5
TXN-2026-0231,2026-01-05,12:06,กลางวัน (11:00-13:59),จันทร์,วันธรรมดา (Weekday),CUST-044,เบจิต้า,Platinum,ชาย,Gen X (41-55),สาขาทองหล่อ,เดลิเวอรี่ (Delivery),Non-Coffee,Dark Cocoa Extreme,Regular,100% (หวานปกติ),85,1,85,12.75,72.25,บัตรเครดิต,2,5
TXN-2026-0232,2026-03-29,07:00,เช้า (07:00-10:59),อาทิตย์,วันหยุด (Weekend),CUST-013,ลอยด์ ฟอร์เจอร์,Platinum,ชาย,Gen Y (26-40),สาขาทองหล่อ,ซื้อกลับ (Takeaway),Non-Coffee,Hojicha Roasted Tea,Regular,50% (หวานน้อย),90,1,90,13.5,76.5,TrueMoney Wallet,3,4
TXN-2026-0232,2026-03-29,07:00,เช้า (07:00-10:59),อาทิตย์,วันหยุด (Weekend),CUST-013,ลอยด์ ฟอร์เจอร์,Platinum,ชาย,Gen Y (26-40),สาขาทองหล่อ,ซื้อกลับ (Takeaway),Merchandise,Anime Tumbler 500ml,Standard,-,390,1,390,58.5,331.5,TrueMoney Wallet,13,4
TXN-2026-0232,2026-03-29,07:00,เช้า (07:00-10:59),อาทิตย์,วันหยุด (Weekend),CUST-013,ลอยด์ ฟอร์เจอร์,Platinum,ชาย,Gen Y (26-40),สาขาทองหล่อ,ซื้อกลับ (Takeaway),Coffee,Dirty Coffee,Regular,0% (ไม่หวาน),90,1,90,13.5,76.5,TrueMoney Wallet,3,4
TXN-2026-0233,2026-02-24,09:08,เช้า (07:00-10:59),อังคาร,วันธรรมดา (Weekday),CUST-017,โมริ โคโกโร่,Regular,ชาย,Gen X (41-55),สาขาสยามสแควร์,ซื้อกลับ (Takeaway),Coffee,Iced Americano,Large,0% (ไม่หวาน),90,1,90,0.0,90.0,เงินสด,3,5
TXN-2026-0233,2026-02-24,09:08,เช้า (07:00-10:59),อังคาร,วันธรรมดา (Weekday),CUST-017,โมริ โคโกโร่,Regular,ชาย,Gen X (41-55),สาขาสยามสแควร์,ซื้อกลับ (Takeaway),Non-Coffee,Dark Cocoa Extreme,Large,25% (หวานน้อยมาก),100,2,200,0.0,200.0,เงินสด,8,5
TXN-2026-0233,2026-02-24,09:08,เช้า (07:00-10:59),อังคาร,วันธรรมดา (Weekday),CUST-017,โมริ โคโกโร่,Regular,ชาย,Gen X (41-55),สาขาสยามสแควร์,ซื้อกลับ (Takeaway),Bakery,Basque Burnt Cheesecake,Standard,-,125,1,125,0.0,125.0,เงินสด,5,5
TXN-2026-0234,2026-01-21,13:25,กลางวัน (11:00-13:59),พุธ,วันธรรมดา (Weekday),CUST-015,เอโดงาวะ โคนัน,Silver,ชาย,Gen Z (18-25),สาขาลาดพร้าว,ซื้อกลับ (Takeaway),Bakery,Carrot Walnut Cake,Standard,-,115,1,115,5.75,109.25,QR PromptPay,4,5
TXN-2026-0234,2026-01-21,13:25,กลางวัน (11:00-13:59),พุธ,วันธรรมดา (Weekday),CUST-015,เอโดงาวะ โคนัน,Silver,ชาย,Gen Z (18-25),สาขาลาดพร้าว,ซื้อกลับ (Takeaway),Bakery,Basque Burnt Cheesecake,Standard,-,125,2,250,12.5,237.5,QR PromptPay,9,5
TXN-2026-0234,2026-01-21,13:25,กลางวัน (11:00-13:59),พุธ,วันธรรมดา (Weekday),CUST-015,เอโดงาวะ โคนัน,Silver,ชาย,Gen Z (18-25),สาขาลาดพร้าว,ซื้อกลับ (Takeaway),Coffee,Espresso (Single/Double),Regular,0% (ไม่หวาน),65,1,65,3.25,61.75,QR PromptPay,2,5
TXN-2026-0234,2026-01-21,13:25,กลางวัน (11:00-13:59),พุธ,วันธรรมดา (Weekday),CUST-015,เอโดงาวะ โคนัน,Silver,ชาย,Gen Z (18-25),สาขาลาดพร้าว,ซื้อกลับ (Takeaway),Coffee,Iced Cafe Latte,Regular,100% (หวานปกติ),85,1,85,4.25,80.75,QR PromptPay,3,5
TXN-2026-0235,2026-02-06,09:32,เช้า (07:00-10:59),ศุกร์,วันธรรมดา (Weekday),CUST-029,ฮาชิบิระ อิโนะสุเกะ,Regular,ชาย,Gen Z (18-25),สาขาอารีย์,หน้าร้าน (Dine-in),Coffee,Iced Cafe Latte,Regular,0% (ไม่หวาน),85,1,85,0.0,85.0,บัตรเครดิต,3,5
TXN-2026-0236,2026-01-27,14:55,บ่าย (14:00-16:59),อังคาร,วันธรรมดา (Weekday),CUST-007,โรโรโนอา โซโร,Silver,ชาย,Gen Y (26-40),สาขาสยามสแควร์,เดลิเวอรี่ (Delivery),Coffee,Hot Cafe Latte,Regular,0% (ไม่หวาน),80,1,80,4.0,76.0,TrueMoney Wallet,3,4
TXN-2026-0237,2026-02-12,07:03,เช้า (07:00-10:59),พฤหัสบดี,วันธรรมดา (Weekday),CUST-017,โมริ โคโกโร่,Regular,ชาย,Gen X (41-55),สาขาอารีย์,ซื้อกลับ (Takeaway),Bakery,Butter Croissant,Standard,-,75,1,75,0.0,75.0,QR PromptPay,3,5
TXN-2026-0238,2026-02-19,16:00,บ่าย (14:00-16:59),พฤหัสบดี,วันธรรมดา (Weekday),CUST-040,โทโทโร่,Platinum,ไม่ระบุ,Gen X (41-55),สาขาสยามสแควร์,ซื้อกลับ (Takeaway),Bakery,Carrot Walnut Cake,Standard,-,115,1,115,17.25,97.75,QR PromptPay,3,4
TXN-2026-0239,2026-03-29,07:18,เช้า (07:00-10:59),อาทิตย์,วันหยุด (Weekend),CUST-029,ฮาชิบิระ อิโนะสุเกะ,Regular,ชาย,Gen Z (18-25),สาขาอารีย์,เดลิเวอรี่ (Delivery),Bakery,Butter Croissant,Standard,-,75,2,150,0.0,150.0,QR PromptPay,6,5
TXN-2026-0240,2026-01-19,09:00,เช้า (07:00-10:59),จันทร์,วันธรรมดา (Weekday),CUST-036,ปิกาจู,Platinum,ไม่ระบุ,Gen Z (18-25),สาขาสยามสแควร์,หน้าร้าน (Dine-in),Coffee,Hot Cafe Latte,Regular,50% (หวานน้อย),80,1,80,12.0,68.0,บัตรเครดิต,2,5
TXN-2026-0240,2026-01-19,09:00,เช้า (07:00-10:59),จันทร์,วันธรรมดา (Weekday),CUST-036,ปิกาจู,Platinum,ไม่ระบุ,Gen Z (18-25),สาขาสยามสแควร์,หน้าร้าน (Dine-in),Non-Coffee,Dark Cocoa Extreme,Regular,25% (หวานน้อยมาก),85,1,85,12.75,72.25,บัตรเครดิต,2,5
TXN-2026-0241,2026-03-20,14:07,บ่าย (14:00-16:59),ศุกร์,วันธรรมดา (Weekday),CUST-037,ซาโตชิ,Silver,ชาย,Gen Z (18-25),สาขาลาดพร้าว,เดลิเวอรี่ (Delivery),Merchandise,Anime Tumbler 500ml,Standard,-,390,1,390,19.5,370.5,เงินสด,14,1
TXN-2026-0242,2026-01-09,08:46,เช้า (07:00-10:59),ศุกร์,วันธรรมดา (Weekday),CUST-022,โกโจ ซาโตรุ,Platinum,ชาย,Gen Y (26-40),สาขาสยามสแควร์,ซื้อกลับ (Takeaway),Coffee,Dirty Coffee,Regular,100% (หวานปกติ),90,1,90,13.5,76.5,QR PromptPay,3,5
TXN-2026-0243,2026-03-20,16:37,บ่าย (14:00-16:59),ศุกร์,วันธรรมดา (Weekday),CUST-037,ซาโตชิ,Silver,ชาย,Gen Z (18-25),สาขาสยามสแควร์,หน้าร้าน (Dine-in),Non-Coffee,Uji Matcha Latte,Large,50% (หวานน้อย),110,2,220,11.0,209.0,QR PromptPay,8,5
TXN-2026-0244,2026-01-18,15:56,บ่าย (14:00-16:59),อาทิตย์,วันหยุด (Weekend),CUST-029,ฮาชิบิระ อิโนะสุเกะ,Regular,ชาย,Gen Z (18-25),สาขาสยามสแควร์,หน้าร้าน (Dine-in),Non-Coffee,Thai Milk Tea Special,Regular,50% (หวานน้อย),70,1,70,0.0,70.0,บัตรเครดิต,2,5
TXN-2026-0244,2026-01-18,15:56,บ่าย (14:00-16:59),อาทิตย์,วันหยุด (Weekend),CUST-029,ฮาชิบิระ อิโนะสุเกะ,Regular,ชาย,Gen Z (18-25),สาขาสยามสแควร์,หน้าร้าน (Dine-in),Coffee,Iced Caramel Macchiato,Regular,0% (ไม่หวาน),95,2,190,0.0,190.0,บัตรเครดิต,7,5
TXN-2026-0245,2026-03-06,16:37,บ่าย (14:00-16:59),ศุกร์,วันธรรมดา (Weekday),CUST-038,เซเลอร์มูน (อุซางิ),Gold,หญิง,Gen Y (26-40),สาขาสยามสแควร์,หน้าร้าน (Dine-in),Coffee,Iced Caramel Macchiato,Large,25% (หวานน้อยมาก),110,2,220,22.0,198.0,QR PromptPay,7,4
TXN-2026-0245,2026-03-06,16:37,บ่าย (14:00-16:59),ศุกร์,วันธรรมดา (Weekday),CUST-038,เซเลอร์มูน (อุซางิ),Gold,หญิง,Gen Y (26-40),สาขาสยามสแควร์,หน้าร้าน (Dine-in),Non-Coffee,Hojicha Roasted Tea,Large,25% (หวานน้อยมาก),105,1,105,10.5,94.5,QR PromptPay,3,4
TXN-2026-0246,2026-03-07,09:32,เช้า (07:00-10:59),เสาร์,วันหยุด (Weekend),CUST-016,โมริ รัน,Silver,หญิง,Gen Z (18-25),สาขาลาดพร้าว,เดลิเวอรี่ (Delivery),Bakery,Chocolate Truffle Croffle,Standard,-,110,1,110,5.5,104.5,บัตรเครดิต,4,5
TXN-2026-0247,2026-03-14,14:47,บ่าย (14:00-16:59),เสาร์,วันหยุด (Weekend),CUST-023,อิตาโดริ ยูจิ,Regular,ชาย,Gen Z (18-25),สาขาสยามสแควร์,ซื้อกลับ (Takeaway),Coffee,Dirty Coffee,Regular,100% (หวานปกติ),90,1,90,0.0,90.0,QR PromptPay,3,5
TXN-2026-0248,2026-02-28,17:41,เย็น (17:00-20:30),เสาร์,วันหยุด (Weekend),CUST-046,เอเรน เยเกอร์,Regular,ชาย,Gen Z (18-25),สาขาลาดพร้าว,ซื้อกลับ (Takeaway),Merchandise,House Blend Beans 250g,Standard,-,280,1,280,0.0,280.0,QR PromptPay,11,4
TXN-2026-0248,2026-02-28,17:41,เย็น (17:00-20:30),เสาร์,วันหยุด (Weekend),CUST-046,เอเรน เยเกอร์,Regular,ชาย,Gen Z (18-25),สาขาลาดพร้าว,ซื้อกลับ (Takeaway),Coffee,Signature Cold Brew,Regular,0% (ไม่หวาน),105,1,105,0.0,105.0,QR PromptPay,4,4
TXN-2026-0249,2026-01-10,12:58,กลางวัน (11:00-13:59),เสาร์,วันหยุด (Weekend),CUST-026,คามาโดะ ทันจิโร่,Silver,ชาย,Gen Z (18-25),สาขาสยามสแควร์,เดลิเวอรี่ (Delivery),Bakery,Carrot Walnut Cake,Standard,-,115,1,115,5.75,109.25,บัตรเครดิต,4,5
TXN-2026-0249,2026-01-10,12:58,กลางวัน (11:00-13:59),เสาร์,วันหยุด (Weekend),CUST-026,คามาโดะ ทันจิโร่,Silver,ชาย,Gen Z (18-25),สาขาสยามสแควร์,เดลิเวอรี่ (Delivery),Coffee,Iced Caramel Macchiato,Regular,50% (หวานน้อย),95,1,95,4.75,90.25,บัตรเครดิต,3,5
TXN-2026-0250,2026-01-24,07:42,เช้า (07:00-10:59),เสาร์,วันหยุด (Weekend),CUST-022,โกโจ ซาโตรุ,Platinum,ชาย,Gen Y (26-40),สาขาทองหล่อ,ซื้อกลับ (Takeaway),Bakery,Almond Cream Croissant,Standard,-,95,1,95,14.25,80.75,QR PromptPay,3,5
TXN-2026-0251,2026-01-17,11:08,กลางวัน (11:00-13:59),เสาร์,วันหยุด (Weekend),CUST-003,ชิซุกะ,Gold,หญิง,Gen Z (18-25),สาขาลาดพร้าว,หน้าร้าน (Dine-in),Bakery,Butter Croissant,Standard,-,75,2,150,15.0,135.0,QR PromptPay,5,3
TXN-2026-0252,2026-03-26,14:13,บ่าย (14:00-16:59),พฤหัสบดี,วันธรรมดา (Weekday),CUST-031,อุซึมากิ นารูโตะ,Gold,ชาย,Gen Y (26-40),สาขาลาดพร้าว,หน้าร้าน (Dine-in),Coffee,Signature Cold Brew,Regular,0% (ไม่หวาน),105,1,105,10.5,94.5,TrueMoney Wallet,3,5
TXN-2026-0252,2026-03-26,14:13,บ่าย (14:00-16:59),พฤหัสบดี,วันธรรมดา (Weekday),CUST-031,อุซึมากิ นารูโตะ,Gold,ชาย,Gen Y (26-40),สาขาลาดพร้าว,หน้าร้าน (Dine-in),Bakery,Carrot Walnut Cake,Standard,-,115,2,230,23.0,207.0,TrueMoney Wallet,8,5
TXN-2026-0253,2026-03-18,11:24,กลางวัน (11:00-13:59),พุธ,วันธรรมดา (Weekday),CUST-007,โรโรโนอา โซโร,Silver,ชาย,Gen Y (26-40),สาขาสยามสแควร์,ซื้อกลับ (Takeaway),Coffee,Iced Cafe Latte,Large,0% (ไม่หวาน),100,2,200,10.0,190.0,เงินสด,7,4
TXN-2026-0253,2026-03-18,11:24,กลางวัน (11:00-13:59),พุธ,วันธรรมดา (Weekday),CUST-007,โรโรโนอา โซโร,Silver,ชาย,Gen Y (26-40),สาขาสยามสแควร์,ซื้อกลับ (Takeaway),Coffee,Signature Cold Brew,Regular,0% (ไม่หวาน),105,1,105,5.25,99.75,เงินสด,3,4
TXN-2026-0254,2026-03-26,07:57,เช้า (07:00-10:59),พฤหัสบดี,วันธรรมดา (Weekday),GUEST,ลูกค้าทั่วไป (Walk-in),Non-Member,ไม่ระบุ,Gen X (41-55),สาขาอารีย์,ซื้อกลับ (Takeaway),Bakery,Basque Burnt Cheesecake,Standard,-,125,1,125,0.0,125.0,TrueMoney Wallet,0,4
TXN-2026-0255,2026-03-31,12:08,กลางวัน (11:00-13:59),อังคาร,วันธรรมดา (Weekday),CUST-050,อาสึนะ,Platinum,หญิง,Gen Z (18-25),สาขาสยามสแควร์,เดลิเวอรี่ (Delivery),Coffee,Dirty Coffee,Regular,0% (ไม่หวาน),90,1,90,13.5,76.5,QR PromptPay,3,4
TXN-2026-0256,2026-01-16,12:41,กลางวัน (11:00-13:59),ศุกร์,วันธรรมดา (Weekday),CUST-021,ฮิโรชิ,Silver,ชาย,Gen X (41-55),สาขาอารีย์,หน้าร้าน (Dine-in),Merchandise,Anime Tumbler 500ml,Standard,-,390,1,390,19.5,370.5,QR PromptPay,14,5
TXN-2026-0257,2026-03-20,10:48,เช้า (07:00-10:59),ศุกร์,วันธรรมดา (Weekday),CUST-036,ปิกาจู,Platinum,ไม่ระบุ,Gen Z (18-25),สาขาทองหล่อ,ซื้อกลับ (Takeaway),Non-Coffee,Dark Cocoa Extreme,Large,100% (หวานปกติ),100,1,100,15.0,85.0,QR PromptPay,3,5
TXN-2026-0258,2026-03-26,08:28,เช้า (07:00-10:59),พฤหัสบดี,วันธรรมดา (Weekday),CUST-011,นิโค โรบิน,Platinum,หญิง,Gen X (41-55),สาขาสยามสแควร์,ซื้อกลับ (Takeaway),Coffee,Iced Americano,Large,0% (ไม่หวาน),90,1,90,13.5,76.5,TrueMoney Wallet,3,4
TXN-2026-0258,2026-03-26,08:28,เช้า (07:00-10:59),พฤหัสบดี,วันธรรมดา (Weekday),CUST-011,นิโค โรบิน,Platinum,หญิง,Gen X (41-55),สาขาสยามสแควร์,ซื้อกลับ (Takeaway),Coffee,Signature Cold Brew,Regular,0% (ไม่หวาน),105,1,105,15.75,89.25,TrueMoney Wallet,3,4
TXN-2026-0259,2026-03-18,11:16,กลางวัน (11:00-13:59),พุธ,วันธรรมดา (Weekday),CUST-006,มังกี้ ดี ลูฟี่,Gold,ชาย,Gen Z (18-25),สาขาอารีย์,ซื้อกลับ (Takeaway),Non-Coffee,Dark Cocoa Extreme,Regular,100% (หวานปกติ),85,1,85,8.5,76.5,เงินสด,3,5
TXN-2026-0259,2026-03-18,11:16,กลางวัน (11:00-13:59),พุธ,วันธรรมดา (Weekday),CUST-006,มังกี้ ดี ลูฟี่,Gold,ชาย,Gen Z (18-25),สาขาอารีย์,ซื้อกลับ (Takeaway),Coffee,Iced Americano,Regular,50% (หวานน้อย),75,1,75,7.5,67.5,เงินสด,2,5
TXN-2026-0260,2026-03-18,13:14,กลางวัน (11:00-13:59),พุธ,วันธรรมดา (Weekday),CUST-044,เบจิต้า,Platinum,ชาย,Gen X (41-55),สาขาสยามสแควร์,หน้าร้าน (Dine-in),Bakery,Butter Croissant,Standard,-,75,1,75,11.25,63.75,QR PromptPay,2,5
TXN-2026-0260,2026-03-18,13:14,กลางวัน (11:00-13:59),พุธ,วันธรรมดา (Weekday),CUST-044,เบจิต้า,Platinum,ชาย,Gen X (41-55),สาขาสยามสแควร์,หน้าร้าน (Dine-in),Non-Coffee,Hojicha Roasted Tea,Regular,0% (ไม่หวาน),90,1,90,13.5,76.5,QR PromptPay,3,5
TXN-2026-0260,2026-03-18,13:14,กลางวัน (11:00-13:59),พุธ,วันธรรมดา (Weekday),CUST-044,เบจิต้า,Platinum,ชาย,Gen X (41-55),สาขาสยามสแควร์,หน้าร้าน (Dine-in),Merchandise,House Blend Beans 250g,Standard,-,280,1,280,42.0,238.0,QR PromptPay,9,5
TXN-2026-0260,2026-03-18,13:14,กลางวัน (11:00-13:59),พุธ,วันธรรมดา (Weekday),CUST-044,เบจิต้า,Platinum,ชาย,Gen X (41-55),สาขาสยามสแควร์,หน้าร้าน (Dine-in),Bakery,Carrot Walnut Cake,Standard,-,115,1,115,17.25,97.75,QR PromptPay,3,5
TXN-2026-0261,2026-01-25,12:36,กลางวัน (11:00-13:59),อาทิตย์,วันหยุด (Weekend),CUST-012,อาเนีย ฟอร์เจอร์,Regular,หญิง,Gen Z (18-25),สาขาอารีย์,หน้าร้าน (Dine-in),Bakery,Carrot Walnut Cake,Standard,-,115,2,230,0.0,230.0,QR PromptPay,9,5
TXN-2026-0261,2026-01-25,12:36,กลางวัน (11:00-13:59),อาทิตย์,วันหยุด (Weekend),CUST-012,อาเนีย ฟอร์เจอร์,Regular,หญิง,Gen Z (18-25),สาขาอารีย์,หน้าร้าน (Dine-in),Non-Coffee,Thai Milk Tea Special,Large,25% (หวานน้อยมาก),85,1,85,0.0,85.0,QR PromptPay,3,5
TXN-2026-0261,2026-01-25,12:36,กลางวัน (11:00-13:59),อาทิตย์,วันหยุด (Weekend),CUST-012,อาเนีย ฟอร์เจอร์,Regular,หญิง,Gen Z (18-25),สาขาอารีย์,หน้าร้าน (Dine-in),Merchandise,Anime Tumbler 500ml,Standard,-,390,1,390,0.0,390.0,QR PromptPay,15,5
TXN-2026-0262,2026-03-17,20:07,เย็น (17:00-20:30),อังคาร,วันธรรมดา (Weekday),CUST-025,คูกิซากิ โนบาระ,Gold,หญิง,Gen Z (18-25),สาขาทองหล่อ,เดลิเวอรี่ (Delivery),Non-Coffee,Hojicha Roasted Tea,Regular,50% (หวานน้อย),90,1,90,9.0,81.0,บัตรเครดิต,3,5
TXN-2026-0263,2026-01-12,13:52,กลางวัน (11:00-13:59),จันทร์,วันธรรมดา (Weekday),CUST-036,ปิกาจู,Platinum,ไม่ระบุ,Gen Z (18-25),สาขาลาดพร้าว,ซื้อกลับ (Takeaway),Coffee,Dirty Coffee,Regular,25% (หวานน้อยมาก),90,1,90,13.5,76.5,QR PromptPay,3,4
TXN-2026-0264,2026-01-31,18:14,เย็น (17:00-20:30),เสาร์,วันหยุด (Weekend),CUST-016,โมริ รัน,Silver,หญิง,Gen Z (18-25),สาขาทองหล่อ,หน้าร้าน (Dine-in),Bakery,Basque Burnt Cheesecake,Standard,-,125,1,125,6.25,118.75,TrueMoney Wallet,4,5
TXN-2026-0265,2026-03-11,20:23,เย็น (17:00-20:30),พุธ,วันธรรมดา (Weekday),CUST-032,อุจิวะ ซาสึเกะ,Silver,ชาย,Gen Y (26-40),สาขาลาดพร้าว,เดลิเวอรี่ (Delivery),Bakery,Carrot Walnut Cake,Standard,-,115,1,115,5.75,109.25,บัตรเครดิต,4,5
TXN-2026-0266,2026-03-15,10:30,เช้า (07:00-10:59),อาทิตย์,วันหยุด (Weekend),GUEST,ลูกค้าทั่วไป (Walk-in),Non-Member,ชาย,Gen X (41-55),สาขาสยามสแควร์,เดลิเวอรี่ (Delivery),Bakery,Carrot Walnut Cake,Standard,-,115,1,115,0.0,115.0,TrueMoney Wallet,0,5
TXN-2026-0267,2026-01-02,08:24,เช้า (07:00-10:59),ศุกร์,วันธรรมดา (Weekday),CUST-021,ฮิโรชิ,Silver,ชาย,Gen X (41-55),สาขาสยามสแควร์,เดลิเวอรี่ (Delivery),Non-Coffee,Peach Sparking Soda,Large,25% (หวานน้อยมาก),95,1,95,4.75,90.25,QR PromptPay,3,5
TXN-2026-0268,2026-01-27,12:23,กลางวัน (11:00-13:59),อังคาร,วันธรรมดา (Weekday),GUEST,ลูกค้าทั่วไป (Walk-in),Non-Member,หญิง,Gen Y (26-40),สาขาสยามสแควร์,หน้าร้าน (Dine-in),Non-Coffee,Thai Milk Tea Special,Regular,100% (หวานปกติ),70,2,140,0.0,140.0,บัตรเครดิต,0,5
TXN-2026-0269,2026-01-26,08:30,เช้า (07:00-10:59),จันทร์,วันธรรมดา (Weekday),CUST-012,อาเนีย ฟอร์เจอร์,Regular,หญิง,Gen Z (18-25),สาขาอารีย์,หน้าร้าน (Dine-in),Non-Coffee,Peach Sparking Soda,Large,50% (หวานน้อย),95,1,95,0.0,95.0,TrueMoney Wallet,3,5
TXN-2026-0269,2026-01-26,08:30,เช้า (07:00-10:59),จันทร์,วันธรรมดา (Weekday),CUST-012,อาเนีย ฟอร์เจอร์,Regular,หญิง,Gen Z (18-25),สาขาอารีย์,หน้าร้าน (Dine-in),Bakery,Basque Burnt Cheesecake,Standard,-,125,1,125,0.0,125.0,TrueMoney Wallet,5,5
TXN-2026-0270,2026-03-30,08:52,เช้า (07:00-10:59),จันทร์,วันธรรมดา (Weekday),CUST-041,จิฮิโระ,Regular,หญิง,Gen Z (18-25),สาขาสยามสแควร์,ซื้อกลับ (Takeaway),Non-Coffee,Thai Milk Tea Special,Regular,100% (หวานปกติ),70,1,70,0.0,70.0,QR PromptPay,2,5
TXN-2026-0270,2026-03-30,08:52,เช้า (07:00-10:59),จันทร์,วันธรรมดา (Weekday),CUST-041,จิฮิโระ,Regular,หญิง,Gen Z (18-25),สาขาสยามสแควร์,ซื้อกลับ (Takeaway),Non-Coffee,Hojicha Roasted Tea,Regular,25% (หวานน้อยมาก),90,2,180,0.0,180.0,QR PromptPay,7,5
TXN-2026-0271,2026-02-06,13:32,กลางวัน (11:00-13:59),ศุกร์,วันธรรมดา (Weekday),CUST-048,รีไวล์ แอคเคอร์แมน,Platinum,ชาย,Gen Y (26-40),สาขาอารีย์,หน้าร้าน (Dine-in),Coffee,Signature Cold Brew,Regular,0% (ไม่หวาน),105,1,105,15.75,89.25,บัตรเครดิต,3,5
TXN-2026-0271,2026-02-06,13:32,กลางวัน (11:00-13:59),ศุกร์,วันธรรมดา (Weekday),CUST-048,รีไวล์ แอคเคอร์แมน,Platinum,ชาย,Gen Y (26-40),สาขาอารีย์,หน้าร้าน (Dine-in),Non-Coffee,Peach Sparking Soda,Large,25% (หวานน้อยมาก),95,1,95,14.25,80.75,บัตรเครดิต,3,5
TXN-2026-0271,2026-02-06,13:32,กลางวัน (11:00-13:59),ศุกร์,วันธรรมดา (Weekday),CUST-048,รีไวล์ แอคเคอร์แมน,Platinum,ชาย,Gen Y (26-40),สาขาอารีย์,หน้าร้าน (Dine-in),Bakery,Almond Cream Croissant,Standard,-,95,1,95,14.25,80.75,บัตรเครดิต,3,5
TXN-2026-0271,2026-02-06,13:32,กลางวัน (11:00-13:59),ศุกร์,วันธรรมดา (Weekday),CUST-048,รีไวล์ แอคเคอร์แมน,Platinum,ชาย,Gen Y (26-40),สาขาอารีย์,หน้าร้าน (Dine-in),Bakery,Butter Croissant,Standard,-,75,1,75,11.25,63.75,บัตรเครดิต,2,5
TXN-2026-0272,2026-02-26,15:47,บ่าย (14:00-16:59),พฤหัสบดี,วันธรรมดา (Weekday),CUST-029,ฮาชิบิระ อิโนะสุเกะ,Regular,ชาย,Gen Z (18-25),สาขาอารีย์,หน้าร้าน (Dine-in),Coffee,Hot Cafe Latte,Regular,100% (หวานปกติ),80,1,80,0.0,80.0,QR PromptPay,3,4
TXN-2026-0272,2026-02-26,15:47,บ่าย (14:00-16:59),พฤหัสบดี,วันธรรมดา (Weekday),CUST-029,ฮาชิบิระ อิโนะสุเกะ,Regular,ชาย,Gen Z (18-25),สาขาอารีย์,หน้าร้าน (Dine-in),Coffee,Dirty Coffee,Regular,100% (หวานปกติ),90,1,90,0.0,90.0,QR PromptPay,3,4
TXN-2026-0273,2026-01-04,16:48,บ่าย (14:00-16:59),อาทิตย์,วันหยุด (Weekend),GUEST,ลูกค้าทั่วไป (Walk-in),Non-Member,ชาย,Gen Y (26-40),สาขาอารีย์,หน้าร้าน (Dine-in),Non-Coffee,Dark Cocoa Extreme,Large,25% (หวานน้อยมาก),100,1,100,0.0,100.0,เงินสด,0,5
TXN-2026-0274,2026-01-22,09:55,เช้า (07:00-10:59),พฤหัสบดี,วันธรรมดา (Weekday),GUEST,ลูกค้าทั่วไป (Walk-in),Non-Member,หญิง,Gen Y (26-40),สาขาลาดพร้าว,ซื้อกลับ (Takeaway),Merchandise,Anime Tumbler 500ml,Standard,-,390,2,780,0.0,780.0,QR PromptPay,0,5
TXN-2026-0274,2026-01-22,09:55,เช้า (07:00-10:59),พฤหัสบดี,วันธรรมดา (Weekday),GUEST,ลูกค้าทั่วไป (Walk-in),Non-Member,หญิง,Gen Y (26-40),สาขาลาดพร้าว,ซื้อกลับ (Takeaway),Coffee,Signature Cold Brew,Regular,0% (ไม่หวาน),105,1,105,0.0,105.0,QR PromptPay,0,5
TXN-2026-0274,2026-01-22,09:55,เช้า (07:00-10:59),พฤหัสบดี,วันธรรมดา (Weekday),GUEST,ลูกค้าทั่วไป (Walk-in),Non-Member,หญิง,Gen Y (26-40),สาขาลาดพร้าว,ซื้อกลับ (Takeaway),Bakery,Chocolate Truffle Croffle,Standard,-,110,1,110,0.0,110.0,QR PromptPay,0,5
TXN-2026-0274,2026-01-22,09:55,เช้า (07:00-10:59),พฤหัสบดี,วันธรรมดา (Weekday),GUEST,ลูกค้าทั่วไป (Walk-in),Non-Member,หญิง,Gen Y (26-40),สาขาลาดพร้าว,ซื้อกลับ (Takeaway),Bakery,Almond Cream Croissant,Standard,-,95,1,95,0.0,95.0,QR PromptPay,0,5
TXN-2026-0275,2026-01-20,07:33,เช้า (07:00-10:59),อังคาร,วันธรรมดา (Weekday),CUST-009,ซันจิ,Gold,ชาย,Gen Y (26-40),สาขาสยามสแควร์,ซื้อกลับ (Takeaway),Bakery,Basque Burnt Cheesecake,Standard,-,125,1,125,12.5,112.5,QR PromptPay,4,3
TXN-2026-0275,2026-01-20,07:33,เช้า (07:00-10:59),อังคาร,วันธรรมดา (Weekday),CUST-009,ซันจิ,Gold,ชาย,Gen Y (26-40),สาขาสยามสแควร์,ซื้อกลับ (Takeaway),Non-Coffee,Dark Cocoa Extreme,Regular,0% (ไม่หวาน),85,1,85,8.5,76.5,QR PromptPay,3,3
TXN-2026-0275,2026-01-20,07:33,เช้า (07:00-10:59),อังคาร,วันธรรมดา (Weekday),CUST-009,ซันจิ,Gold,ชาย,Gen Y (26-40),สาขาสยามสแควร์,ซื้อกลับ (Takeaway),Coffee,Espresso (Single/Double),Regular,0% (ไม่หวาน),65,1,65,6.5,58.5,QR PromptPay,2,3
TXN-2026-0276,2026-03-13,11:10,กลางวัน (11:00-13:59),ศุกร์,วันธรรมดา (Weekday),CUST-042,ฮากุ,Silver,ชาย,Gen Z (18-25),สาขาอารีย์,หน้าร้าน (Dine-in),Non-Coffee,Thai Milk Tea Special,Large,50% (หวานน้อย),85,1,85,4.25,80.75,QR PromptPay,3,5
TXN-2026-0277,2026-01-09,09:07,เช้า (07:00-10:59),ศุกร์,วันธรรมดา (Weekday),CUST-040,โทโทโร่,Platinum,ไม่ระบุ,Gen X (41-55),สาขาอารีย์,ซื้อกลับ (Takeaway),Merchandise,Anime Tumbler 500ml,Standard,-,390,1,390,58.5,331.5,บัตรเครดิต,13,5
TXN-2026-0278,2026-01-14,08:45,เช้า (07:00-10:59),พุธ,วันธรรมดา (Weekday),CUST-001,โดราเอมอน,Platinum,ชาย,Gen Y (26-40),สาขาสยามสแควร์,หน้าร้าน (Dine-in),Bakery,Basque Burnt Cheesecake,Standard,-,125,1,125,18.75,106.25,บัตรเครดิต,4,5
TXN-2026-0279,2026-01-05,11:03,กลางวัน (11:00-13:59),จันทร์,วันธรรมดา (Weekday),CUST-026,คามาโดะ ทันจิโร่,Silver,ชาย,Gen Z (18-25),สาขาสยามสแควร์,ซื้อกลับ (Takeaway),Coffee,Espresso (Single/Double),Regular,0% (ไม่หวาน),65,1,65,3.25,61.75,QR PromptPay,2,4
TXN-2026-0279,2026-01-05,11:03,กลางวัน (11:00-13:59),จันทร์,วันธรรมดา (Weekday),CUST-026,คามาโดะ ทันจิโร่,Silver,ชาย,Gen Z (18-25),สาขาสยามสแควร์,ซื้อกลับ (Takeaway),Coffee,Iced Cafe Latte,Large,25% (หวานน้อยมาก),100,1,100,5.0,95.0,QR PromptPay,3,4
TXN-2026-0280,2026-01-05,07:33,เช้า (07:00-10:59),จันทร์,วันธรรมดา (Weekday),CUST-014,ยอร์ ฟอร์เจอร์,Gold,หญิง,Gen Y (26-40),สาขาอารีย์,ซื้อกลับ (Takeaway),Coffee,Iced Americano,Regular,50% (หวานน้อย),75,1,75,7.5,67.5,QR PromptPay,2,5
TXN-2026-0280,2026-01-05,07:33,เช้า (07:00-10:59),จันทร์,วันธรรมดา (Weekday),CUST-014,ยอร์ ฟอร์เจอร์,Gold,หญิง,Gen Y (26-40),สาขาอารีย์,ซื้อกลับ (Takeaway),Merchandise,Anime Tumbler 500ml,Standard,-,390,1,390,39.0,351.0,QR PromptPay,14,5
TXN-2026-0281,2026-01-07,18:07,เย็น (17:00-20:30),พุธ,วันธรรมดา (Weekday),CUST-028,อากาสึมะ เซ็นอิตสึ,Regular,ชาย,Gen Z (18-25),สาขาสยามสแควร์,หน้าร้าน (Dine-in),Coffee,Espresso (Single/Double),Regular,0% (ไม่หวาน),65,1,65,0.0,65.0,QR PromptPay,2,5
TXN-2026-0281,2026-01-07,18:07,เย็น (17:00-20:30),พุธ,วันธรรมดา (Weekday),CUST-028,อากาสึมะ เซ็นอิตสึ,Regular,ชาย,Gen Z (18-25),สาขาสยามสแควร์,หน้าร้าน (Dine-in),Coffee,Iced Americano,Regular,50% (หวานน้อย),75,1,75,0.0,75.0,QR PromptPay,3,5
TXN-2026-0282,2026-02-01,07:43,เช้า (07:00-10:59),อาทิตย์,วันหยุด (Weekend),CUST-049,คิริโตะ,Gold,ชาย,Gen Z (18-25),สาขาทองหล่อ,หน้าร้าน (Dine-in),Coffee,Iced Caramel Macchiato,Regular,50% (หวานน้อย),95,2,190,19.0,171.0,บัตรเครดิต,6,4
TXN-2026-0282,2026-02-01,07:43,เช้า (07:00-10:59),อาทิตย์,วันหยุด (Weekend),CUST-049,คิริโตะ,Gold,ชาย,Gen Z (18-25),สาขาทองหล่อ,หน้าร้าน (Dine-in),Bakery,Basque Burnt Cheesecake,Standard,-,125,1,125,12.5,112.5,บัตรเครดิต,4,4
TXN-2026-0283,2026-02-26,14:44,บ่าย (14:00-16:59),พฤหัสบดี,วันธรรมดา (Weekday),CUST-047,มิคาสะ แอคเคอร์แมน,Gold,หญิง,Gen Z (18-25),สาขาสยามสแควร์,เดลิเวอรี่ (Delivery),Bakery,Basque Burnt Cheesecake,Standard,-,125,1,125,12.5,112.5,บัตรเครดิต,4,5
TXN-2026-0284,2026-03-11,13:29,กลางวัน (11:00-13:59),พุธ,วันธรรมดา (Weekday),CUST-039,หน้ากากทักซิโด้,Platinum,ชาย,Gen Y (26-40),สาขาลาดพร้าว,ซื้อกลับ (Takeaway),Non-Coffee,Thai Milk Tea Special,Large,100% (หวานปกติ),85,1,85,12.75,72.25,QR PromptPay,2,5
TXN-2026-0285,2026-03-23,13:11,กลางวัน (11:00-13:59),จันทร์,วันธรรมดา (Weekday),GUEST,ลูกค้าทั่วไป (Walk-in),Non-Member,ไม่ระบุ,Gen Y (26-40),สาขาทองหล่อ,หน้าร้าน (Dine-in),Bakery,Butter Croissant,Standard,-,75,1,75,0.0,75.0,บัตรเครดิต,0,4
TXN-2026-0285,2026-03-23,13:11,กลางวัน (11:00-13:59),จันทร์,วันธรรมดา (Weekday),GUEST,ลูกค้าทั่วไป (Walk-in),Non-Member,ไม่ระบุ,Gen Y (26-40),สาขาทองหล่อ,หน้าร้าน (Dine-in),Coffee,Dirty Coffee,Regular,50% (หวานน้อย),90,1,90,0.0,90.0,บัตรเครดิต,0,4
TXN-2026-0286,2026-03-24,11:33,กลางวัน (11:00-13:59),อังคาร,วันธรรมดา (Weekday),CUST-003,ชิซุกะ,Gold,หญิง,Gen Z (18-25),สาขาทองหล่อ,หน้าร้าน (Dine-in),Coffee,Iced Cafe Latte,Regular,100% (หวานปกติ),85,1,85,8.5,76.5,TrueMoney Wallet,3,5
TXN-2026-0287,2026-03-09,16:16,บ่าย (14:00-16:59),จันทร์,วันธรรมดา (Weekday),CUST-015,เอโดงาวะ โคนัน,Silver,ชาย,Gen Z (18-25),สาขาอารีย์,หน้าร้าน (Dine-in),Coffee,Hot Cafe Latte,Regular,0% (ไม่หวาน),80,1,80,4.0,76.0,เงินสด,3,5
TXN-2026-0288,2026-02-23,16:03,บ่าย (14:00-16:59),จันทร์,วันธรรมดา (Weekday),CUST-018,ไฮบาระ ไอ,Gold,หญิง,Gen Z (18-25),สาขาอารีย์,ซื้อกลับ (Takeaway),Bakery,Carrot Walnut Cake,Standard,-,115,1,115,11.5,103.5,TrueMoney Wallet,4,5
TXN-2026-0289,2026-01-30,11:12,กลางวัน (11:00-13:59),ศุกร์,วันธรรมดา (Weekday),CUST-016,โมริ รัน,Silver,หญิง,Gen Z (18-25),สาขาอารีย์,เดลิเวอรี่ (Delivery),Merchandise,House Blend Beans 250g,Standard,-,280,1,280,14.0,266.0,บัตรเครดิต,10,5
TXN-2026-0289,2026-01-30,11:12,กลางวัน (11:00-13:59),ศุกร์,วันธรรมดา (Weekday),CUST-016,โมริ รัน,Silver,หญิง,Gen Z (18-25),สาขาอารีย์,เดลิเวอรี่ (Delivery),Non-Coffee,Hojicha Roasted Tea,Large,0% (ไม่หวาน),105,1,105,5.25,99.75,บัตรเครดิต,3,5
TXN-2026-0290,2026-01-24,13:21,กลางวัน (11:00-13:59),เสาร์,วันหยุด (Weekend),CUST-035,ฮิวงะ ฮินาตะ,Gold,หญิง,Gen Y (26-40),สาขาลาดพร้าว,ซื้อกลับ (Takeaway),Non-Coffee,Peach Sparking Soda,Large,25% (หวานน้อยมาก),95,1,95,9.5,85.5,QR PromptPay,3,5
TXN-2026-0290,2026-01-24,13:21,กลางวัน (11:00-13:59),เสาร์,วันหยุด (Weekend),CUST-035,ฮิวงะ ฮินาตะ,Gold,หญิง,Gen Y (26-40),สาขาลาดพร้าว,ซื้อกลับ (Takeaway),Non-Coffee,Hojicha Roasted Tea,Regular,100% (หวานปกติ),90,1,90,9.0,81.0,QR PromptPay,3,5
TXN-2026-0290,2026-01-24,13:21,กลางวัน (11:00-13:59),เสาร์,วันหยุด (Weekend),CUST-035,ฮิวงะ ฮินาตะ,Gold,หญิง,Gen Y (26-40),สาขาลาดพร้าว,ซื้อกลับ (Takeaway),Bakery,Almond Cream Croissant,Standard,-,95,1,95,9.5,85.5,QR PromptPay,3,5
TXN-2026-0290,2026-01-24,13:21,กลางวัน (11:00-13:59),เสาร์,วันหยุด (Weekend),CUST-035,ฮิวงะ ฮินาตะ,Gold,หญิง,Gen Y (26-40),สาขาลาดพร้าว,ซื้อกลับ (Takeaway),Bakery,Carrot Walnut Cake,Standard,-,115,1,115,11.5,103.5,QR PromptPay,4,5
TXN-2026-0291,2026-02-20,07:18,เช้า (07:00-10:59),ศุกร์,วันธรรมดา (Weekday),CUST-034,ฮาตาเกะ คาคาชิ,Platinum,ชาย,Gen X (41-55),สาขาสยามสแควร์,เดลิเวอรี่ (Delivery),Non-Coffee,Peach Sparking Soda,Regular,50% (หวานน้อย),80,2,160,24.0,136.0,QR PromptPay,5,2
TXN-2026-0292,2026-03-07,13:09,กลางวัน (11:00-13:59),เสาร์,วันหยุด (Weekend),CUST-030,เร็นโกคุ เคียวจูโร่,Platinum,ชาย,Gen Y (26-40),สาขาสยามสแควร์,หน้าร้าน (Dine-in),Non-Coffee,Dark Cocoa Extreme,Regular,100% (หวานปกติ),85,1,85,12.75,72.25,QR PromptPay,2,5
TXN-2026-0293,2026-01-28,16:20,บ่าย (14:00-16:59),พุธ,วันธรรมดา (Weekday),CUST-012,อาเนีย ฟอร์เจอร์,Regular,หญิง,Gen Z (18-25),สาขาอารีย์,เดลิเวอรี่ (Delivery),Non-Coffee,Dark Cocoa Extreme,Regular,100% (หวานปกติ),85,1,85,0.0,85.0,บัตรเครดิต,3,4
TXN-2026-0294,2026-01-08,19:22,เย็น (17:00-20:30),พฤหัสบดี,วันธรรมดา (Weekday),GUEST,ลูกค้าทั่วไป (Walk-in),Non-Member,หญิง,Gen Y (26-40),สาขาลาดพร้าว,หน้าร้าน (Dine-in),Coffee,Espresso (Single/Double),Regular,0% (ไม่หวาน),65,1,65,0.0,65.0,TrueMoney Wallet,0,4
TXN-2026-0294,2026-01-08,19:22,เย็น (17:00-20:30),พฤหัสบดี,วันธรรมดา (Weekday),GUEST,ลูกค้าทั่วไป (Walk-in),Non-Member,หญิง,Gen Y (26-40),สาขาลาดพร้าว,หน้าร้าน (Dine-in),Bakery,Butter Croissant,Standard,-,75,1,75,0.0,75.0,TrueMoney Wallet,0,4
TXN-2026-0294,2026-01-08,19:22,เย็น (17:00-20:30),พฤหัสบดี,วันธรรมดา (Weekday),GUEST,ลูกค้าทั่วไป (Walk-in),Non-Member,หญิง,Gen Y (26-40),สาขาลาดพร้าว,หน้าร้าน (Dine-in),Coffee,Iced Americano,Regular,50% (หวานน้อย),75,1,75,0.0,75.0,TrueMoney Wallet,0,4
TXN-2026-0295,2026-01-29,10:28,เช้า (07:00-10:59),พฤหัสบดี,วันธรรมดา (Weekday),CUST-037,ซาโตชิ,Silver,ชาย,Gen Z (18-25),สาขาอารีย์,หน้าร้าน (Dine-in),Coffee,Hot Cafe Latte,Regular,0% (ไม่หวาน),80,1,80,4.0,76.0,QR PromptPay,3,5
TXN-2026-0296,2026-02-03,10:49,เช้า (07:00-10:59),อังคาร,วันธรรมดา (Weekday),CUST-049,คิริโตะ,Gold,ชาย,Gen Z (18-25),สาขาสยามสแควร์,ซื้อกลับ (Takeaway),Bakery,Carrot Walnut Cake,Standard,-,115,1,115,11.5,103.5,บัตรเครดิต,4,4
TXN-2026-0297,2026-02-04,15:43,บ่าย (14:00-16:59),พุธ,วันธรรมดา (Weekday),GUEST,ลูกค้าทั่วไป (Walk-in),Non-Member,ชาย,Gen Z (18-25),สาขาทองหล่อ,ซื้อกลับ (Takeaway),Coffee,Espresso (Single/Double),Regular,0% (ไม่หวาน),65,2,130,0.0,130.0,QR PromptPay,0,5
TXN-2026-0297,2026-02-04,15:43,บ่าย (14:00-16:59),พุธ,วันธรรมดา (Weekday),GUEST,ลูกค้าทั่วไป (Walk-in),Non-Member,ชาย,Gen Z (18-25),สาขาทองหล่อ,ซื้อกลับ (Takeaway),Non-Coffee,Dark Cocoa Extreme,Large,25% (หวานน้อยมาก),100,1,100,0.0,100.0,QR PromptPay,0,5
TXN-2026-0298,2026-01-30,09:09,เช้า (07:00-10:59),ศุกร์,วันธรรมดา (Weekday),CUST-006,มังกี้ ดี ลูฟี่,Gold,ชาย,Gen Z (18-25),สาขาสยามสแควร์,หน้าร้าน (Dine-in),Non-Coffee,Dark Cocoa Extreme,Regular,50% (หวานน้อย),85,1,85,8.5,76.5,เงินสด,3,3
TXN-2026-0298,2026-01-30,09:09,เช้า (07:00-10:59),ศุกร์,วันธรรมดา (Weekday),CUST-006,มังกี้ ดี ลูฟี่,Gold,ชาย,Gen Z (18-25),สาขาสยามสแควร์,หน้าร้าน (Dine-in),Coffee,Espresso (Single/Double),Regular,0% (ไม่หวาน),65,1,65,6.5,58.5,เงินสด,2,3
TXN-2026-0298,2026-01-30,09:09,เช้า (07:00-10:59),ศุกร์,วันธรรมดา (Weekday),CUST-006,มังกี้ ดี ลูฟี่,Gold,ชาย,Gen Z (18-25),สาขาสยามสแควร์,หน้าร้าน (Dine-in),Non-Coffee,Peach Sparking Soda,Regular,25% (หวานน้อยมาก),80,1,80,8.0,72.0,เงินสด,2,3
TXN-2026-0299,2026-02-03,13:46,กลางวัน (11:00-13:59),อังคาร,วันธรรมดา (Weekday),GUEST,ลูกค้าทั่วไป (Walk-in),Non-Member,ไม่ระบุ,Gen X (41-55),สาขาทองหล่อ,หน้าร้าน (Dine-in),Coffee,Iced Americano,Large,25% (หวานน้อยมาก),90,1,90,0.0,90.0,เงินสด,0,5
TXN-2026-0300,2026-03-21,10:41,เช้า (07:00-10:59),เสาร์,วันหยุด (Weekend),GUEST,ลูกค้าทั่วไป (Walk-in),Non-Member,ชาย,Gen Y (26-40),สาขาทองหล่อ,ซื้อกลับ (Takeaway),Non-Coffee,Dark Cocoa Extreme,Large,25% (หวานน้อยมาก),100,2,200,0.0,200.0,เงินสด,0,5
TXN-2026-0301,2026-03-07,17:57,เย็น (17:00-20:30),เสาร์,วันหยุด (Weekend),CUST-039,หน้ากากทักซิโด้,Platinum,ชาย,Gen Y (26-40),สาขาอารีย์,หน้าร้าน (Dine-in),Coffee,Espresso (Single/Double),Regular,0% (ไม่หวาน),65,1,65,9.75,55.25,บัตรเครดิต,2,5
TXN-2026-0301,2026-03-07,17:57,เย็น (17:00-20:30),เสาร์,วันหยุด (Weekend),CUST-039,หน้ากากทักซิโด้,Platinum,ชาย,Gen Y (26-40),สาขาอารีย์,หน้าร้าน (Dine-in),Coffee,Iced Americano,Large,25% (หวานน้อยมาก),90,1,90,13.5,76.5,บัตรเครดิต,3,5
TXN-2026-0301,2026-03-07,17:57,เย็น (17:00-20:30),เสาร์,วันหยุด (Weekend),CUST-039,หน้ากากทักซิโด้,Platinum,ชาย,Gen Y (26-40),สาขาอารีย์,หน้าร้าน (Dine-in),Non-Coffee,Uji Matcha Latte,Large,50% (หวานน้อย),110,1,110,16.5,93.5,บัตรเครดิต,3,5
TXN-2026-0302,2026-01-31,19:51,เย็น (17:00-20:30),เสาร์,วันหยุด (Weekend),CUST-017,โมริ โคโกโร่,Regular,ชาย,Gen X (41-55),สาขาลาดพร้าว,เดลิเวอรี่ (Delivery),Non-Coffee,Thai Milk Tea Special,Regular,50% (หวานน้อย),70,2,140,0.0,140.0,TrueMoney Wallet,5,5
TXN-2026-0302,2026-01-31,19:51,เย็น (17:00-20:30),เสาร์,วันหยุด (Weekend),CUST-017,โมริ โคโกโร่,Regular,ชาย,Gen X (41-55),สาขาลาดพร้าว,เดลิเวอรี่ (Delivery),Non-Coffee,Uji Matcha Latte,Regular,0% (ไม่หวาน),95,1,95,0.0,95.0,TrueMoney Wallet,3,5
TXN-2026-0303,2026-03-08,18:26,เย็น (17:00-20:30),อาทิตย์,วันหยุด (Weekend),CUST-010,โทนี่ ช็อปเปอร์,Regular,ชาย,Gen Z (18-25),สาขาอารีย์,หน้าร้าน (Dine-in),Coffee,Iced Caramel Macchiato,Regular,25% (หวานน้อยมาก),95,1,95,0.0,95.0,บัตรเครดิต,3,5
TXN-2026-0304,2026-03-09,20:58,เย็น (17:00-20:30),จันทร์,วันธรรมดา (Weekday),GUEST,ลูกค้าทั่วไป (Walk-in),Non-Member,ชาย,Gen X (41-55),สาขาลาดพร้าว,เดลิเวอรี่ (Delivery),Coffee,Iced Cafe Latte,Regular,0% (ไม่หวาน),85,1,85,0.0,85.0,QR PromptPay,0,5
TXN-2026-0304,2026-03-09,20:58,เย็น (17:00-20:30),จันทร์,วันธรรมดา (Weekday),GUEST,ลูกค้าทั่วไป (Walk-in),Non-Member,ชาย,Gen X (41-55),สาขาลาดพร้าว,เดลิเวอรี่ (Delivery),Coffee,Signature Cold Brew,Regular,0% (ไม่หวาน),105,2,210,0.0,210.0,QR PromptPay,0,5
TXN-2026-0304,2026-03-09,20:58,เย็น (17:00-20:30),จันทร์,วันธรรมดา (Weekday),GUEST,ลูกค้าทั่วไป (Walk-in),Non-Member,ชาย,Gen X (41-55),สาขาลาดพร้าว,เดลิเวอรี่ (Delivery),Non-Coffee,Peach Sparking Soda,Large,100% (หวานปกติ),95,1,95,0.0,95.0,QR PromptPay,0,5
TXN-2026-0305,2026-03-23,19:09,เย็น (17:00-20:30),จันทร์,วันธรรมดา (Weekday),CUST-007,โรโรโนอา โซโร,Silver,ชาย,Gen Y (26-40),สาขาสยามสแควร์,หน้าร้าน (Dine-in),Non-Coffee,Uji Matcha Latte,Regular,0% (ไม่หวาน),95,1,95,4.75,90.25,เงินสด,3,5
TXN-2026-0305,2026-03-23,19:09,เย็น (17:00-20:30),จันทร์,วันธรรมดา (Weekday),CUST-007,โรโรโนอา โซโร,Silver,ชาย,Gen Y (26-40),สาขาสยามสแควร์,หน้าร้าน (Dine-in),Merchandise,House Blend Beans 250g,Standard,-,280,1,280,14.0,266.0,เงินสด,10,5
TXN-2026-0306,2026-03-19,13:23,กลางวัน (11:00-13:59),พฤหัสบดี,วันธรรมดา (Weekday),CUST-025,คูกิซากิ โนบาระ,Gold,หญิง,Gen Z (18-25),สาขาอารีย์,หน้าร้าน (Dine-in),Coffee,Espresso (Single/Double),Regular,0% (ไม่หวาน),65,1,65,6.5,58.5,QR PromptPay,2,5
TXN-2026-0306,2026-03-19,13:23,กลางวัน (11:00-13:59),พฤหัสบดี,วันธรรมดา (Weekday),CUST-025,คูกิซากิ โนบาระ,Gold,หญิง,Gen Z (18-25),สาขาอารีย์,หน้าร้าน (Dine-in),Non-Coffee,Thai Milk Tea Special,Regular,25% (หวานน้อยมาก),70,1,70,7.0,63.0,QR PromptPay,2,5
TXN-2026-0307,2026-02-26,20:44,เย็น (17:00-20:30),พฤหัสบดี,วันธรรมดา (Weekday),CUST-030,เร็นโกคุ เคียวจูโร่,Platinum,ชาย,Gen Y (26-40),สาขาลาดพร้าว,ซื้อกลับ (Takeaway),Non-Coffee,Peach Sparking Soda,Regular,0% (ไม่หวาน),80,1,80,12.0,68.0,TrueMoney Wallet,2,5
TXN-2026-0307,2026-02-26,20:44,เย็น (17:00-20:30),พฤหัสบดี,วันธรรมดา (Weekday),CUST-030,เร็นโกคุ เคียวจูโร่,Platinum,ชาย,Gen Y (26-40),สาขาลาดพร้าว,ซื้อกลับ (Takeaway),Bakery,Butter Croissant,Standard,-,75,2,150,22.5,127.5,TrueMoney Wallet,5,5
TXN-2026-0308,2026-02-01,12:47,กลางวัน (11:00-13:59),อาทิตย์,วันหยุด (Weekend),CUST-025,คูกิซากิ โนบาระ,Gold,หญิง,Gen Z (18-25),สาขาอารีย์,ซื้อกลับ (Takeaway),Non-Coffee,Dark Cocoa Extreme,Large,100% (หวานปกติ),100,1,100,10.0,90.0,QR PromptPay,3,5
TXN-2026-0309,2026-02-07,14:44,บ่าย (14:00-16:59),เสาร์,วันหยุด (Weekend),CUST-010,โทนี่ ช็อปเปอร์,Regular,ชาย,Gen Z (18-25),สาขาอารีย์,ซื้อกลับ (Takeaway),Merchandise,House Blend Beans 250g,Standard,-,280,1,280,0.0,280.0,QR PromptPay,11,5
TXN-2026-0310,2026-02-11,11:29,กลางวัน (11:00-13:59),พุธ,วันธรรมดา (Weekday),CUST-046,เอเรน เยเกอร์,Regular,ชาย,Gen Z (18-25),สาขาลาดพร้าว,เดลิเวอรี่ (Delivery),Coffee,Signature Cold Brew,Regular,0% (ไม่หวาน),105,1,105,0.0,105.0,QR PromptPay,4,5
TXN-2026-0310,2026-02-11,11:29,กลางวัน (11:00-13:59),พุธ,วันธรรมดา (Weekday),CUST-046,เอเรน เยเกอร์,Regular,ชาย,Gen Z (18-25),สาขาลาดพร้าว,เดลิเวอรี่ (Delivery),Coffee,Iced Cafe Latte,Large,50% (หวานน้อย),100,1,100,0.0,100.0,QR PromptPay,4,5
TXN-2026-0311,2026-02-19,16:39,บ่าย (14:00-16:59),พฤหัสบดี,วันธรรมดา (Weekday),GUEST,ลูกค้าทั่วไป (Walk-in),Non-Member,หญิง,Gen X (41-55),สาขาอารีย์,ซื้อกลับ (Takeaway),Coffee,Iced Caramel Macchiato,Regular,25% (หวานน้อยมาก),95,1,95,0.0,95.0,เงินสด,0,5
TXN-2026-0311,2026-02-19,16:39,บ่าย (14:00-16:59),พฤหัสบดี,วันธรรมดา (Weekday),GUEST,ลูกค้าทั่วไป (Walk-in),Non-Member,หญิง,Gen X (41-55),สาขาอารีย์,ซื้อกลับ (Takeaway),Coffee,Signature Cold Brew,Regular,0% (ไม่หวาน),105,1,105,0.0,105.0,เงินสด,0,5
TXN-2026-0312,2026-02-09,15:18,บ่าย (14:00-16:59),จันทร์,วันธรรมดา (Weekday),CUST-008,นามิ,Platinum,หญิง,Gen Y (26-40),สาขาลาดพร้าว,เดลิเวอรี่ (Delivery),Bakery,Basque Burnt Cheesecake,Standard,-,125,1,125,18.75,106.25,QR PromptPay,4,4
TXN-2026-0313,2026-01-01,15:15,บ่าย (14:00-16:59),พฤหัสบดี,วันธรรมดา (Weekday),CUST-043,ซุน โกคู,Gold,ชาย,Gen X (41-55),สาขาอารีย์,หน้าร้าน (Dine-in),Merchandise,Anime Tumbler 500ml,Standard,-,390,1,390,39.0,351.0,QR PromptPay,14,5
TXN-2026-0314,2026-03-13,14:03,บ่าย (14:00-16:59),ศุกร์,วันธรรมดา (Weekday),CUST-004,ซูเนโอะ,Platinum,ชาย,Gen Y (26-40),สาขาทองหล่อ,หน้าร้าน (Dine-in),Non-Coffee,Dark Cocoa Extreme,Regular,0% (ไม่หวาน),85,1,85,12.75,72.25,TrueMoney Wallet,2,4
TXN-2026-0314,2026-03-13,14:03,บ่าย (14:00-16:59),ศุกร์,วันธรรมดา (Weekday),CUST-004,ซูเนโอะ,Platinum,ชาย,Gen Y (26-40),สาขาทองหล่อ,หน้าร้าน (Dine-in),Non-Coffee,Peach Sparking Soda,Regular,25% (หวานน้อยมาก),80,1,80,12.0,68.0,TrueMoney Wallet,2,4
TXN-2026-0315,2026-03-20,16:38,บ่าย (14:00-16:59),ศุกร์,วันธรรมดา (Weekday),CUST-036,ปิกาจู,Platinum,ไม่ระบุ,Gen Z (18-25),สาขาสยามสแควร์,ซื้อกลับ (Takeaway),Non-Coffee,Dark Cocoa Extreme,Large,50% (หวานน้อย),100,2,200,30.0,170.0,บัตรเครดิต,6,3
TXN-2026-0316,2026-01-09,16:04,บ่าย (14:00-16:59),ศุกร์,วันธรรมดา (Weekday),CUST-009,ซันจิ,Gold,ชาย,Gen Y (26-40),สาขาสยามสแควร์,เดลิเวอรี่ (Delivery),Coffee,Dirty Coffee,Regular,0% (ไม่หวาน),90,1,90,9.0,81.0,QR PromptPay,3,5
TXN-2026-0317,2026-03-22,11:30,กลางวัน (11:00-13:59),อาทิตย์,วันหยุด (Weekend),CUST-039,หน้ากากทักซิโด้,Platinum,ชาย,Gen Y (26-40),สาขาลาดพร้าว,เดลิเวอรี่ (Delivery),Bakery,Carrot Walnut Cake,Standard,-,115,2,230,34.5,195.5,QR PromptPay,7,5
TXN-2026-0318,2026-03-20,13:46,กลางวัน (11:00-13:59),ศุกร์,วันธรรมดา (Weekday),CUST-032,อุจิวะ ซาสึเกะ,Silver,ชาย,Gen Y (26-40),สาขาทองหล่อ,เดลิเวอรี่ (Delivery),Coffee,Iced Cafe Latte,Regular,100% (หวานปกติ),85,1,85,4.25,80.75,QR PromptPay,3,5
TXN-2026-0319,2026-01-16,14:51,บ่าย (14:00-16:59),ศุกร์,วันธรรมดา (Weekday),CUST-027,คามาโดะ เนซึโกะ,Gold,หญิง,Gen Z (18-25),สาขาอารีย์,หน้าร้าน (Dine-in),Coffee,Dirty Coffee,Regular,50% (หวานน้อย),90,1,90,9.0,81.0,บัตรเครดิต,3,5
TXN-2026-0320,2026-02-09,09:49,เช้า (07:00-10:59),จันทร์,วันธรรมดา (Weekday),CUST-044,เบจิต้า,Platinum,ชาย,Gen X (41-55),สาขาสยามสแควร์,หน้าร้าน (Dine-in),Coffee,Dirty Coffee,Regular,100% (หวานปกติ),90,2,180,27.0,153.0,บัตรเครดิต,6,2
TXN-2026-0320,2026-02-09,09:49,เช้า (07:00-10:59),จันทร์,วันธรรมดา (Weekday),CUST-044,เบจิต้า,Platinum,ชาย,Gen X (41-55),สาขาสยามสแควร์,หน้าร้าน (Dine-in),Non-Coffee,Peach Sparking Soda,Regular,25% (หวานน้อยมาก),80,1,80,12.0,68.0,บัตรเครดิต,2,2
TXN-2026-0321,2026-03-22,13:57,กลางวัน (11:00-13:59),อาทิตย์,วันหยุด (Weekend),CUST-027,คามาโดะ เนซึโกะ,Gold,หญิง,Gen Z (18-25),สาขาลาดพร้าว,หน้าร้าน (Dine-in),Merchandise,Anime Tumbler 500ml,Standard,-,390,1,390,39.0,351.0,บัตรเครดิต,14,5
TXN-2026-0321,2026-03-22,13:57,กลางวัน (11:00-13:59),อาทิตย์,วันหยุด (Weekend),CUST-027,คามาโดะ เนซึโกะ,Gold,หญิง,Gen Z (18-25),สาขาลาดพร้าว,หน้าร้าน (Dine-in),Merchandise,House Blend Beans 250g,Standard,-,280,1,280,28.0,252.0,บัตรเครดิต,10,5
TXN-2026-0322,2026-02-15,08:17,เช้า (07:00-10:59),อาทิตย์,วันหยุด (Weekend),CUST-022,โกโจ ซาโตรุ,Platinum,ชาย,Gen Y (26-40),สาขาลาดพร้าว,ซื้อกลับ (Takeaway),Coffee,Iced Cafe Latte,Large,50% (หวานน้อย),100,1,100,15.0,85.0,TrueMoney Wallet,3,5
TXN-2026-0323,2026-02-04,12:56,กลางวัน (11:00-13:59),พุธ,วันธรรมดา (Weekday),CUST-029,ฮาชิบิระ อิโนะสุเกะ,Regular,ชาย,Gen Z (18-25),สาขาทองหล่อ,หน้าร้าน (Dine-in),Coffee,Iced Americano,Regular,0% (ไม่หวาน),75,1,75,0.0,75.0,บัตรเครดิต,3,5
TXN-2026-0324,2026-01-04,16:09,บ่าย (14:00-16:59),อาทิตย์,วันหยุด (Weekend),CUST-031,อุซึมากิ นารูโตะ,Gold,ชาย,Gen Y (26-40),สาขาทองหล่อ,ซื้อกลับ (Takeaway),Bakery,Carrot Walnut Cake,Standard,-,115,1,115,11.5,103.5,TrueMoney Wallet,4,5
TXN-2026-0324,2026-01-04,16:09,บ่าย (14:00-16:59),อาทิตย์,วันหยุด (Weekend),CUST-031,อุซึมากิ นารูโตะ,Gold,ชาย,Gen Y (26-40),สาขาทองหล่อ,ซื้อกลับ (Takeaway),Coffee,Iced Caramel Macchiato,Regular,0% (ไม่หวาน),95,1,95,9.5,85.5,TrueMoney Wallet,3,5
TXN-2026-0324,2026-01-04,16:09,บ่าย (14:00-16:59),อาทิตย์,วันหยุด (Weekend),CUST-031,อุซึมากิ นารูโตะ,Gold,ชาย,Gen Y (26-40),สาขาทองหล่อ,ซื้อกลับ (Takeaway),Coffee,Dirty Coffee,Regular,0% (ไม่หวาน),90,1,90,9.0,81.0,TrueMoney Wallet,3,5
TXN-2026-0325,2026-01-06,09:01,เช้า (07:00-10:59),อังคาร,วันธรรมดา (Weekday),CUST-020,มิซาเอะ,Gold,หญิง,Gen X (41-55),สาขาทองหล่อ,หน้าร้าน (Dine-in),Bakery,Chocolate Truffle Croffle,Standard,-,110,1,110,11.0,99.0,QR PromptPay,3,5
TXN-2026-0325,2026-01-06,09:01,เช้า (07:00-10:59),อังคาร,วันธรรมดา (Weekday),CUST-020,มิซาเอะ,Gold,หญิง,Gen X (41-55),สาขาทองหล่อ,หน้าร้าน (Dine-in),Coffee,Iced Cafe Latte,Large,0% (ไม่หวาน),100,1,100,10.0,90.0,QR PromptPay,3,5
TXN-2026-0326,2026-03-21,11:13,กลางวัน (11:00-13:59),เสาร์,วันหยุด (Weekend),CUST-036,ปิกาจู,Platinum,ไม่ระบุ,Gen Z (18-25),สาขาสยามสแควร์,หน้าร้าน (Dine-in),Coffee,Hot Cafe Latte,Regular,50% (หวานน้อย),80,1,80,12.0,68.0,บัตรเครดิต,2,5
TXN-2026-0327,2026-01-07,10:57,เช้า (07:00-10:59),พุธ,วันธรรมดา (Weekday),CUST-007,โรโรโนอา โซโร,Silver,ชาย,Gen Y (26-40),สาขาอารีย์,หน้าร้าน (Dine-in),Bakery,Chocolate Truffle Croffle,Standard,-,110,1,110,5.5,104.5,QR PromptPay,4,4
TXN-2026-0327,2026-01-07,10:57,เช้า (07:00-10:59),พุธ,วันธรรมดา (Weekday),CUST-007,โรโรโนอา โซโร,Silver,ชาย,Gen Y (26-40),สาขาอารีย์,หน้าร้าน (Dine-in),Non-Coffee,Hojicha Roasted Tea,Regular,100% (หวานปกติ),90,1,90,4.5,85.5,QR PromptPay,3,4
TXN-2026-0327,2026-01-07,10:57,เช้า (07:00-10:59),พุธ,วันธรรมดา (Weekday),CUST-007,โรโรโนอา โซโร,Silver,ชาย,Gen Y (26-40),สาขาอารีย์,หน้าร้าน (Dine-in),Non-Coffee,Dark Cocoa Extreme,Regular,100% (หวานปกติ),85,1,85,4.25,80.75,QR PromptPay,3,4
TXN-2026-0328,2026-02-09,16:49,บ่าย (14:00-16:59),จันทร์,วันธรรมดา (Weekday),CUST-015,เอโดงาวะ โคนัน,Silver,ชาย,Gen Z (18-25),สาขาลาดพร้าว,หน้าร้าน (Dine-in),Coffee,Signature Cold Brew,Regular,0% (ไม่หวาน),105,1,105,5.25,99.75,TrueMoney Wallet,3,5
TXN-2026-0329,2026-02-11,11:04,กลางวัน (11:00-13:59),พุธ,วันธรรมดา (Weekday),CUST-023,อิตาโดริ ยูจิ,Regular,ชาย,Gen Z (18-25),สาขาอารีย์,เดลิเวอรี่ (Delivery),Bakery,Carrot Walnut Cake,Standard,-,115,1,115,0.0,115.0,QR PromptPay,4,5
TXN-2026-0329,2026-02-11,11:04,กลางวัน (11:00-13:59),พุธ,วันธรรมดา (Weekday),CUST-023,อิตาโดริ ยูจิ,Regular,ชาย,Gen Z (18-25),สาขาอารีย์,เดลิเวอรี่ (Delivery),Coffee,Iced Cafe Latte,Regular,50% (หวานน้อย),85,1,85,0.0,85.0,QR PromptPay,3,5
TXN-2026-0330,2026-01-10,16:29,บ่าย (14:00-16:59),เสาร์,วันหยุด (Weekend),CUST-027,คามาโดะ เนซึโกะ,Gold,หญิง,Gen Z (18-25),สาขาสยามสแควร์,หน้าร้าน (Dine-in),Coffee,Dirty Coffee,Regular,100% (หวานปกติ),90,1,90,9.0,81.0,QR PromptPay,3,5
TXN-2026-0331,2026-02-13,11:11,กลางวัน (11:00-13:59),ศุกร์,วันธรรมดา (Weekday),CUST-005,ไจแอนท์,Silver,ชาย,Gen Y (26-40),สาขาทองหล่อ,ซื้อกลับ (Takeaway),Non-Coffee,Peach Sparking Soda,Regular,100% (หวานปกติ),80,1,80,4.0,76.0,TrueMoney Wallet,3,5
TXN-2026-0331,2026-02-13,11:11,กลางวัน (11:00-13:59),ศุกร์,วันธรรมดา (Weekday),CUST-005,ไจแอนท์,Silver,ชาย,Gen Y (26-40),สาขาทองหล่อ,ซื้อกลับ (Takeaway),Merchandise,Anime Tumbler 500ml,Standard,-,390,1,390,19.5,370.5,TrueMoney Wallet,14,5
TXN-2026-0332,2026-01-14,16:49,บ่าย (14:00-16:59),พุธ,วันธรรมดา (Weekday),CUST-021,ฮิโรชิ,Silver,ชาย,Gen X (41-55),สาขาอารีย์,ซื้อกลับ (Takeaway),Coffee,Espresso (Single/Double),Regular,0% (ไม่หวาน),65,1,65,3.25,61.75,QR PromptPay,2,4
TXN-2026-0332,2026-01-14,16:49,บ่าย (14:00-16:59),พุธ,วันธรรมดา (Weekday),CUST-021,ฮิโรชิ,Silver,ชาย,Gen X (41-55),สาขาอารีย์,ซื้อกลับ (Takeaway),Coffee,Iced Caramel Macchiato,Large,100% (หวานปกติ),110,1,110,5.5,104.5,QR PromptPay,4,4
TXN-2026-0332,2026-01-14,16:49,บ่าย (14:00-16:59),พุธ,วันธรรมดา (Weekday),CUST-021,ฮิโรชิ,Silver,ชาย,Gen X (41-55),สาขาอารีย์,ซื้อกลับ (Takeaway),Merchandise,Anime Tumbler 500ml,Standard,-,390,1,390,19.5,370.5,QR PromptPay,14,4
TXN-2026-0333,2026-03-28,10:45,เช้า (07:00-10:59),เสาร์,วันหยุด (Weekend),GUEST,ลูกค้าทั่วไป (Walk-in),Non-Member,หญิง,Gen Z (18-25),สาขาอารีย์,ซื้อกลับ (Takeaway),Coffee,Iced Americano,Regular,50% (หวานน้อย),75,1,75,0.0,75.0,บัตรเครดิต,0,4
TXN-2026-0333,2026-03-28,10:45,เช้า (07:00-10:59),เสาร์,วันหยุด (Weekend),GUEST,ลูกค้าทั่วไป (Walk-in),Non-Member,หญิง,Gen Z (18-25),สาขาอารีย์,ซื้อกลับ (Takeaway),Non-Coffee,Hojicha Roasted Tea,Large,0% (ไม่หวาน),105,1,105,0.0,105.0,บัตรเครดิต,0,4
TXN-2026-0333,2026-03-28,10:45,เช้า (07:00-10:59),เสาร์,วันหยุด (Weekend),GUEST,ลูกค้าทั่วไป (Walk-in),Non-Member,หญิง,Gen Z (18-25),สาขาอารีย์,ซื้อกลับ (Takeaway),Merchandise,House Blend Beans 250g,Standard,-,280,1,280,0.0,280.0,บัตรเครดิต,0,4
TXN-2026-0334,2026-02-18,12:34,กลางวัน (11:00-13:59),พุธ,วันธรรมดา (Weekday),CUST-012,อาเนีย ฟอร์เจอร์,Regular,หญิง,Gen Z (18-25),สาขาอารีย์,หน้าร้าน (Dine-in),Coffee,Iced Caramel Macchiato,Regular,25% (หวานน้อยมาก),95,1,95,0.0,95.0,QR PromptPay,3,3
TXN-2026-0334,2026-02-18,12:34,กลางวัน (11:00-13:59),พุธ,วันธรรมดา (Weekday),CUST-012,อาเนีย ฟอร์เจอร์,Regular,หญิง,Gen Z (18-25),สาขาอารีย์,หน้าร้าน (Dine-in),Non-Coffee,Dark Cocoa Extreme,Regular,25% (หวานน้อยมาก),85,1,85,0.0,85.0,QR PromptPay,3,3
TXN-2026-0335,2026-03-04,14:05,บ่าย (14:00-16:59),พุธ,วันธรรมดา (Weekday),CUST-027,คามาโดะ เนซึโกะ,Gold,หญิง,Gen Z (18-25),สาขาลาดพร้าว,เดลิเวอรี่ (Delivery),Bakery,Chocolate Truffle Croffle,Standard,-,110,1,110,11.0,99.0,บัตรเครดิต,3,3
TXN-2026-0335,2026-03-04,14:05,บ่าย (14:00-16:59),พุธ,วันธรรมดา (Weekday),CUST-027,คามาโดะ เนซึโกะ,Gold,หญิง,Gen Z (18-25),สาขาลาดพร้าว,เดลิเวอรี่ (Delivery),Bakery,Carrot Walnut Cake,Standard,-,115,1,115,11.5,103.5,บัตรเครดิต,4,3
TXN-2026-0336,2026-01-29,07:36,เช้า (07:00-10:59),พฤหัสบดี,วันธรรมดา (Weekday),CUST-047,มิคาสะ แอคเคอร์แมน,Gold,หญิง,Gen Z (18-25),สาขาสยามสแควร์,ซื้อกลับ (Takeaway),Coffee,Iced Americano,Large,50% (หวานน้อย),90,1,90,9.0,81.0,QR PromptPay,3,5
TXN-2026-0337,2026-03-03,17:09,เย็น (17:00-20:30),อังคาร,วันธรรมดา (Weekday),CUST-034,ฮาตาเกะ คาคาชิ,Platinum,ชาย,Gen X (41-55),สาขาลาดพร้าว,เดลิเวอรี่ (Delivery),Coffee,Hot Cafe Latte,Regular,100% (หวานปกติ),80,1,80,12.0,68.0,TrueMoney Wallet,2,5
TXN-2026-0338,2026-03-26,17:43,เย็น (17:00-20:30),พฤหัสบดี,วันธรรมดา (Weekday),CUST-038,เซเลอร์มูน (อุซางิ),Gold,หญิง,Gen Y (26-40),สาขาสยามสแควร์,หน้าร้าน (Dine-in),Bakery,Carrot Walnut Cake,Standard,-,115,1,115,11.5,103.5,QR PromptPay,4,4
TXN-2026-0339,2026-02-12,12:18,กลางวัน (11:00-13:59),พฤหัสบดี,วันธรรมดา (Weekday),CUST-045,บลูม่า,Platinum,หญิง,Gen X (41-55),สาขาลาดพร้าว,ซื้อกลับ (Takeaway),Bakery,Basque Burnt Cheesecake,Standard,-,125,1,125,18.75,106.25,บัตรเครดิต,4,5
TXN-2026-0340,2026-03-26,17:18,เย็น (17:00-20:30),พฤหัสบดี,วันธรรมดา (Weekday),CUST-009,ซันจิ,Gold,ชาย,Gen Y (26-40),สาขาอารีย์,เดลิเวอรี่ (Delivery),Non-Coffee,Thai Milk Tea Special,Regular,0% (ไม่หวาน),70,1,70,7.0,63.0,QR PromptPay,2,5
TXN-2026-0341,2026-03-17,16:28,บ่าย (14:00-16:59),อังคาร,วันธรรมดา (Weekday),CUST-012,อาเนีย ฟอร์เจอร์,Regular,หญิง,Gen Z (18-25),สาขาสยามสแควร์,ซื้อกลับ (Takeaway),Non-Coffee,Peach Sparking Soda,Regular,100% (หวานปกติ),80,1,80,0.0,80.0,บัตรเครดิต,3,4
TXN-2026-0341,2026-03-17,16:28,บ่าย (14:00-16:59),อังคาร,วันธรรมดา (Weekday),CUST-012,อาเนีย ฟอร์เจอร์,Regular,หญิง,Gen Z (18-25),สาขาสยามสแควร์,ซื้อกลับ (Takeaway),Coffee,Hot Cafe Latte,Regular,100% (หวานปกติ),80,1,80,0.0,80.0,บัตรเครดิต,3,4
TXN-2026-0341,2026-03-17,16:28,บ่าย (14:00-16:59),อังคาร,วันธรรมดา (Weekday),CUST-012,อาเนีย ฟอร์เจอร์,Regular,หญิง,Gen Z (18-25),สาขาสยามสแควร์,ซื้อกลับ (Takeaway),Coffee,Iced Caramel Macchiato,Large,25% (หวานน้อยมาก),110,1,110,0.0,110.0,บัตรเครดิต,4,4
TXN-2026-0342,2026-02-14,09:48,เช้า (07:00-10:59),เสาร์,วันหยุด (Weekend),CUST-004,ซูเนโอะ,Platinum,ชาย,Gen Y (26-40),สาขาสยามสแควร์,หน้าร้าน (Dine-in),Merchandise,Anime Tumbler 500ml,Standard,-,390,1,390,58.5,331.5,QR PromptPay,13,4
TXN-2026-0342,2026-02-14,09:48,เช้า (07:00-10:59),เสาร์,วันหยุด (Weekend),CUST-004,ซูเนโอะ,Platinum,ชาย,Gen Y (26-40),สาขาสยามสแควร์,หน้าร้าน (Dine-in),Non-Coffee,Uji Matcha Latte,Large,100% (หวานปกติ),110,1,110,16.5,93.5,QR PromptPay,3,4
TXN-2026-0343,2026-03-09,17:18,เย็น (17:00-20:30),จันทร์,วันธรรมดา (Weekday),GUEST,ลูกค้าทั่วไป (Walk-in),Non-Member,หญิง,Gen Y (26-40),สาขาทองหล่อ,เดลิเวอรี่ (Delivery),Non-Coffee,Hojicha Roasted Tea,Large,50% (หวานน้อย),105,1,105,0.0,105.0,บัตรเครดิต,0,5
TXN-2026-0343,2026-03-09,17:18,เย็น (17:00-20:30),จันทร์,วันธรรมดา (Weekday),GUEST,ลูกค้าทั่วไป (Walk-in),Non-Member,หญิง,Gen Y (26-40),สาขาทองหล่อ,เดลิเวอรี่ (Delivery),Bakery,Almond Cream Croissant,Standard,-,95,1,95,0.0,95.0,บัตรเครดิต,0,5
TXN-2026-0343,2026-03-09,17:18,เย็น (17:00-20:30),จันทร์,วันธรรมดา (Weekday),GUEST,ลูกค้าทั่วไป (Walk-in),Non-Member,หญิง,Gen Y (26-40),สาขาทองหล่อ,เดลิเวอรี่ (Delivery),Non-Coffee,Thai Milk Tea Special,Large,100% (หวานปกติ),85,1,85,0.0,85.0,บัตรเครดิต,0,5
TXN-2026-0344,2026-01-31,16:49,บ่าย (14:00-16:59),เสาร์,วันหยุด (Weekend),CUST-022,โกโจ ซาโตรุ,Platinum,ชาย,Gen Y (26-40),สาขาทองหล่อ,เดลิเวอรี่ (Delivery),Coffee,Hot Cafe Latte,Regular,100% (หวานปกติ),80,1,80,12.0,68.0,QR PromptPay,2,5
TXN-2026-0345,2026-01-14,15:14,บ่าย (14:00-16:59),พุธ,วันธรรมดา (Weekday),CUST-017,โมริ โคโกโร่,Regular,ชาย,Gen X (41-55),สาขาสยามสแควร์,หน้าร้าน (Dine-in),Coffee,Dirty Coffee,Regular,0% (ไม่หวาน),90,2,180,0.0,180.0,QR PromptPay,7,3
TXN-2026-0345,2026-01-14,15:14,บ่าย (14:00-16:59),พุธ,วันธรรมดา (Weekday),CUST-017,โมริ โคโกโร่,Regular,ชาย,Gen X (41-55),สาขาสยามสแควร์,หน้าร้าน (Dine-in),Coffee,Iced Cafe Latte,Regular,100% (หวานปกติ),85,1,85,0.0,85.0,QR PromptPay,3,3
TXN-2026-0346,2026-03-24,11:57,กลางวัน (11:00-13:59),อังคาร,วันธรรมดา (Weekday),CUST-012,อาเนีย ฟอร์เจอร์,Regular,หญิง,Gen Z (18-25),สาขาสยามสแควร์,ซื้อกลับ (Takeaway),Non-Coffee,Thai Milk Tea Special,Large,25% (หวานน้อยมาก),85,1,85,0.0,85.0,เงินสด,3,5
TXN-2026-0346,2026-03-24,11:57,กลางวัน (11:00-13:59),อังคาร,วันธรรมดา (Weekday),CUST-012,อาเนีย ฟอร์เจอร์,Regular,หญิง,Gen Z (18-25),สาขาสยามสแควร์,ซื้อกลับ (Takeaway),Bakery,Almond Cream Croissant,Standard,-,95,1,95,0.0,95.0,เงินสด,3,5
TXN-2026-0346,2026-03-24,11:57,กลางวัน (11:00-13:59),อังคาร,วันธรรมดา (Weekday),CUST-012,อาเนีย ฟอร์เจอร์,Regular,หญิง,Gen Z (18-25),สาขาสยามสแควร์,ซื้อกลับ (Takeaway),Non-Coffee,Peach Sparking Soda,Large,100% (หวานปกติ),95,1,95,0.0,95.0,เงินสด,3,5
TXN-2026-0347,2026-01-08,09:11,เช้า (07:00-10:59),พฤหัสบดี,วันธรรมดา (Weekday),CUST-032,อุจิวะ ซาสึเกะ,Silver,ชาย,Gen Y (26-40),สาขาลาดพร้าว,หน้าร้าน (Dine-in),Merchandise,Anime Tumbler 500ml,Standard,-,390,1,390,19.5,370.5,QR PromptPay,14,5
TXN-2026-0348,2026-03-24,10:45,เช้า (07:00-10:59),อังคาร,วันธรรมดา (Weekday),CUST-003,ชิซุกะ,Gold,หญิง,Gen Z (18-25),สาขาสยามสแควร์,ซื้อกลับ (Takeaway),Coffee,Iced Caramel Macchiato,Large,50% (หวานน้อย),110,1,110,11.0,99.0,QR PromptPay,3,5
TXN-2026-0348,2026-03-24,10:45,เช้า (07:00-10:59),อังคาร,วันธรรมดา (Weekday),CUST-003,ชิซุกะ,Gold,หญิง,Gen Z (18-25),สาขาสยามสแควร์,ซื้อกลับ (Takeaway),Coffee,Espresso (Single/Double),Regular,0% (ไม่หวาน),65,2,130,13.0,117.0,QR PromptPay,4,5
TXN-2026-0348,2026-03-24,10:45,เช้า (07:00-10:59),อังคาร,วันธรรมดา (Weekday),CUST-003,ชิซุกะ,Gold,หญิง,Gen Z (18-25),สาขาสยามสแควร์,ซื้อกลับ (Takeaway),Coffee,Iced Americano,Regular,100% (หวานปกติ),75,1,75,7.5,67.5,QR PromptPay,2,5
TXN-2026-0349,2026-02-21,14:34,บ่าย (14:00-16:59),เสาร์,วันหยุด (Weekend),CUST-025,คูกิซากิ โนบาระ,Gold,หญิง,Gen Z (18-25),สาขาลาดพร้าว,เดลิเวอรี่ (Delivery),Non-Coffee,Hojicha Roasted Tea,Large,0% (ไม่หวาน),105,1,105,10.5,94.5,บัตรเครดิต,3,5
TXN-2026-0349,2026-02-21,14:34,บ่าย (14:00-16:59),เสาร์,วันหยุด (Weekend),CUST-025,คูกิซากิ โนบาระ,Gold,หญิง,Gen Z (18-25),สาขาลาดพร้าว,เดลิเวอรี่ (Delivery),Non-Coffee,Peach Sparking Soda,Regular,50% (หวานน้อย),80,1,80,8.0,72.0,บัตรเครดิต,2,5
TXN-2026-0349,2026-02-21,14:34,บ่าย (14:00-16:59),เสาร์,วันหยุด (Weekend),CUST-025,คูกิซากิ โนบาระ,Gold,หญิง,Gen Z (18-25),สาขาลาดพร้าว,เดลิเวอรี่ (Delivery),Non-Coffee,Dark Cocoa Extreme,Large,0% (ไม่หวาน),100,2,200,20.0,180.0,บัตรเครดิต,7,5
TXN-2026-0350,2026-02-07,14:35,บ่าย (14:00-16:59),เสาร์,วันหยุด (Weekend),CUST-025,คูกิซากิ โนบาระ,Gold,หญิง,Gen Z (18-25),สาขาทองหล่อ,หน้าร้าน (Dine-in),Bakery,Basque Burnt Cheesecake,Standard,-,125,1,125,12.5,112.5,QR PromptPay,4,5
TXN-2026-0350,2026-02-07,14:35,บ่าย (14:00-16:59),เสาร์,วันหยุด (Weekend),CUST-025,คูกิซากิ โนบาระ,Gold,หญิง,Gen Z (18-25),สาขาทองหล่อ,หน้าร้าน (Dine-in),Coffee,Hot Cafe Latte,Regular,0% (ไม่หวาน),80,1,80,8.0,72.0,QR PromptPay,2,5
TXN-2026-0351,2026-03-17,10:04,เช้า (07:00-10:59),อังคาร,วันธรรมดา (Weekday),CUST-042,ฮากุ,Silver,ชาย,Gen Z (18-25),สาขาสยามสแควร์,ซื้อกลับ (Takeaway),Coffee,Iced Americano,Regular,100% (หวานปกติ),75,1,75,3.75,71.25,TrueMoney Wallet,2,5
TXN-2026-0351,2026-03-17,10:04,เช้า (07:00-10:59),อังคาร,วันธรรมดา (Weekday),CUST-042,ฮากุ,Silver,ชาย,Gen Z (18-25),สาขาสยามสแควร์,ซื้อกลับ (Takeaway),Non-Coffee,Peach Sparking Soda,Large,25% (หวานน้อยมาก),95,1,95,4.75,90.25,TrueMoney Wallet,3,5
TXN-2026-0351,2026-03-17,10:04,เช้า (07:00-10:59),อังคาร,วันธรรมดา (Weekday),CUST-042,ฮากุ,Silver,ชาย,Gen Z (18-25),สาขาสยามสแควร์,ซื้อกลับ (Takeaway),Merchandise,House Blend Beans 250g,Standard,-,280,2,560,28.0,532.0,TrueMoney Wallet,21,5
TXN-2026-0351,2026-03-17,10:04,เช้า (07:00-10:59),อังคาร,วันธรรมดา (Weekday),CUST-042,ฮากุ,Silver,ชาย,Gen Z (18-25),สาขาสยามสแควร์,ซื้อกลับ (Takeaway),Merchandise,Anime Tumbler 500ml,Standard,-,390,1,390,19.5,370.5,TrueMoney Wallet,14,5
TXN-2026-0352,2026-03-04,15:58,บ่าย (14:00-16:59),พุธ,วันธรรมดา (Weekday),GUEST,ลูกค้าทั่วไป (Walk-in),Non-Member,ชาย,Gen Z (18-25),สาขาทองหล่อ,หน้าร้าน (Dine-in),Coffee,Iced Cafe Latte,Large,25% (หวานน้อยมาก),100,2,200,0.0,200.0,QR PromptPay,0,5
TXN-2026-0353,2026-01-09,14:07,บ่าย (14:00-16:59),ศุกร์,วันธรรมดา (Weekday),CUST-040,โทโทโร่,Platinum,ไม่ระบุ,Gen X (41-55),สาขาสยามสแควร์,เดลิเวอรี่ (Delivery),Bakery,Butter Croissant,Standard,-,75,2,150,22.5,127.5,QR PromptPay,5,4
TXN-2026-0353,2026-01-09,14:07,บ่าย (14:00-16:59),ศุกร์,วันธรรมดา (Weekday),CUST-040,โทโทโร่,Platinum,ไม่ระบุ,Gen X (41-55),สาขาสยามสแควร์,เดลิเวอรี่ (Delivery),Non-Coffee,Peach Sparking Soda,Regular,0% (ไม่หวาน),80,1,80,12.0,68.0,QR PromptPay,2,4
TXN-2026-0353,2026-01-09,14:07,บ่าย (14:00-16:59),ศุกร์,วันธรรมดา (Weekday),CUST-040,โทโทโร่,Platinum,ไม่ระบุ,Gen X (41-55),สาขาสยามสแควร์,เดลิเวอรี่ (Delivery),Coffee,Iced Cafe Latte,Large,0% (ไม่หวาน),100,1,100,15.0,85.0,QR PromptPay,3,4
TXN-2026-0353,2026-01-09,14:07,บ่าย (14:00-16:59),ศุกร์,วันธรรมดา (Weekday),CUST-040,โทโทโร่,Platinum,ไม่ระบุ,Gen X (41-55),สาขาสยามสแควร์,เดลิเวอรี่ (Delivery),Coffee,Iced Caramel Macchiato,Regular,100% (หวานปกติ),95,1,95,14.25,80.75,QR PromptPay,3,4
TXN-2026-0354,2026-02-17,12:15,กลางวัน (11:00-13:59),อังคาร,วันธรรมดา (Weekday),GUEST,ลูกค้าทั่วไป (Walk-in),Non-Member,ชาย,Gen Z (18-25),สาขาสยามสแควร์,เดลิเวอรี่ (Delivery),Bakery,Basque Burnt Cheesecake,Standard,-,125,1,125,0.0,125.0,บัตรเครดิต,0,4
TXN-2026-0355,2026-01-23,19:26,เย็น (17:00-20:30),ศุกร์,วันธรรมดา (Weekday),CUST-050,อาสึนะ,Platinum,หญิง,Gen Z (18-25),สาขาอารีย์,หน้าร้าน (Dine-in),Non-Coffee,Uji Matcha Latte,Regular,0% (ไม่หวาน),95,1,95,14.25,80.75,QR PromptPay,3,5
TXN-2026-0356,2026-03-05,14:40,บ่าย (14:00-16:59),พฤหัสบดี,วันธรรมดา (Weekday),CUST-020,มิซาเอะ,Gold,หญิง,Gen X (41-55),สาขาสยามสแควร์,หน้าร้าน (Dine-in),Coffee,Iced Cafe Latte,Regular,100% (หวานปกติ),85,1,85,8.5,76.5,QR PromptPay,3,5
TXN-2026-0356,2026-03-05,14:40,บ่าย (14:00-16:59),พฤหัสบดี,วันธรรมดา (Weekday),CUST-020,มิซาเอะ,Gold,หญิง,Gen X (41-55),สาขาสยามสแควร์,หน้าร้าน (Dine-in),Non-Coffee,Hojicha Roasted Tea,Regular,50% (หวานน้อย),90,1,90,9.0,81.0,QR PromptPay,3,5
TXN-2026-0357,2026-01-15,16:54,บ่าย (14:00-16:59),พฤหัสบดี,วันธรรมดา (Weekday),GUEST,ลูกค้าทั่วไป (Walk-in),Non-Member,หญิง,Gen Y (26-40),สาขาสยามสแควร์,ซื้อกลับ (Takeaway),Bakery,Almond Cream Croissant,Standard,-,95,1,95,0.0,95.0,QR PromptPay,0,5
TXN-2026-0358,2026-02-28,07:59,เช้า (07:00-10:59),เสาร์,วันหยุด (Weekend),CUST-011,นิโค โรบิน,Platinum,หญิง,Gen X (41-55),สาขาทองหล่อ,ซื้อกลับ (Takeaway),Merchandise,House Blend Beans 250g,Standard,-,280,1,280,42.0,238.0,QR PromptPay,9,4
TXN-2026-0358,2026-02-28,07:59,เช้า (07:00-10:59),เสาร์,วันหยุด (Weekend),CUST-011,นิโค โรบิน,Platinum,หญิง,Gen X (41-55),สาขาทองหล่อ,ซื้อกลับ (Takeaway),Non-Coffee,Peach Sparking Soda,Large,25% (หวานน้อยมาก),95,1,95,14.25,80.75,QR PromptPay,3,4
TXN-2026-0359,2026-02-11,08:47,เช้า (07:00-10:59),พุธ,วันธรรมดา (Weekday),CUST-013,ลอยด์ ฟอร์เจอร์,Platinum,ชาย,Gen Y (26-40),สาขาสยามสแควร์,หน้าร้าน (Dine-in),Coffee,Iced Caramel Macchiato,Regular,100% (หวานปกติ),95,1,95,14.25,80.75,QR PromptPay,3,5
TXN-2026-0359,2026-02-11,08:47,เช้า (07:00-10:59),พุธ,วันธรรมดา (Weekday),CUST-013,ลอยด์ ฟอร์เจอร์,Platinum,ชาย,Gen Y (26-40),สาขาสยามสแควร์,หน้าร้าน (Dine-in),Coffee,Dirty Coffee,Regular,25% (หวานน้อยมาก),90,1,90,13.5,76.5,QR PromptPay,3,5
TXN-2026-0359,2026-02-11,08:47,เช้า (07:00-10:59),พุธ,วันธรรมดา (Weekday),CUST-013,ลอยด์ ฟอร์เจอร์,Platinum,ชาย,Gen Y (26-40),สาขาสยามสแควร์,หน้าร้าน (Dine-in),Bakery,Chocolate Truffle Croffle,Standard,-,110,1,110,16.5,93.5,QR PromptPay,3,5
TXN-2026-0360,2026-01-17,07:17,เช้า (07:00-10:59),เสาร์,วันหยุด (Weekend),CUST-030,เร็นโกคุ เคียวจูโร่,Platinum,ชาย,Gen Y (26-40),สาขาอารีย์,หน้าร้าน (Dine-in),Coffee,Signature Cold Brew,Regular,0% (ไม่หวาน),105,1,105,15.75,89.25,QR PromptPay,3,4
TXN-2026-0360,2026-01-17,07:17,เช้า (07:00-10:59),เสาร์,วันหยุด (Weekend),CUST-030,เร็นโกคุ เคียวจูโร่,Platinum,ชาย,Gen Y (26-40),สาขาอารีย์,หน้าร้าน (Dine-in),Merchandise,Anime Tumbler 500ml,Standard,-,390,2,780,117.0,663.0,QR PromptPay,26,4
TXN-2026-0361,2026-01-28,12:17,กลางวัน (11:00-13:59),พุธ,วันธรรมดา (Weekday),CUST-028,อากาสึมะ เซ็นอิตสึ,Regular,ชาย,Gen Z (18-25),สาขาทองหล่อ,หน้าร้าน (Dine-in),Merchandise,House Blend Beans 250g,Standard,-,280,2,560,0.0,560.0,QR PromptPay,22,5
TXN-2026-0361,2026-01-28,12:17,กลางวัน (11:00-13:59),พุธ,วันธรรมดา (Weekday),CUST-028,อากาสึมะ เซ็นอิตสึ,Regular,ชาย,Gen Z (18-25),สาขาทองหล่อ,หน้าร้าน (Dine-in),Coffee,Iced Caramel Macchiato,Regular,100% (หวานปกติ),95,1,95,0.0,95.0,QR PromptPay,3,5
TXN-2026-0361,2026-01-28,12:17,กลางวัน (11:00-13:59),พุธ,วันธรรมดา (Weekday),CUST-028,อากาสึมะ เซ็นอิตสึ,Regular,ชาย,Gen Z (18-25),สาขาทองหล่อ,หน้าร้าน (Dine-in),Coffee,Espresso (Single/Double),Regular,0% (ไม่หวาน),65,1,65,0.0,65.0,QR PromptPay,2,5
TXN-2026-0362,2026-02-20,13:52,กลางวัน (11:00-13:59),ศุกร์,วันธรรมดา (Weekday),CUST-032,อุจิวะ ซาสึเกะ,Silver,ชาย,Gen Y (26-40),สาขาสยามสแควร์,ซื้อกลับ (Takeaway),Coffee,Iced Caramel Macchiato,Regular,0% (ไม่หวาน),95,1,95,4.75,90.25,QR PromptPay,3,4
TXN-2026-0362,2026-02-20,13:52,กลางวัน (11:00-13:59),ศุกร์,วันธรรมดา (Weekday),CUST-032,อุจิวะ ซาสึเกะ,Silver,ชาย,Gen Y (26-40),สาขาสยามสแควร์,ซื้อกลับ (Takeaway),Non-Coffee,Hojicha Roasted Tea,Large,25% (หวานน้อยมาก),105,1,105,5.25,99.75,QR PromptPay,3,4
TXN-2026-0362,2026-02-20,13:52,กลางวัน (11:00-13:59),ศุกร์,วันธรรมดา (Weekday),CUST-032,อุจิวะ ซาสึเกะ,Silver,ชาย,Gen Y (26-40),สาขาสยามสแควร์,ซื้อกลับ (Takeaway),Non-Coffee,Dark Cocoa Extreme,Regular,100% (หวานปกติ),85,1,85,4.25,80.75,QR PromptPay,3,4
TXN-2026-0363,2026-01-18,20:11,เย็น (17:00-20:30),อาทิตย์,วันหยุด (Weekend),CUST-024,ฟุชิงุโระ เมกุมิ,Silver,ชาย,Gen Z (18-25),สาขาทองหล่อ,ซื้อกลับ (Takeaway),Non-Coffee,Peach Sparking Soda,Regular,50% (หวานน้อย),80,1,80,4.0,76.0,QR PromptPay,3,5
TXN-2026-0364,2026-02-04,16:34,บ่าย (14:00-16:59),พุธ,วันธรรมดา (Weekday),CUST-014,ยอร์ ฟอร์เจอร์,Gold,หญิง,Gen Y (26-40),สาขาทองหล่อ,หน้าร้าน (Dine-in),Non-Coffee,Hojicha Roasted Tea,Regular,0% (ไม่หวาน),90,1,90,9.0,81.0,TrueMoney Wallet,3,4
TXN-2026-0365,2026-03-01,15:23,บ่าย (14:00-16:59),อาทิตย์,วันหยุด (Weekend),CUST-036,ปิกาจู,Platinum,ไม่ระบุ,Gen Z (18-25),สาขาทองหล่อ,ซื้อกลับ (Takeaway),Merchandise,Anime Tumbler 500ml,Standard,-,390,1,390,58.5,331.5,TrueMoney Wallet,13,5
TXN-2026-0366,2026-03-16,18:48,เย็น (17:00-20:30),จันทร์,วันธรรมดา (Weekday),CUST-015,เอโดงาวะ โคนัน,Silver,ชาย,Gen Z (18-25),สาขาสยามสแควร์,เดลิเวอรี่ (Delivery),Non-Coffee,Hojicha Roasted Tea,Large,100% (หวานปกติ),105,1,105,5.25,99.75,บัตรเครดิต,3,5
TXN-2026-0367,2026-03-09,15:45,บ่าย (14:00-16:59),จันทร์,วันธรรมดา (Weekday),CUST-035,ฮิวงะ ฮินาตะ,Gold,หญิง,Gen Y (26-40),สาขาลาดพร้าว,ซื้อกลับ (Takeaway),Coffee,Hot Cafe Latte,Regular,0% (ไม่หวาน),80,1,80,8.0,72.0,QR PromptPay,2,4
TXN-2026-0367,2026-03-09,15:45,บ่าย (14:00-16:59),จันทร์,วันธรรมดา (Weekday),CUST-035,ฮิวงะ ฮินาตะ,Gold,หญิง,Gen Y (26-40),สาขาลาดพร้าว,ซื้อกลับ (Takeaway),Coffee,Dirty Coffee,Regular,50% (หวานน้อย),90,2,180,18.0,162.0,QR PromptPay,6,4
TXN-2026-0368,2026-01-10,09:07,เช้า (07:00-10:59),เสาร์,วันหยุด (Weekend),CUST-032,อุจิวะ ซาสึเกะ,Silver,ชาย,Gen Y (26-40),สาขาสยามสแควร์,หน้าร้าน (Dine-in),Merchandise,Anime Tumbler 500ml,Standard,-,390,1,390,19.5,370.5,เงินสด,14,5
TXN-2026-0369,2026-02-23,13:01,กลางวัน (11:00-13:59),จันทร์,วันธรรมดา (Weekday),CUST-005,ไจแอนท์,Silver,ชาย,Gen Y (26-40),สาขาสยามสแควร์,เดลิเวอรี่ (Delivery),Merchandise,House Blend Beans 250g,Standard,-,280,1,280,14.0,266.0,TrueMoney Wallet,10,5
TXN-2026-0370,2026-02-11,13:44,กลางวัน (11:00-13:59),พุธ,วันธรรมดา (Weekday),CUST-036,ปิกาจู,Platinum,ไม่ระบุ,Gen Z (18-25),สาขาอารีย์,หน้าร้าน (Dine-in),Non-Coffee,Thai Milk Tea Special,Regular,100% (หวานปกติ),70,1,70,10.5,59.5,QR PromptPay,2,4
TXN-2026-0371,2026-02-06,14:09,บ่าย (14:00-16:59),ศุกร์,วันธรรมดา (Weekday),CUST-030,เร็นโกคุ เคียวจูโร่,Platinum,ชาย,Gen Y (26-40),สาขาลาดพร้าว,ซื้อกลับ (Takeaway),Coffee,Signature Cold Brew,Regular,0% (ไม่หวาน),105,1,105,15.75,89.25,QR PromptPay,3,5
TXN-2026-0372,2026-01-15,09:36,เช้า (07:00-10:59),พฤหัสบดี,วันธรรมดา (Weekday),CUST-017,โมริ โคโกโร่,Regular,ชาย,Gen X (41-55),สาขาสยามสแควร์,หน้าร้าน (Dine-in),Coffee,Iced Caramel Macchiato,Large,0% (ไม่หวาน),110,2,220,0.0,220.0,บัตรเครดิต,8,4
TXN-2026-0372,2026-01-15,09:36,เช้า (07:00-10:59),พฤหัสบดี,วันธรรมดา (Weekday),CUST-017,โมริ โคโกโร่,Regular,ชาย,Gen X (41-55),สาขาสยามสแควร์,หน้าร้าน (Dine-in),Non-Coffee,Hojicha Roasted Tea,Large,100% (หวานปกติ),105,1,105,0.0,105.0,บัตรเครดิต,4,4
TXN-2026-0372,2026-01-15,09:36,เช้า (07:00-10:59),พฤหัสบดี,วันธรรมดา (Weekday),CUST-017,โมริ โคโกโร่,Regular,ชาย,Gen X (41-55),สาขาสยามสแควร์,หน้าร้าน (Dine-in),Bakery,Chocolate Truffle Croffle,Standard,-,110,2,220,0.0,220.0,บัตรเครดิต,8,4
TXN-2026-0372,2026-01-15,09:36,เช้า (07:00-10:59),พฤหัสบดี,วันธรรมดา (Weekday),CUST-017,โมริ โคโกโร่,Regular,ชาย,Gen X (41-55),สาขาสยามสแควร์,หน้าร้าน (Dine-in),Coffee,Signature Cold Brew,Regular,0% (ไม่หวาน),105,1,105,0.0,105.0,บัตรเครดิต,4,4
TXN-2026-0373,2026-03-11,19:41,เย็น (17:00-20:30),พุธ,วันธรรมดา (Weekday),CUST-031,อุซึมากิ นารูโตะ,Gold,ชาย,Gen Y (26-40),สาขาลาดพร้าว,เดลิเวอรี่ (Delivery),Merchandise,House Blend Beans 250g,Standard,-,280,1,280,28.0,252.0,บัตรเครดิต,10,1
TXN-2026-0373,2026-03-11,19:41,เย็น (17:00-20:30),พุธ,วันธรรมดา (Weekday),CUST-031,อุซึมากิ นารูโตะ,Gold,ชาย,Gen Y (26-40),สาขาลาดพร้าว,เดลิเวอรี่ (Delivery),Bakery,Chocolate Truffle Croffle,Standard,-,110,2,220,22.0,198.0,บัตรเครดิต,7,1
TXN-2026-0374,2026-01-18,14:19,บ่าย (14:00-16:59),อาทิตย์,วันหยุด (Weekend),CUST-040,โทโทโร่,Platinum,ไม่ระบุ,Gen X (41-55),สาขาลาดพร้าว,ซื้อกลับ (Takeaway),Merchandise,House Blend Beans 250g,Standard,-,280,1,280,42.0,238.0,QR PromptPay,9,5
TXN-2026-0374,2026-01-18,14:19,บ่าย (14:00-16:59),อาทิตย์,วันหยุด (Weekend),CUST-040,โทโทโร่,Platinum,ไม่ระบุ,Gen X (41-55),สาขาลาดพร้าว,ซื้อกลับ (Takeaway),Bakery,Carrot Walnut Cake,Standard,-,115,1,115,17.25,97.75,QR PromptPay,3,5
TXN-2026-0375,2026-01-11,12:43,กลางวัน (11:00-13:59),อาทิตย์,วันหยุด (Weekend),CUST-006,มังกี้ ดี ลูฟี่,Gold,ชาย,Gen Z (18-25),สาขาลาดพร้าว,หน้าร้าน (Dine-in),Coffee,Iced Americano,Large,100% (หวานปกติ),90,1,90,9.0,81.0,บัตรเครดิต,3,5
TXN-2026-0376,2026-02-24,12:00,กลางวัน (11:00-13:59),อังคาร,วันธรรมดา (Weekday),CUST-023,อิตาโดริ ยูจิ,Regular,ชาย,Gen Z (18-25),สาขาสยามสแควร์,ซื้อกลับ (Takeaway),Bakery,Almond Cream Croissant,Standard,-,95,1,95,0.0,95.0,บัตรเครดิต,3,5
TXN-2026-0376,2026-02-24,12:00,กลางวัน (11:00-13:59),อังคาร,วันธรรมดา (Weekday),CUST-023,อิตาโดริ ยูจิ,Regular,ชาย,Gen Z (18-25),สาขาสยามสแควร์,ซื้อกลับ (Takeaway),Bakery,Chocolate Truffle Croffle,Standard,-,110,1,110,0.0,110.0,บัตรเครดิต,4,5
TXN-2026-0376,2026-02-24,12:00,กลางวัน (11:00-13:59),อังคาร,วันธรรมดา (Weekday),CUST-023,อิตาโดริ ยูจิ,Regular,ชาย,Gen Z (18-25),สาขาสยามสแควร์,ซื้อกลับ (Takeaway),Non-Coffee,Dark Cocoa Extreme,Large,25% (หวานน้อยมาก),100,2,200,0.0,200.0,บัตรเครดิต,8,5
TXN-2026-0377,2026-03-18,08:19,เช้า (07:00-10:59),พุธ,วันธรรมดา (Weekday),CUST-034,ฮาตาเกะ คาคาชิ,Platinum,ชาย,Gen X (41-55),สาขาลาดพร้าว,หน้าร้าน (Dine-in),Bakery,Almond Cream Croissant,Standard,-,95,1,95,14.25,80.75,เงินสด,3,4
TXN-2026-0378,2026-03-13,13:48,กลางวัน (11:00-13:59),ศุกร์,วันธรรมดา (Weekday),GUEST,ลูกค้าทั่วไป (Walk-in),Non-Member,ชาย,Gen Z (18-25),สาขาทองหล่อ,หน้าร้าน (Dine-in),Merchandise,House Blend Beans 250g,Standard,-,280,1,280,0.0,280.0,บัตรเครดิต,0,4
TXN-2026-0379,2026-03-01,07:09,เช้า (07:00-10:59),อาทิตย์,วันหยุด (Weekend),CUST-041,จิฮิโระ,Regular,หญิง,Gen Z (18-25),สาขาทองหล่อ,ซื้อกลับ (Takeaway),Bakery,Basque Burnt Cheesecake,Standard,-,125,1,125,0.0,125.0,บัตรเครดิต,5,4
TXN-2026-0380,2026-02-05,11:38,กลางวัน (11:00-13:59),พฤหัสบดี,วันธรรมดา (Weekday),CUST-038,เซเลอร์มูน (อุซางิ),Gold,หญิง,Gen Y (26-40),สาขาอารีย์,ซื้อกลับ (Takeaway),Coffee,Iced Cafe Latte,Large,25% (หวานน้อยมาก),100,1,100,10.0,90.0,QR PromptPay,3,4
TXN-2026-0380,2026-02-05,11:38,กลางวัน (11:00-13:59),พฤหัสบดี,วันธรรมดา (Weekday),CUST-038,เซเลอร์มูน (อุซางิ),Gold,หญิง,Gen Y (26-40),สาขาอารีย์,ซื้อกลับ (Takeaway),Non-Coffee,Hojicha Roasted Tea,Regular,50% (หวานน้อย),90,1,90,9.0,81.0,QR PromptPay,3,4
TXN-2026-0380,2026-02-05,11:38,กลางวัน (11:00-13:59),พฤหัสบดี,วันธรรมดา (Weekday),CUST-038,เซเลอร์มูน (อุซางิ),Gold,หญิง,Gen Y (26-40),สาขาอารีย์,ซื้อกลับ (Takeaway),Bakery,Carrot Walnut Cake,Standard,-,115,1,115,11.5,103.5,QR PromptPay,4,4
TXN-2026-0380,2026-02-05,11:38,กลางวัน (11:00-13:59),พฤหัสบดี,วันธรรมดา (Weekday),CUST-038,เซเลอร์มูน (อุซางิ),Gold,หญิง,Gen Y (26-40),สาขาอารีย์,ซื้อกลับ (Takeaway),Coffee,Espresso (Single/Double),Regular,0% (ไม่หวาน),65,1,65,6.5,58.5,QR PromptPay,2,4
TXN-2026-0381,2026-02-23,15:03,บ่าย (14:00-16:59),จันทร์,วันธรรมดา (Weekday),CUST-034,ฮาตาเกะ คาคาชิ,Platinum,ชาย,Gen X (41-55),สาขาทองหล่อ,หน้าร้าน (Dine-in),Coffee,Signature Cold Brew,Regular,0% (ไม่หวาน),105,2,210,31.5,178.5,QR PromptPay,7,5
TXN-2026-0381,2026-02-23,15:03,บ่าย (14:00-16:59),จันทร์,วันธรรมดา (Weekday),CUST-034,ฮาตาเกะ คาคาชิ,Platinum,ชาย,Gen X (41-55),สาขาทองหล่อ,หน้าร้าน (Dine-in),Merchandise,Anime Tumbler 500ml,Standard,-,390,1,390,58.5,331.5,QR PromptPay,13,5
TXN-2026-0382,2026-03-31,14:34,บ่าย (14:00-16:59),อังคาร,วันธรรมดา (Weekday),CUST-010,โทนี่ ช็อปเปอร์,Regular,ชาย,Gen Z (18-25),สาขาสยามสแควร์,ซื้อกลับ (Takeaway),Coffee,Signature Cold Brew,Regular,0% (ไม่หวาน),105,1,105,0.0,105.0,QR PromptPay,4,5
TXN-2026-0383,2026-03-06,08:50,เช้า (07:00-10:59),ศุกร์,วันธรรมดา (Weekday),GUEST,ลูกค้าทั่วไป (Walk-in),Non-Member,ไม่ระบุ,Gen X (41-55),สาขาทองหล่อ,ซื้อกลับ (Takeaway),Coffee,Iced Cafe Latte,Large,0% (ไม่หวาน),100,1,100,0.0,100.0,บัตรเครดิต,0,5
TXN-2026-0383,2026-03-06,08:50,เช้า (07:00-10:59),ศุกร์,วันธรรมดา (Weekday),GUEST,ลูกค้าทั่วไป (Walk-in),Non-Member,ไม่ระบุ,Gen X (41-55),สาขาทองหล่อ,ซื้อกลับ (Takeaway),Bakery,Almond Cream Croissant,Standard,-,95,2,190,0.0,190.0,บัตรเครดิต,0,5
TXN-2026-0384,2026-03-03,13:23,กลางวัน (11:00-13:59),อังคาร,วันธรรมดา (Weekday),CUST-029,ฮาชิบิระ อิโนะสุเกะ,Regular,ชาย,Gen Z (18-25),สาขาลาดพร้าว,ซื้อกลับ (Takeaway),Coffee,Espresso (Single/Double),Regular,0% (ไม่หวาน),65,1,65,0.0,65.0,TrueMoney Wallet,2,5
TXN-2026-0384,2026-03-03,13:23,กลางวัน (11:00-13:59),อังคาร,วันธรรมดา (Weekday),CUST-029,ฮาชิบิระ อิโนะสุเกะ,Regular,ชาย,Gen Z (18-25),สาขาลาดพร้าว,ซื้อกลับ (Takeaway),Coffee,Iced Cafe Latte,Regular,25% (หวานน้อยมาก),85,1,85,0.0,85.0,TrueMoney Wallet,3,5
TXN-2026-0385,2026-01-27,07:27,เช้า (07:00-10:59),อังคาร,วันธรรมดา (Weekday),CUST-008,นามิ,Platinum,หญิง,Gen Y (26-40),สาขาสยามสแควร์,ซื้อกลับ (Takeaway),Bakery,Carrot Walnut Cake,Standard,-,115,1,115,17.25,97.75,บัตรเครดิต,3,5
TXN-2026-0386,2026-02-02,09:42,เช้า (07:00-10:59),จันทร์,วันธรรมดา (Weekday),CUST-007,โรโรโนอา โซโร,Silver,ชาย,Gen Y (26-40),สาขาทองหล่อ,เดลิเวอรี่ (Delivery),Non-Coffee,Hojicha Roasted Tea,Regular,0% (ไม่หวาน),90,1,90,4.5,85.5,QR PromptPay,3,3
TXN-2026-0387,2026-02-05,19:22,เย็น (17:00-20:30),พฤหัสบดี,วันธรรมดา (Weekday),CUST-033,ฮารุโนะ ซากุระ,Silver,หญิง,Gen Y (26-40),สาขาทองหล่อ,ซื้อกลับ (Takeaway),Coffee,Espresso (Single/Double),Regular,0% (ไม่หวาน),65,1,65,3.25,61.75,บัตรเครดิต,2,5
TXN-2026-0387,2026-02-05,19:22,เย็น (17:00-20:30),พฤหัสบดี,วันธรรมดา (Weekday),CUST-033,ฮารุโนะ ซากุระ,Silver,หญิง,Gen Y (26-40),สาขาทองหล่อ,ซื้อกลับ (Takeaway),Bakery,Carrot Walnut Cake,Standard,-,115,1,115,5.75,109.25,บัตรเครดิต,4,5
TXN-2026-0388,2026-03-10,07:59,เช้า (07:00-10:59),อังคาร,วันธรรมดา (Weekday),CUST-033,ฮารุโนะ ซากุระ,Silver,หญิง,Gen Y (26-40),สาขาลาดพร้าว,ซื้อกลับ (Takeaway),Coffee,Iced Cafe Latte,Large,100% (หวานปกติ),100,1,100,5.0,95.0,บัตรเครดิต,3,5
TXN-2026-0388,2026-03-10,07:59,เช้า (07:00-10:59),อังคาร,วันธรรมดา (Weekday),CUST-033,ฮารุโนะ ซากุระ,Silver,หญิง,Gen Y (26-40),สาขาลาดพร้าว,ซื้อกลับ (Takeaway),Coffee,Signature Cold Brew,Regular,0% (ไม่หวาน),105,1,105,5.25,99.75,บัตรเครดิต,3,5
TXN-2026-0389,2026-02-10,07:33,เช้า (07:00-10:59),อังคาร,วันธรรมดา (Weekday),CUST-049,คิริโตะ,Gold,ชาย,Gen Z (18-25),สาขาสยามสแควร์,หน้าร้าน (Dine-in),Bakery,Butter Croissant,Standard,-,75,1,75,7.5,67.5,บัตรเครดิต,2,5
TXN-2026-0390,2026-02-09,15:14,บ่าย (14:00-16:59),จันทร์,วันธรรมดา (Weekday),CUST-019,ชินจัง (โนฮาระ ชินโนะสุเกะ),Regular,ชาย,Gen Z (18-25),สาขาลาดพร้าว,ซื้อกลับ (Takeaway),Non-Coffee,Hojicha Roasted Tea,Regular,100% (หวานปกติ),90,1,90,0.0,90.0,TrueMoney Wallet,3,4
TXN-2026-0390,2026-02-09,15:14,บ่าย (14:00-16:59),จันทร์,วันธรรมดา (Weekday),CUST-019,ชินจัง (โนฮาระ ชินโนะสุเกะ),Regular,ชาย,Gen Z (18-25),สาขาลาดพร้าว,ซื้อกลับ (Takeaway),Coffee,Signature Cold Brew,Regular,0% (ไม่หวาน),105,1,105,0.0,105.0,TrueMoney Wallet,4,4
TXN-2026-0391,2026-03-26,14:09,บ่าย (14:00-16:59),พฤหัสบดี,วันธรรมดา (Weekday),CUST-045,บลูม่า,Platinum,หญิง,Gen X (41-55),สาขาอารีย์,หน้าร้าน (Dine-in),Coffee,Dirty Coffee,Regular,25% (หวานน้อยมาก),90,1,90,13.5,76.5,เงินสด,3,2
TXN-2026-0392,2026-02-21,10:46,เช้า (07:00-10:59),เสาร์,วันหยุด (Weekend),CUST-049,คิริโตะ,Gold,ชาย,Gen Z (18-25),สาขาทองหล่อ,ซื้อกลับ (Takeaway),Bakery,Butter Croissant,Standard,-,75,1,75,7.5,67.5,QR PromptPay,2,4
TXN-2026-0392,2026-02-21,10:46,เช้า (07:00-10:59),เสาร์,วันหยุด (Weekend),CUST-049,คิริโตะ,Gold,ชาย,Gen Z (18-25),สาขาทองหล่อ,ซื้อกลับ (Takeaway),Non-Coffee,Hojicha Roasted Tea,Large,100% (หวานปกติ),105,1,105,10.5,94.5,QR PromptPay,3,4
TXN-2026-0393,2026-01-19,14:07,บ่าย (14:00-16:59),จันทร์,วันธรรมดา (Weekday),CUST-032,อุจิวะ ซาสึเกะ,Silver,ชาย,Gen Y (26-40),สาขาสยามสแควร์,เดลิเวอรี่ (Delivery),Bakery,Basque Burnt Cheesecake,Standard,-,125,1,125,6.25,118.75,QR PromptPay,4,4
TXN-2026-0393,2026-01-19,14:07,บ่าย (14:00-16:59),จันทร์,วันธรรมดา (Weekday),CUST-032,อุจิวะ ซาสึเกะ,Silver,ชาย,Gen Y (26-40),สาขาสยามสแควร์,เดลิเวอรี่ (Delivery),Coffee,Espresso (Single/Double),Regular,0% (ไม่หวาน),65,1,65,3.25,61.75,QR PromptPay,2,4
TXN-2026-0394,2026-03-21,14:42,บ่าย (14:00-16:59),เสาร์,วันหยุด (Weekend),CUST-050,อาสึนะ,Platinum,หญิง,Gen Z (18-25),สาขาอารีย์,ซื้อกลับ (Takeaway),Merchandise,Anime Tumbler 500ml,Standard,-,390,1,390,58.5,331.5,QR PromptPay,13,5
TXN-2026-0395,2026-03-11,11:27,กลางวัน (11:00-13:59),พุธ,วันธรรมดา (Weekday),GUEST,ลูกค้าทั่วไป (Walk-in),Non-Member,ชาย,Gen Y (26-40),สาขาอารีย์,เดลิเวอรี่ (Delivery),Non-Coffee,Dark Cocoa Extreme,Regular,100% (หวานปกติ),85,1,85,0.0,85.0,QR PromptPay,0,5
TXN-2026-0396,2026-02-09,15:48,บ่าย (14:00-16:59),จันทร์,วันธรรมดา (Weekday),CUST-044,เบจิต้า,Platinum,ชาย,Gen X (41-55),สาขาอารีย์,ซื้อกลับ (Takeaway),Coffee,Signature Cold Brew,Regular,0% (ไม่หวาน),105,1,105,15.75,89.25,บัตรเครดิต,3,5
TXN-2026-0396,2026-02-09,15:48,บ่าย (14:00-16:59),จันทร์,วันธรรมดา (Weekday),CUST-044,เบจิต้า,Platinum,ชาย,Gen X (41-55),สาขาอารีย์,ซื้อกลับ (Takeaway),Bakery,Carrot Walnut Cake,Standard,-,115,1,115,17.25,97.75,บัตรเครดิต,3,5
TXN-2026-0397,2026-02-18,15:49,บ่าย (14:00-16:59),พุธ,วันธรรมดา (Weekday),GUEST,ลูกค้าทั่วไป (Walk-in),Non-Member,หญิง,Gen Z (18-25),สาขาสยามสแควร์,หน้าร้าน (Dine-in),Coffee,Espresso (Single/Double),Regular,0% (ไม่หวาน),65,1,65,0.0,65.0,TrueMoney Wallet,0,5
TXN-2026-0397,2026-02-18,15:49,บ่าย (14:00-16:59),พุธ,วันธรรมดา (Weekday),GUEST,ลูกค้าทั่วไป (Walk-in),Non-Member,หญิง,Gen Z (18-25),สาขาสยามสแควร์,หน้าร้าน (Dine-in),Non-Coffee,Peach Sparking Soda,Large,50% (หวานน้อย),95,1,95,0.0,95.0,TrueMoney Wallet,0,5
TXN-2026-0398,2026-01-08,14:15,บ่าย (14:00-16:59),พฤหัสบดี,วันธรรมดา (Weekday),CUST-038,เซเลอร์มูน (อุซางิ),Gold,หญิง,Gen Y (26-40),สาขาสยามสแควร์,ซื้อกลับ (Takeaway),Merchandise,Anime Tumbler 500ml,Standard,-,390,1,390,39.0,351.0,TrueMoney Wallet,14,5
TXN-2026-0399,2026-03-26,20:17,เย็น (17:00-20:30),พฤหัสบดี,วันธรรมดา (Weekday),CUST-031,อุซึมากิ นารูโตะ,Gold,ชาย,Gen Y (26-40),สาขาอารีย์,เดลิเวอรี่ (Delivery),Bakery,Basque Burnt Cheesecake,Standard,-,125,1,125,12.5,112.5,QR PromptPay,4,5
TXN-2026-0399,2026-03-26,20:17,เย็น (17:00-20:30),พฤหัสบดี,วันธรรมดา (Weekday),CUST-031,อุซึมากิ นารูโตะ,Gold,ชาย,Gen Y (26-40),สาขาอารีย์,เดลิเวอรี่ (Delivery),Coffee,Iced Cafe Latte,Large,25% (หวานน้อยมาก),100,1,100,10.0,90.0,QR PromptPay,3,5
TXN-2026-0400,2026-02-16,18:31,เย็น (17:00-20:30),จันทร์,วันธรรมดา (Weekday),CUST-005,ไจแอนท์,Silver,ชาย,Gen Y (26-40),สาขาลาดพร้าว,ซื้อกลับ (Takeaway),Bakery,Butter Croissant,Standard,-,75,1,75,3.75,71.25,QR PromptPay,2,5
TXN-2026-0400,2026-02-16,18:31,เย็น (17:00-20:30),จันทร์,วันธรรมดา (Weekday),CUST-005,ไจแอนท์,Silver,ชาย,Gen Y (26-40),สาขาลาดพร้าว,ซื้อกลับ (Takeaway),Non-Coffee,Uji Matcha Latte,Large,100% (หวานปกติ),110,1,110,5.5,104.5,QR PromptPay,4,5
TXN-2026-0400,2026-02-16,18:31,เย็น (17:00-20:30),จันทร์,วันธรรมดา (Weekday),CUST-005,ไจแอนท์,Silver,ชาย,Gen Y (26-40),สาขาลาดพร้าว,ซื้อกลับ (Takeaway),Coffee,Hot Cafe Latte,Regular,50% (หวานน้อย),80,1,80,4.0,76.0,QR PromptPay,3,5
TXN-2026-0400,2026-02-16,18:31,เย็น (17:00-20:30),จันทร์,วันธรรมดา (Weekday),CUST-005,ไจแอนท์,Silver,ชาย,Gen Y (26-40),สาขาลาดพร้าว,ซื้อกลับ (Takeaway),Coffee,Iced Cafe Latte,Large,100% (หวานปกติ),100,1,100,5.0,95.0,QR PromptPay,3,5
TXN-2026-0401,2026-02-10,10:16,เช้า (07:00-10:59),อังคาร,วันธรรมดา (Weekday),CUST-030,เร็นโกคุ เคียวจูโร่,Platinum,ชาย,Gen Y (26-40),สาขาทองหล่อ,ซื้อกลับ (Takeaway),Coffee,Signature Cold Brew,Regular,0% (ไม่หวาน),105,1,105,15.75,89.25,TrueMoney Wallet,3,5
TXN-2026-0402,2026-03-01,10:59,เช้า (07:00-10:59),อาทิตย์,วันหยุด (Weekend),CUST-041,จิฮิโระ,Regular,หญิง,Gen Z (18-25),สาขาสยามสแควร์,หน้าร้าน (Dine-in),Non-Coffee,Dark Cocoa Extreme,Large,50% (หวานน้อย),100,2,200,0.0,200.0,QR PromptPay,8,5
TXN-2026-0402,2026-03-01,10:59,เช้า (07:00-10:59),อาทิตย์,วันหยุด (Weekend),CUST-041,จิฮิโระ,Regular,หญิง,Gen Z (18-25),สาขาสยามสแควร์,หน้าร้าน (Dine-in),Bakery,Almond Cream Croissant,Standard,-,95,1,95,0.0,95.0,QR PromptPay,3,5
TXN-2026-0403,2026-02-22,09:41,เช้า (07:00-10:59),อาทิตย์,วันหยุด (Weekend),CUST-044,เบจิต้า,Platinum,ชาย,Gen X (41-55),สาขาอารีย์,หน้าร้าน (Dine-in),Non-Coffee,Dark Cocoa Extreme,Large,100% (หวานปกติ),100,1,100,15.0,85.0,QR PromptPay,3,5
TXN-2026-0404,2026-02-25,11:12,กลางวัน (11:00-13:59),พุธ,วันธรรมดา (Weekday),CUST-009,ซันจิ,Gold,ชาย,Gen Y (26-40),สาขาสยามสแควร์,ซื้อกลับ (Takeaway),Coffee,Iced Americano,Regular,0% (ไม่หวาน),75,2,150,15.0,135.0,QR PromptPay,5,5
TXN-2026-0404,2026-02-25,11:12,กลางวัน (11:00-13:59),พุธ,วันธรรมดา (Weekday),CUST-009,ซันจิ,Gold,ชาย,Gen Y (26-40),สาขาสยามสแควร์,ซื้อกลับ (Takeaway),Bakery,Basque Burnt Cheesecake,Standard,-,125,1,125,12.5,112.5,QR PromptPay,4,5
TXN-2026-0405,2026-02-08,20:57,เย็น (17:00-20:30),อาทิตย์,วันหยุด (Weekend),CUST-043,ซุน โกคู,Gold,ชาย,Gen X (41-55),สาขาลาดพร้าว,หน้าร้าน (Dine-in),Merchandise,House Blend Beans 250g,Standard,-,280,1,280,28.0,252.0,TrueMoney Wallet,10,4
TXN-2026-0406,2026-03-16,19:31,เย็น (17:00-20:30),จันทร์,วันธรรมดา (Weekday),GUEST,ลูกค้าทั่วไป (Walk-in),Non-Member,ชาย,Gen X (41-55),สาขาสยามสแควร์,เดลิเวอรี่ (Delivery),Non-Coffee,Uji Matcha Latte,Large,25% (หวานน้อยมาก),110,1,110,0.0,110.0,QR PromptPay,0,5
TXN-2026-0407,2026-01-23,09:28,เช้า (07:00-10:59),ศุกร์,วันธรรมดา (Weekday),CUST-038,เซเลอร์มูน (อุซางิ),Gold,หญิง,Gen Y (26-40),สาขาสยามสแควร์,ซื้อกลับ (Takeaway),Bakery,Basque Burnt Cheesecake,Standard,-,125,2,250,25.0,225.0,บัตรเครดิต,9,5
TXN-2026-0407,2026-01-23,09:28,เช้า (07:00-10:59),ศุกร์,วันธรรมดา (Weekday),CUST-038,เซเลอร์มูน (อุซางิ),Gold,หญิง,Gen Y (26-40),สาขาสยามสแควร์,ซื้อกลับ (Takeaway),Non-Coffee,Uji Matcha Latte,Regular,50% (หวานน้อย),95,1,95,9.5,85.5,บัตรเครดิต,3,5
TXN-2026-0408,2026-02-17,14:41,บ่าย (14:00-16:59),อังคาร,วันธรรมดา (Weekday),GUEST,ลูกค้าทั่วไป (Walk-in),Non-Member,ไม่ระบุ,Gen Z (18-25),สาขาลาดพร้าว,ซื้อกลับ (Takeaway),Non-Coffee,Uji Matcha Latte,Large,50% (หวานน้อย),110,1,110,0.0,110.0,เงินสด,0,4
TXN-2026-0408,2026-02-17,14:41,บ่าย (14:00-16:59),อังคาร,วันธรรมดา (Weekday),GUEST,ลูกค้าทั่วไป (Walk-in),Non-Member,ไม่ระบุ,Gen Z (18-25),สาขาลาดพร้าว,ซื้อกลับ (Takeaway),Non-Coffee,Thai Milk Tea Special,Large,0% (ไม่หวาน),85,1,85,0.0,85.0,เงินสด,0,4
TXN-2026-0409,2026-01-31,15:00,บ่าย (14:00-16:59),เสาร์,วันหยุด (Weekend),GUEST,ลูกค้าทั่วไป (Walk-in),Non-Member,หญิง,Gen Y (26-40),สาขาสยามสแควร์,เดลิเวอรี่ (Delivery),Coffee,Signature Cold Brew,Regular,0% (ไม่หวาน),105,1,105,0.0,105.0,บัตรเครดิต,0,5
TXN-2026-0409,2026-01-31,15:00,บ่าย (14:00-16:59),เสาร์,วันหยุด (Weekend),GUEST,ลูกค้าทั่วไป (Walk-in),Non-Member,หญิง,Gen Y (26-40),สาขาสยามสแควร์,เดลิเวอรี่ (Delivery),Bakery,Chocolate Truffle Croffle,Standard,-,110,2,220,0.0,220.0,บัตรเครดิต,0,5
TXN-2026-0409,2026-01-31,15:00,บ่าย (14:00-16:59),เสาร์,วันหยุด (Weekend),GUEST,ลูกค้าทั่วไป (Walk-in),Non-Member,หญิง,Gen Y (26-40),สาขาสยามสแควร์,เดลิเวอรี่ (Delivery),Non-Coffee,Peach Sparking Soda,Large,100% (หวานปกติ),95,1,95,0.0,95.0,บัตรเครดิต,0,5
TXN-2026-0410,2026-02-12,14:52,บ่าย (14:00-16:59),พฤหัสบดี,วันธรรมดา (Weekday),CUST-017,โมริ โคโกโร่,Regular,ชาย,Gen X (41-55),สาขาอารีย์,หน้าร้าน (Dine-in),Bakery,Chocolate Truffle Croffle,Standard,-,110,1,110,0.0,110.0,บัตรเครดิต,4,4
TXN-2026-0410,2026-02-12,14:52,บ่าย (14:00-16:59),พฤหัสบดี,วันธรรมดา (Weekday),CUST-017,โมริ โคโกโร่,Regular,ชาย,Gen X (41-55),สาขาอารีย์,หน้าร้าน (Dine-in),Coffee,Espresso (Single/Double),Regular,0% (ไม่หวาน),65,1,65,0.0,65.0,บัตรเครดิต,2,4
TXN-2026-0411,2026-03-24,10:12,เช้า (07:00-10:59),อังคาร,วันธรรมดา (Weekday),CUST-021,ฮิโรชิ,Silver,ชาย,Gen X (41-55),สาขาอารีย์,หน้าร้าน (Dine-in),Coffee,Iced Caramel Macchiato,Large,100% (หวานปกติ),110,1,110,5.5,104.5,QR PromptPay,4,4
TXN-2026-0411,2026-03-24,10:12,เช้า (07:00-10:59),อังคาร,วันธรรมดา (Weekday),CUST-021,ฮิโรชิ,Silver,ชาย,Gen X (41-55),สาขาอารีย์,หน้าร้าน (Dine-in),Bakery,Almond Cream Croissant,Standard,-,95,1,95,4.75,90.25,QR PromptPay,3,4
TXN-2026-0412,2026-03-29,12:51,กลางวัน (11:00-13:59),อาทิตย์,วันหยุด (Weekend),CUST-006,มังกี้ ดี ลูฟี่,Gold,ชาย,Gen Z (18-25),สาขาอารีย์,หน้าร้าน (Dine-in),Non-Coffee,Uji Matcha Latte,Regular,0% (ไม่หวาน),95,2,190,19.0,171.0,TrueMoney Wallet,6,3
TXN-2026-0412,2026-03-29,12:51,กลางวัน (11:00-13:59),อาทิตย์,วันหยุด (Weekend),CUST-006,มังกี้ ดี ลูฟี่,Gold,ชาย,Gen Z (18-25),สาขาอารีย์,หน้าร้าน (Dine-in),Coffee,Espresso (Single/Double),Regular,0% (ไม่หวาน),65,1,65,6.5,58.5,TrueMoney Wallet,2,3
TXN-2026-0412,2026-03-29,12:51,กลางวัน (11:00-13:59),อาทิตย์,วันหยุด (Weekend),CUST-006,มังกี้ ดี ลูฟี่,Gold,ชาย,Gen Z (18-25),สาขาอารีย์,หน้าร้าน (Dine-in),Merchandise,Anime Tumbler 500ml,Standard,-,390,1,390,39.0,351.0,TrueMoney Wallet,14,3
TXN-2026-0413,2026-03-21,12:09,กลางวัน (11:00-13:59),เสาร์,วันหยุด (Weekend),CUST-024,ฟุชิงุโระ เมกุมิ,Silver,ชาย,Gen Z (18-25),สาขาสยามสแควร์,ซื้อกลับ (Takeaway),Bakery,Chocolate Truffle Croffle,Standard,-,110,1,110,5.5,104.5,QR PromptPay,4,5
TXN-2026-0413,2026-03-21,12:09,กลางวัน (11:00-13:59),เสาร์,วันหยุด (Weekend),CUST-024,ฟุชิงุโระ เมกุมิ,Silver,ชาย,Gen Z (18-25),สาขาสยามสแควร์,ซื้อกลับ (Takeaway),Bakery,Basque Burnt Cheesecake,Standard,-,125,1,125,6.25,118.75,QR PromptPay,4,5
TXN-2026-0414,2026-02-04,10:24,เช้า (07:00-10:59),พุธ,วันธรรมดา (Weekday),CUST-014,ยอร์ ฟอร์เจอร์,Gold,หญิง,Gen Y (26-40),สาขาอารีย์,เดลิเวอรี่ (Delivery),Bakery,Almond Cream Croissant,Standard,-,95,1,95,9.5,85.5,QR PromptPay,3,4
TXN-2026-0415,2026-02-03,10:58,เช้า (07:00-10:59),อังคาร,วันธรรมดา (Weekday),CUST-038,เซเลอร์มูน (อุซางิ),Gold,หญิง,Gen Y (26-40),สาขาทองหล่อ,ซื้อกลับ (Takeaway),Bakery,Butter Croissant,Standard,-,75,1,75,7.5,67.5,QR PromptPay,2,5
TXN-2026-0416,2026-02-24,15:04,บ่าย (14:00-16:59),อังคาร,วันธรรมดา (Weekday),CUST-004,ซูเนโอะ,Platinum,ชาย,Gen Y (26-40),สาขาสยามสแควร์,เดลิเวอรี่ (Delivery),Coffee,Iced Americano,Large,100% (หวานปกติ),90,1,90,13.5,76.5,QR PromptPay,3,5
TXN-2026-0416,2026-02-24,15:04,บ่าย (14:00-16:59),อังคาร,วันธรรมดา (Weekday),CUST-004,ซูเนโอะ,Platinum,ชาย,Gen Y (26-40),สาขาสยามสแควร์,เดลิเวอรี่ (Delivery),Coffee,Espresso (Single/Double),Regular,0% (ไม่หวาน),65,1,65,9.75,55.25,QR PromptPay,2,5
TXN-2026-0417,2026-01-17,17:37,เย็น (17:00-20:30),เสาร์,วันหยุด (Weekend),CUST-011,นิโค โรบิน,Platinum,หญิง,Gen X (41-55),สาขาอารีย์,เดลิเวอรี่ (Delivery),Bakery,Carrot Walnut Cake,Standard,-,115,1,115,17.25,97.75,TrueMoney Wallet,3,5
TXN-2026-0418,2026-01-15,08:31,เช้า (07:00-10:59),พฤหัสบดี,วันธรรมดา (Weekday),GUEST,ลูกค้าทั่วไป (Walk-in),Non-Member,หญิง,Gen X (41-55),สาขาสยามสแควร์,ซื้อกลับ (Takeaway),Non-Coffee,Thai Milk Tea Special,Large,100% (หวานปกติ),85,2,170,0.0,170.0,เงินสด,0,5
TXN-2026-0418,2026-01-15,08:31,เช้า (07:00-10:59),พฤหัสบดี,วันธรรมดา (Weekday),GUEST,ลูกค้าทั่วไป (Walk-in),Non-Member,หญิง,Gen X (41-55),สาขาสยามสแควร์,ซื้อกลับ (Takeaway),Bakery,Carrot Walnut Cake,Standard,-,115,1,115,0.0,115.0,เงินสด,0,5
TXN-2026-0419,2026-03-04,14:35,บ่าย (14:00-16:59),พุธ,วันธรรมดา (Weekday),GUEST,ลูกค้าทั่วไป (Walk-in),Non-Member,ไม่ระบุ,Gen X (41-55),สาขาทองหล่อ,หน้าร้าน (Dine-in),Non-Coffee,Thai Milk Tea Special,Regular,100% (หวานปกติ),70,1,70,0.0,70.0,QR PromptPay,0,5
TXN-2026-0420,2026-03-05,09:45,เช้า (07:00-10:59),พฤหัสบดี,วันธรรมดา (Weekday),CUST-030,เร็นโกคุ เคียวจูโร่,Platinum,ชาย,Gen Y (26-40),สาขาอารีย์,เดลิเวอรี่ (Delivery),Non-Coffee,Dark Cocoa Extreme,Regular,25% (หวานน้อยมาก),85,1,85,12.75,72.25,TrueMoney Wallet,2,5
TXN-2026-0421,2026-02-04,13:37,กลางวัน (11:00-13:59),พุธ,วันธรรมดา (Weekday),CUST-001,โดราเอมอน,Platinum,ชาย,Gen Y (26-40),สาขาอารีย์,ซื้อกลับ (Takeaway),Coffee,Iced Cafe Latte,Regular,50% (หวานน้อย),85,1,85,12.75,72.25,QR PromptPay,2,5
TXN-2026-0421,2026-02-04,13:37,กลางวัน (11:00-13:59),พุธ,วันธรรมดา (Weekday),CUST-001,โดราเอมอน,Platinum,ชาย,Gen Y (26-40),สาขาอารีย์,ซื้อกลับ (Takeaway),Non-Coffee,Peach Sparking Soda,Regular,100% (หวานปกติ),80,1,80,12.0,68.0,QR PromptPay,2,5
TXN-2026-0422,2026-01-14,14:01,บ่าย (14:00-16:59),พุธ,วันธรรมดา (Weekday),CUST-046,เอเรน เยเกอร์,Regular,ชาย,Gen Z (18-25),สาขาทองหล่อ,ซื้อกลับ (Takeaway),Coffee,Iced Americano,Large,50% (หวานน้อย),90,2,180,0.0,180.0,เงินสด,7,5
TXN-2026-0423,2026-03-14,07:51,เช้า (07:00-10:59),เสาร์,วันหยุด (Weekend),CUST-021,ฮิโรชิ,Silver,ชาย,Gen X (41-55),สาขาทองหล่อ,ซื้อกลับ (Takeaway),Non-Coffee,Thai Milk Tea Special,Regular,25% (หวานน้อยมาก),70,2,140,7.0,133.0,บัตรเครดิต,5,5
TXN-2026-0424,2026-02-21,08:10,เช้า (07:00-10:59),เสาร์,วันหยุด (Weekend),CUST-026,คามาโดะ ทันจิโร่,Silver,ชาย,Gen Z (18-25),สาขาสยามสแควร์,ซื้อกลับ (Takeaway),Bakery,Almond Cream Croissant,Standard,-,95,2,190,9.5,180.5,บัตรเครดิต,7,5
TXN-2026-0425,2026-03-19,07:53,เช้า (07:00-10:59),พฤหัสบดี,วันธรรมดา (Weekday),CUST-013,ลอยด์ ฟอร์เจอร์,Platinum,ชาย,Gen Y (26-40),สาขาอารีย์,เดลิเวอรี่ (Delivery),Bakery,Almond Cream Croissant,Standard,-,95,1,95,14.25,80.75,QR PromptPay,3,5
TXN-2026-0426,2026-02-25,14:02,บ่าย (14:00-16:59),พุธ,วันธรรมดา (Weekday),CUST-030,เร็นโกคุ เคียวจูโร่,Platinum,ชาย,Gen Y (26-40),สาขาทองหล่อ,ซื้อกลับ (Takeaway),Bakery,Carrot Walnut Cake,Standard,-,115,1,115,17.25,97.75,บัตรเครดิต,3,3
TXN-2026-0426,2026-02-25,14:02,บ่าย (14:00-16:59),พุธ,วันธรรมดา (Weekday),CUST-030,เร็นโกคุ เคียวจูโร่,Platinum,ชาย,Gen Y (26-40),สาขาทองหล่อ,ซื้อกลับ (Takeaway),Coffee,Hot Cafe Latte,Regular,100% (หวานปกติ),80,1,80,12.0,68.0,บัตรเครดิต,2,3
TXN-2026-0427,2026-01-17,15:53,บ่าย (14:00-16:59),เสาร์,วันหยุด (Weekend),CUST-028,อากาสึมะ เซ็นอิตสึ,Regular,ชาย,Gen Z (18-25),สาขาสยามสแควร์,หน้าร้าน (Dine-in),Bakery,Almond Cream Croissant,Standard,-,95,1,95,0.0,95.0,QR PromptPay,3,5
TXN-2026-0428,2026-03-26,15:22,บ่าย (14:00-16:59),พฤหัสบดี,วันธรรมดา (Weekday),CUST-006,มังกี้ ดี ลูฟี่,Gold,ชาย,Gen Z (18-25),สาขาทองหล่อ,หน้าร้าน (Dine-in),Bakery,Butter Croissant,Standard,-,75,1,75,7.5,67.5,บัตรเครดิต,2,5
TXN-2026-0428,2026-03-26,15:22,บ่าย (14:00-16:59),พฤหัสบดี,วันธรรมดา (Weekday),CUST-006,มังกี้ ดี ลูฟี่,Gold,ชาย,Gen Z (18-25),สาขาทองหล่อ,หน้าร้าน (Dine-in),Coffee,Iced Americano,Large,50% (หวานน้อย),90,1,90,9.0,81.0,บัตรเครดิต,3,5
TXN-2026-0429,2026-02-28,15:39,บ่าย (14:00-16:59),เสาร์,วันหยุด (Weekend),CUST-022,โกโจ ซาโตรุ,Platinum,ชาย,Gen Y (26-40),สาขาลาดพร้าว,เดลิเวอรี่ (Delivery),Non-Coffee,Thai Milk Tea Special,Large,0% (ไม่หวาน),85,1,85,12.75,72.25,QR PromptPay,2,5
TXN-2026-0429,2026-02-28,15:39,บ่าย (14:00-16:59),เสาร์,วันหยุด (Weekend),CUST-022,โกโจ ซาโตรุ,Platinum,ชาย,Gen Y (26-40),สาขาลาดพร้าว,เดลิเวอรี่ (Delivery),Coffee,Iced Cafe Latte,Regular,0% (ไม่หวาน),85,1,85,12.75,72.25,QR PromptPay,2,5
TXN-2026-0430,2026-03-03,12:55,กลางวัน (11:00-13:59),อังคาร,วันธรรมดา (Weekday),CUST-048,รีไวล์ แอคเคอร์แมน,Platinum,ชาย,Gen Y (26-40),สาขาอารีย์,ซื้อกลับ (Takeaway),Bakery,Butter Croissant,Standard,-,75,1,75,11.25,63.75,บัตรเครดิต,2,2
TXN-2026-0431,2026-01-18,07:52,เช้า (07:00-10:59),อาทิตย์,วันหยุด (Weekend),CUST-013,ลอยด์ ฟอร์เจอร์,Platinum,ชาย,Gen Y (26-40),สาขาลาดพร้าว,หน้าร้าน (Dine-in),Merchandise,Anime Tumbler 500ml,Standard,-,390,1,390,58.5,331.5,บัตรเครดิต,13,5
TXN-2026-0432,2026-03-01,10:01,เช้า (07:00-10:59),อาทิตย์,วันหยุด (Weekend),CUST-010,โทนี่ ช็อปเปอร์,Regular,ชาย,Gen Z (18-25),สาขาทองหล่อ,ซื้อกลับ (Takeaway),Non-Coffee,Uji Matcha Latte,Regular,50% (หวานน้อย),95,1,95,0.0,95.0,บัตรเครดิต,3,5
TXN-2026-0433,2026-02-20,07:06,เช้า (07:00-10:59),ศุกร์,วันธรรมดา (Weekday),CUST-046,เอเรน เยเกอร์,Regular,ชาย,Gen Z (18-25),สาขาอารีย์,หน้าร้าน (Dine-in),Non-Coffee,Dark Cocoa Extreme,Large,100% (หวานปกติ),100,1,100,0.0,100.0,บัตรเครดิต,4,5
TXN-2026-0433,2026-02-20,07:06,เช้า (07:00-10:59),ศุกร์,วันธรรมดา (Weekday),CUST-046,เอเรน เยเกอร์,Regular,ชาย,Gen Z (18-25),สาขาอารีย์,หน้าร้าน (Dine-in),Coffee,Iced Americano,Large,25% (หวานน้อยมาก),90,1,90,0.0,90.0,บัตรเครดิต,3,5
TXN-2026-0434,2026-03-09,09:35,เช้า (07:00-10:59),จันทร์,วันธรรมดา (Weekday),CUST-042,ฮากุ,Silver,ชาย,Gen Z (18-25),สาขาอารีย์,ซื้อกลับ (Takeaway),Bakery,Almond Cream Croissant,Standard,-,95,1,95,4.75,90.25,บัตรเครดิต,3,3
TXN-2026-0435,2026-01-25,12:14,กลางวัน (11:00-13:59),อาทิตย์,วันหยุด (Weekend),CUST-038,เซเลอร์มูน (อุซางิ),Gold,หญิง,Gen Y (26-40),สาขาลาดพร้าว,หน้าร้าน (Dine-in),Coffee,Iced Caramel Macchiato,Large,100% (หวานปกติ),110,2,220,22.0,198.0,บัตรเครดิต,7,4
TXN-2026-0435,2026-01-25,12:14,กลางวัน (11:00-13:59),อาทิตย์,วันหยุด (Weekend),CUST-038,เซเลอร์มูน (อุซางิ),Gold,หญิง,Gen Y (26-40),สาขาลาดพร้าว,หน้าร้าน (Dine-in),Non-Coffee,Dark Cocoa Extreme,Large,100% (หวานปกติ),100,1,100,10.0,90.0,บัตรเครดิต,3,4
TXN-2026-0436,2026-01-21,15:44,บ่าย (14:00-16:59),พุธ,วันธรรมดา (Weekday),CUST-043,ซุน โกคู,Gold,ชาย,Gen X (41-55),สาขาอารีย์,หน้าร้าน (Dine-in),Bakery,Basque Burnt Cheesecake,Standard,-,125,1,125,12.5,112.5,QR PromptPay,4,5
TXN-2026-0436,2026-01-21,15:44,บ่าย (14:00-16:59),พุธ,วันธรรมดา (Weekday),CUST-043,ซุน โกคู,Gold,ชาย,Gen X (41-55),สาขาอารีย์,หน้าร้าน (Dine-in),Non-Coffee,Dark Cocoa Extreme,Regular,0% (ไม่หวาน),85,1,85,8.5,76.5,QR PromptPay,3,5
TXN-2026-0437,2026-02-03,11:11,กลางวัน (11:00-13:59),อังคาร,วันธรรมดา (Weekday),CUST-033,ฮารุโนะ ซากุระ,Silver,หญิง,Gen Y (26-40),สาขาสยามสแควร์,หน้าร้าน (Dine-in),Non-Coffee,Uji Matcha Latte,Large,50% (หวานน้อย),110,2,220,11.0,209.0,QR PromptPay,8,5
TXN-2026-0438,2026-02-15,16:17,บ่าย (14:00-16:59),อาทิตย์,วันหยุด (Weekend),GUEST,ลูกค้าทั่วไป (Walk-in),Non-Member,ไม่ระบุ,Gen X (41-55),สาขาอารีย์,หน้าร้าน (Dine-in),Coffee,Iced Cafe Latte,Regular,0% (ไม่หวาน),85,1,85,0.0,85.0,QR PromptPay,0,3
TXN-2026-0438,2026-02-15,16:17,บ่าย (14:00-16:59),อาทิตย์,วันหยุด (Weekend),GUEST,ลูกค้าทั่วไป (Walk-in),Non-Member,ไม่ระบุ,Gen X (41-55),สาขาอารีย์,หน้าร้าน (Dine-in),Merchandise,House Blend Beans 250g,Standard,-,280,1,280,0.0,280.0,QR PromptPay,0,3
TXN-2026-0439,2026-01-27,18:46,เย็น (17:00-20:30),อังคาร,วันธรรมดา (Weekday),CUST-029,ฮาชิบิระ อิโนะสุเกะ,Regular,ชาย,Gen Z (18-25),สาขาทองหล่อ,ซื้อกลับ (Takeaway),Coffee,Iced Caramel Macchiato,Regular,25% (หวานน้อยมาก),95,1,95,0.0,95.0,TrueMoney Wallet,3,5
TXN-2026-0440,2026-02-23,14:15,บ่าย (14:00-16:59),จันทร์,วันธรรมดา (Weekday),CUST-031,อุซึมากิ นารูโตะ,Gold,ชาย,Gen Y (26-40),สาขาสยามสแควร์,ซื้อกลับ (Takeaway),Non-Coffee,Hojicha Roasted Tea,Regular,100% (หวานปกติ),90,1,90,9.0,81.0,QR PromptPay,3,5
TXN-2026-0440,2026-02-23,14:15,บ่าย (14:00-16:59),จันทร์,วันธรรมดา (Weekday),CUST-031,อุซึมากิ นารูโตะ,Gold,ชาย,Gen Y (26-40),สาขาสยามสแควร์,ซื้อกลับ (Takeaway),Non-Coffee,Uji Matcha Latte,Regular,100% (หวานปกติ),95,1,95,9.5,85.5,QR PromptPay,3,5
TXN-2026-0441,2026-02-22,19:01,เย็น (17:00-20:30),อาทิตย์,วันหยุด (Weekend),CUST-050,อาสึนะ,Platinum,หญิง,Gen Z (18-25),สาขาสยามสแควร์,เดลิเวอรี่ (Delivery),Coffee,Signature Cold Brew,Regular,0% (ไม่หวาน),105,1,105,15.75,89.25,เงินสด,3,5
TXN-2026-0442,2026-01-05,16:09,บ่าย (14:00-16:59),จันทร์,วันธรรมดา (Weekday),GUEST,ลูกค้าทั่วไป (Walk-in),Non-Member,ชาย,Gen X (41-55),สาขาลาดพร้าว,ซื้อกลับ (Takeaway),Merchandise,Anime Tumbler 500ml,Standard,-,390,1,390,0.0,390.0,TrueMoney Wallet,0,2
TXN-2026-0443,2026-02-10,17:52,เย็น (17:00-20:30),อังคาร,วันธรรมดา (Weekday),CUST-034,ฮาตาเกะ คาคาชิ,Platinum,ชาย,Gen X (41-55),สาขาอารีย์,หน้าร้าน (Dine-in),Bakery,Chocolate Truffle Croffle,Standard,-,110,2,220,33.0,187.0,QR PromptPay,7,5
TXN-2026-0443,2026-02-10,17:52,เย็น (17:00-20:30),อังคาร,วันธรรมดา (Weekday),CUST-034,ฮาตาเกะ คาคาชิ,Platinum,ชาย,Gen X (41-55),สาขาอารีย์,หน้าร้าน (Dine-in),Non-Coffee,Hojicha Roasted Tea,Regular,0% (ไม่หวาน),90,1,90,13.5,76.5,QR PromptPay,3,5
TXN-2026-0443,2026-02-10,17:52,เย็น (17:00-20:30),อังคาร,วันธรรมดา (Weekday),CUST-034,ฮาตาเกะ คาคาชิ,Platinum,ชาย,Gen X (41-55),สาขาอารีย์,หน้าร้าน (Dine-in),Bakery,Butter Croissant,Standard,-,75,1,75,11.25,63.75,QR PromptPay,2,5
TXN-2026-0444,2026-01-17,13:18,กลางวัน (11:00-13:59),เสาร์,วันหยุด (Weekend),CUST-033,ฮารุโนะ ซากุระ,Silver,หญิง,Gen Y (26-40),สาขาอารีย์,ซื้อกลับ (Takeaway),Merchandise,Anime Tumbler 500ml,Standard,-,390,1,390,19.5,370.5,บัตรเครดิต,14,5
TXN-2026-0445,2026-02-08,16:07,บ่าย (14:00-16:59),อาทิตย์,วันหยุด (Weekend),CUST-024,ฟุชิงุโระ เมกุมิ,Silver,ชาย,Gen Z (18-25),สาขาสยามสแควร์,ซื้อกลับ (Takeaway),Bakery,Chocolate Truffle Croffle,Standard,-,110,1,110,5.5,104.5,QR PromptPay,4,4
TXN-2026-0445,2026-02-08,16:07,บ่าย (14:00-16:59),อาทิตย์,วันหยุด (Weekend),CUST-024,ฟุชิงุโระ เมกุมิ,Silver,ชาย,Gen Z (18-25),สาขาสยามสแควร์,ซื้อกลับ (Takeaway),Non-Coffee,Dark Cocoa Extreme,Regular,25% (หวานน้อยมาก),85,1,85,4.25,80.75,QR PromptPay,3,4
TXN-2026-0445,2026-02-08,16:07,บ่าย (14:00-16:59),อาทิตย์,วันหยุด (Weekend),CUST-024,ฟุชิงุโระ เมกุมิ,Silver,ชาย,Gen Z (18-25),สาขาสยามสแควร์,ซื้อกลับ (Takeaway),Coffee,Espresso (Single/Double),Regular,0% (ไม่หวาน),65,1,65,3.25,61.75,QR PromptPay,2,4
TXN-2026-0446,2026-03-15,16:24,บ่าย (14:00-16:59),อาทิตย์,วันหยุด (Weekend),CUST-016,โมริ รัน,Silver,หญิง,Gen Z (18-25),สาขาสยามสแควร์,ซื้อกลับ (Takeaway),Coffee,Iced Caramel Macchiato,Large,100% (หวานปกติ),110,1,110,5.5,104.5,QR PromptPay,4,4
TXN-2026-0447,2026-01-08,11:30,กลางวัน (11:00-13:59),พฤหัสบดี,วันธรรมดา (Weekday),CUST-005,ไจแอนท์,Silver,ชาย,Gen Y (26-40),สาขาสยามสแควร์,ซื้อกลับ (Takeaway),Non-Coffee,Thai Milk Tea Special,Large,100% (หวานปกติ),85,2,170,8.5,161.5,บัตรเครดิต,6,5
TXN-2026-0448,2026-03-30,20:46,เย็น (17:00-20:30),จันทร์,วันธรรมดา (Weekday),GUEST,ลูกค้าทั่วไป (Walk-in),Non-Member,ชาย,Gen Z (18-25),สาขาอารีย์,ซื้อกลับ (Takeaway),Bakery,Carrot Walnut Cake,Standard,-,115,1,115,0.0,115.0,QR PromptPay,0,2
TXN-2026-0449,2026-02-28,13:10,กลางวัน (11:00-13:59),เสาร์,วันหยุด (Weekend),GUEST,ลูกค้าทั่วไป (Walk-in),Non-Member,หญิง,Gen Z (18-25),สาขาอารีย์,หน้าร้าน (Dine-in),Coffee,Iced Caramel Macchiato,Regular,50% (หวานน้อย),95,1,95,0.0,95.0,QR PromptPay,0,5
TXN-2026-0450,2026-02-17,10:01,เช้า (07:00-10:59),อังคาร,วันธรรมดา (Weekday),CUST-010,โทนี่ ช็อปเปอร์,Regular,ชาย,Gen Z (18-25),สาขาทองหล่อ,ซื้อกลับ (Takeaway),Coffee,Signature Cold Brew,Regular,0% (ไม่หวาน),105,1,105,0.0,105.0,เงินสด,4,5
TXN-2026-0451,2026-03-12,11:26,กลางวัน (11:00-13:59),พฤหัสบดี,วันธรรมดา (Weekday),CUST-020,มิซาเอะ,Gold,หญิง,Gen X (41-55),สาขาอารีย์,เดลิเวอรี่ (Delivery),Coffee,Iced Caramel Macchiato,Large,100% (หวานปกติ),110,1,110,11.0,99.0,TrueMoney Wallet,3,5
TXN-2026-0451,2026-03-12,11:26,กลางวัน (11:00-13:59),พฤหัสบดี,วันธรรมดา (Weekday),CUST-020,มิซาเอะ,Gold,หญิง,Gen X (41-55),สาขาอารีย์,เดลิเวอรี่ (Delivery),Merchandise,House Blend Beans 250g,Standard,-,280,2,560,56.0,504.0,TrueMoney Wallet,20,5
TXN-2026-0452,2026-02-11,10:24,เช้า (07:00-10:59),พุธ,วันธรรมดา (Weekday),CUST-026,คามาโดะ ทันจิโร่,Silver,ชาย,Gen Z (18-25),สาขาสยามสแควร์,หน้าร้าน (Dine-in),Coffee,Hot Cafe Latte,Regular,0% (ไม่หวาน),80,1,80,4.0,76.0,บัตรเครดิต,3,5
TXN-2026-0453,2026-02-09,11:41,กลางวัน (11:00-13:59),จันทร์,วันธรรมดา (Weekday),CUST-013,ลอยด์ ฟอร์เจอร์,Platinum,ชาย,Gen Y (26-40),สาขาลาดพร้าว,ซื้อกลับ (Takeaway),Bakery,Basque Burnt Cheesecake,Standard,-,125,1,125,18.75,106.25,บัตรเครดิต,4,3
TXN-2026-0453,2026-02-09,11:41,กลางวัน (11:00-13:59),จันทร์,วันธรรมดา (Weekday),CUST-013,ลอยด์ ฟอร์เจอร์,Platinum,ชาย,Gen Y (26-40),สาขาลาดพร้าว,ซื้อกลับ (Takeaway),Bakery,Carrot Walnut Cake,Standard,-,115,2,230,34.5,195.5,บัตรเครดิต,7,3
TXN-2026-0454,2026-02-05,14:53,บ่าย (14:00-16:59),พฤหัสบดี,วันธรรมดา (Weekday),CUST-038,เซเลอร์มูน (อุซางิ),Gold,หญิง,Gen Y (26-40),สาขาอารีย์,เดลิเวอรี่ (Delivery),Coffee,Espresso (Single/Double),Regular,0% (ไม่หวาน),65,1,65,6.5,58.5,บัตรเครดิต,2,5
TXN-2026-0455,2026-02-23,09:24,เช้า (07:00-10:59),จันทร์,วันธรรมดา (Weekday),CUST-008,นามิ,Platinum,หญิง,Gen Y (26-40),สาขาลาดพร้าว,ซื้อกลับ (Takeaway),Coffee,Iced Caramel Macchiato,Large,25% (หวานน้อยมาก),110,1,110,16.5,93.5,QR PromptPay,3,5
TXN-2026-0455,2026-02-23,09:24,เช้า (07:00-10:59),จันทร์,วันธรรมดา (Weekday),CUST-008,นามิ,Platinum,หญิง,Gen Y (26-40),สาขาลาดพร้าว,ซื้อกลับ (Takeaway),Non-Coffee,Dark Cocoa Extreme,Large,25% (หวานน้อยมาก),100,1,100,15.0,85.0,QR PromptPay,3,5
TXN-2026-0456,2026-01-08,07:20,เช้า (07:00-10:59),พฤหัสบดี,วันธรรมดา (Weekday),CUST-021,ฮิโรชิ,Silver,ชาย,Gen X (41-55),สาขาสยามสแควร์,เดลิเวอรี่ (Delivery),Merchandise,House Blend Beans 250g,Standard,-,280,1,280,14.0,266.0,TrueMoney Wallet,10,5
TXN-2026-0457,2026-03-06,11:17,กลางวัน (11:00-13:59),ศุกร์,วันธรรมดา (Weekday),CUST-030,เร็นโกคุ เคียวจูโร่,Platinum,ชาย,Gen Y (26-40),สาขาอารีย์,หน้าร้าน (Dine-in),Coffee,Espresso (Single/Double),Regular,0% (ไม่หวาน),65,1,65,9.75,55.25,QR PromptPay,2,5
TXN-2026-0457,2026-03-06,11:17,กลางวัน (11:00-13:59),ศุกร์,วันธรรมดา (Weekday),CUST-030,เร็นโกคุ เคียวจูโร่,Platinum,ชาย,Gen Y (26-40),สาขาอารีย์,หน้าร้าน (Dine-in),Non-Coffee,Thai Milk Tea Special,Regular,50% (หวานน้อย),70,1,70,10.5,59.5,QR PromptPay,2,5
TXN-2026-0457,2026-03-06,11:17,กลางวัน (11:00-13:59),ศุกร์,วันธรรมดา (Weekday),CUST-030,เร็นโกคุ เคียวจูโร่,Platinum,ชาย,Gen Y (26-40),สาขาอารีย์,หน้าร้าน (Dine-in),Coffee,Iced Cafe Latte,Large,0% (ไม่หวาน),100,2,200,30.0,170.0,QR PromptPay,6,5
TXN-2026-0458,2026-03-06,08:23,เช้า (07:00-10:59),ศุกร์,วันธรรมดา (Weekday),CUST-011,นิโค โรบิน,Platinum,หญิง,Gen X (41-55),สาขาทองหล่อ,ซื้อกลับ (Takeaway),Coffee,Espresso (Single/Double),Regular,0% (ไม่หวาน),65,2,130,19.5,110.5,QR PromptPay,4,3
TXN-2026-0459,2026-03-21,08:00,เช้า (07:00-10:59),เสาร์,วันหยุด (Weekend),CUST-031,อุซึมากิ นารูโตะ,Gold,ชาย,Gen Y (26-40),สาขาสยามสแควร์,หน้าร้าน (Dine-in),Coffee,Dirty Coffee,Regular,25% (หวานน้อยมาก),90,1,90,9.0,81.0,บัตรเครดิต,3,1
TXN-2026-0459,2026-03-21,08:00,เช้า (07:00-10:59),เสาร์,วันหยุด (Weekend),CUST-031,อุซึมากิ นารูโตะ,Gold,ชาย,Gen Y (26-40),สาขาสยามสแควร์,หน้าร้าน (Dine-in),Bakery,Carrot Walnut Cake,Standard,-,115,1,115,11.5,103.5,บัตรเครดิต,4,1
TXN-2026-0459,2026-03-21,08:00,เช้า (07:00-10:59),เสาร์,วันหยุด (Weekend),CUST-031,อุซึมากิ นารูโตะ,Gold,ชาย,Gen Y (26-40),สาขาสยามสแควร์,หน้าร้าน (Dine-in),Non-Coffee,Dark Cocoa Extreme,Large,0% (ไม่หวาน),100,2,200,20.0,180.0,บัตรเครดิต,7,1
TXN-2026-0460,2026-03-13,20:13,เย็น (17:00-20:30),ศุกร์,วันธรรมดา (Weekday),CUST-021,ฮิโรชิ,Silver,ชาย,Gen X (41-55),สาขาลาดพร้าว,เดลิเวอรี่ (Delivery),Non-Coffee,Thai Milk Tea Special,Large,50% (หวานน้อย),85,1,85,4.25,80.75,บัตรเครดิต,3,2
TXN-2026-0460,2026-03-13,20:13,เย็น (17:00-20:30),ศุกร์,วันธรรมดา (Weekday),CUST-021,ฮิโรชิ,Silver,ชาย,Gen X (41-55),สาขาลาดพร้าว,เดลิเวอรี่ (Delivery),Non-Coffee,Uji Matcha Latte,Large,0% (ไม่หวาน),110,2,220,11.0,209.0,บัตรเครดิต,8,2
TXN-2026-0461,2026-01-18,14:38,บ่าย (14:00-16:59),อาทิตย์,วันหยุด (Weekend),CUST-001,โดราเอมอน,Platinum,ชาย,Gen Y (26-40),สาขาทองหล่อ,หน้าร้าน (Dine-in),Merchandise,Anime Tumbler 500ml,Standard,-,390,1,390,58.5,331.5,TrueMoney Wallet,13,4
TXN-2026-0461,2026-01-18,14:38,บ่าย (14:00-16:59),อาทิตย์,วันหยุด (Weekend),CUST-001,โดราเอมอน,Platinum,ชาย,Gen Y (26-40),สาขาทองหล่อ,หน้าร้าน (Dine-in),Coffee,Hot Cafe Latte,Regular,0% (ไม่หวาน),80,1,80,12.0,68.0,TrueMoney Wallet,2,4
TXN-2026-0462,2026-02-18,15:24,บ่าย (14:00-16:59),พุธ,วันธรรมดา (Weekday),CUST-050,อาสึนะ,Platinum,หญิง,Gen Z (18-25),สาขาทองหล่อ,เดลิเวอรี่ (Delivery),Coffee,Espresso (Single/Double),Regular,0% (ไม่หวาน),65,1,65,9.75,55.25,QR PromptPay,2,5
TXN-2026-0463,2026-02-05,16:22,บ่าย (14:00-16:59),พฤหัสบดี,วันธรรมดา (Weekday),CUST-040,โทโทโร่,Platinum,ไม่ระบุ,Gen X (41-55),สาขาทองหล่อ,เดลิเวอรี่ (Delivery),Coffee,Iced Americano,Regular,25% (หวานน้อยมาก),75,2,150,22.5,127.5,QR PromptPay,5,2
TXN-2026-0463,2026-02-05,16:22,บ่าย (14:00-16:59),พฤหัสบดี,วันธรรมดา (Weekday),CUST-040,โทโทโร่,Platinum,ไม่ระบุ,Gen X (41-55),สาขาทองหล่อ,เดลิเวอรี่ (Delivery),Non-Coffee,Thai Milk Tea Special,Large,0% (ไม่หวาน),85,2,170,25.5,144.5,QR PromptPay,5,2
TXN-2026-0463,2026-02-05,16:22,บ่าย (14:00-16:59),พฤหัสบดี,วันธรรมดา (Weekday),CUST-040,โทโทโร่,Platinum,ไม่ระบุ,Gen X (41-55),สาขาทองหล่อ,เดลิเวอรี่ (Delivery),Bakery,Basque Burnt Cheesecake,Standard,-,125,1,125,18.75,106.25,QR PromptPay,4,2
TXN-2026-0463,2026-02-05,16:22,บ่าย (14:00-16:59),พฤหัสบดี,วันธรรมดา (Weekday),CUST-040,โทโทโร่,Platinum,ไม่ระบุ,Gen X (41-55),สาขาทองหล่อ,เดลิเวอรี่ (Delivery),Coffee,Dirty Coffee,Regular,25% (หวานน้อยมาก),90,1,90,13.5,76.5,QR PromptPay,3,2
TXN-2026-0464,2026-01-17,14:16,บ่าย (14:00-16:59),เสาร์,วันหยุด (Weekend),GUEST,ลูกค้าทั่วไป (Walk-in),Non-Member,ชาย,Gen X (41-55),สาขาทองหล่อ,หน้าร้าน (Dine-in),Merchandise,Anime Tumbler 500ml,Standard,-,390,1,390,0.0,390.0,TrueMoney Wallet,0,5
TXN-2026-0464,2026-01-17,14:16,บ่าย (14:00-16:59),เสาร์,วันหยุด (Weekend),GUEST,ลูกค้าทั่วไป (Walk-in),Non-Member,ชาย,Gen X (41-55),สาขาทองหล่อ,หน้าร้าน (Dine-in),Non-Coffee,Thai Milk Tea Special,Regular,50% (หวานน้อย),70,1,70,0.0,70.0,TrueMoney Wallet,0,5
TXN-2026-0464,2026-01-17,14:16,บ่าย (14:00-16:59),เสาร์,วันหยุด (Weekend),GUEST,ลูกค้าทั่วไป (Walk-in),Non-Member,ชาย,Gen X (41-55),สาขาทองหล่อ,หน้าร้าน (Dine-in),Bakery,Chocolate Truffle Croffle,Standard,-,110,1,110,0.0,110.0,TrueMoney Wallet,0,5
TXN-2026-0464,2026-01-17,14:16,บ่าย (14:00-16:59),เสาร์,วันหยุด (Weekend),GUEST,ลูกค้าทั่วไป (Walk-in),Non-Member,ชาย,Gen X (41-55),สาขาทองหล่อ,หน้าร้าน (Dine-in),Coffee,Espresso (Single/Double),Regular,0% (ไม่หวาน),65,1,65,0.0,65.0,TrueMoney Wallet,0,5
TXN-2026-0465,2026-03-08,16:14,บ่าย (14:00-16:59),อาทิตย์,วันหยุด (Weekend),CUST-027,คามาโดะ เนซึโกะ,Gold,หญิง,Gen Z (18-25),สาขาอารีย์,หน้าร้าน (Dine-in),Coffee,Espresso (Single/Double),Regular,0% (ไม่หวาน),65,2,130,13.0,117.0,QR PromptPay,4,5
TXN-2026-0465,2026-03-08,16:14,บ่าย (14:00-16:59),อาทิตย์,วันหยุด (Weekend),CUST-027,คามาโดะ เนซึโกะ,Gold,หญิง,Gen Z (18-25),สาขาอารีย์,หน้าร้าน (Dine-in),Non-Coffee,Uji Matcha Latte,Regular,25% (หวานน้อยมาก),95,1,95,9.5,85.5,QR PromptPay,3,5
TXN-2026-0465,2026-03-08,16:14,บ่าย (14:00-16:59),อาทิตย์,วันหยุด (Weekend),CUST-027,คามาโดะ เนซึโกะ,Gold,หญิง,Gen Z (18-25),สาขาอารีย์,หน้าร้าน (Dine-in),Bakery,Almond Cream Croissant,Standard,-,95,1,95,9.5,85.5,QR PromptPay,3,5
TXN-2026-0466,2026-01-13,10:51,เช้า (07:00-10:59),อังคาร,วันธรรมดา (Weekday),CUST-041,จิฮิโระ,Regular,หญิง,Gen Z (18-25),สาขาลาดพร้าว,เดลิเวอรี่ (Delivery),Coffee,Iced Americano,Regular,100% (หวานปกติ),75,1,75,0.0,75.0,QR PromptPay,3,5
TXN-2026-0466,2026-01-13,10:51,เช้า (07:00-10:59),อังคาร,วันธรรมดา (Weekday),CUST-041,จิฮิโระ,Regular,หญิง,Gen Z (18-25),สาขาลาดพร้าว,เดลิเวอรี่ (Delivery),Non-Coffee,Peach Sparking Soda,Large,0% (ไม่หวาน),95,1,95,0.0,95.0,QR PromptPay,3,5
TXN-2026-0466,2026-01-13,10:51,เช้า (07:00-10:59),อังคาร,วันธรรมดา (Weekday),CUST-041,จิฮิโระ,Regular,หญิง,Gen Z (18-25),สาขาลาดพร้าว,เดลิเวอรี่ (Delivery),Bakery,Carrot Walnut Cake,Standard,-,115,2,230,0.0,230.0,QR PromptPay,9,5
TXN-2026-0466,2026-01-13,10:51,เช้า (07:00-10:59),อังคาร,วันธรรมดา (Weekday),CUST-041,จิฮิโระ,Regular,หญิง,Gen Z (18-25),สาขาลาดพร้าว,เดลิเวอรี่ (Delivery),Non-Coffee,Uji Matcha Latte,Large,50% (หวานน้อย),110,2,220,0.0,220.0,QR PromptPay,8,5
TXN-2026-0467,2026-03-30,08:03,เช้า (07:00-10:59),จันทร์,วันธรรมดา (Weekday),GUEST,ลูกค้าทั่วไป (Walk-in),Non-Member,หญิง,Gen Z (18-25),สาขาสยามสแควร์,ซื้อกลับ (Takeaway),Non-Coffee,Dark Cocoa Extreme,Large,0% (ไม่หวาน),100,1,100,0.0,100.0,QR PromptPay,0,4
TXN-2026-0467,2026-03-30,08:03,เช้า (07:00-10:59),จันทร์,วันธรรมดา (Weekday),GUEST,ลูกค้าทั่วไป (Walk-in),Non-Member,หญิง,Gen Z (18-25),สาขาสยามสแควร์,ซื้อกลับ (Takeaway),Bakery,Butter Croissant,Standard,-,75,1,75,0.0,75.0,QR PromptPay,0,4
TXN-2026-0468,2026-03-18,16:00,บ่าย (14:00-16:59),พุธ,วันธรรมดา (Weekday),CUST-030,เร็นโกคุ เคียวจูโร่,Platinum,ชาย,Gen Y (26-40),สาขาทองหล่อ,เดลิเวอรี่ (Delivery),Coffee,Espresso (Single/Double),Regular,0% (ไม่หวาน),65,1,65,9.75,55.25,บัตรเครดิต,2,5
TXN-2026-0468,2026-03-18,16:00,บ่าย (14:00-16:59),พุธ,วันธรรมดา (Weekday),CUST-030,เร็นโกคุ เคียวจูโร่,Platinum,ชาย,Gen Y (26-40),สาขาทองหล่อ,เดลิเวอรี่ (Delivery),Bakery,Chocolate Truffle Croffle,Standard,-,110,1,110,16.5,93.5,บัตรเครดิต,3,5
TXN-2026-0468,2026-03-18,16:00,บ่าย (14:00-16:59),พุธ,วันธรรมดา (Weekday),CUST-030,เร็นโกคุ เคียวจูโร่,Platinum,ชาย,Gen Y (26-40),สาขาทองหล่อ,เดลิเวอรี่ (Delivery),Bakery,Carrot Walnut Cake,Standard,-,115,1,115,17.25,97.75,บัตรเครดิต,3,5
TXN-2026-0469,2026-01-25,18:40,เย็น (17:00-20:30),อาทิตย์,วันหยุด (Weekend),CUST-023,อิตาโดริ ยูจิ,Regular,ชาย,Gen Z (18-25),สาขาอารีย์,ซื้อกลับ (Takeaway),Coffee,Iced Americano,Large,100% (หวานปกติ),90,1,90,0.0,90.0,QR PromptPay,3,5
TXN-2026-0469,2026-01-25,18:40,เย็น (17:00-20:30),อาทิตย์,วันหยุด (Weekend),CUST-023,อิตาโดริ ยูจิ,Regular,ชาย,Gen Z (18-25),สาขาอารีย์,ซื้อกลับ (Takeaway),Coffee,Iced Caramel Macchiato,Large,50% (หวานน้อย),110,1,110,0.0,110.0,QR PromptPay,4,5
TXN-2026-0470,2026-03-11,14:30,บ่าย (14:00-16:59),พุธ,วันธรรมดา (Weekday),CUST-022,โกโจ ซาโตรุ,Platinum,ชาย,Gen Y (26-40),สาขาสยามสแควร์,เดลิเวอรี่ (Delivery),Non-Coffee,Uji Matcha Latte,Regular,100% (หวานปกติ),95,1,95,14.25,80.75,บัตรเครดิต,3,4
TXN-2026-0471,2026-01-26,14:50,บ่าย (14:00-16:59),จันทร์,วันธรรมดา (Weekday),CUST-013,ลอยด์ ฟอร์เจอร์,Platinum,ชาย,Gen Y (26-40),สาขาทองหล่อ,ซื้อกลับ (Takeaway),Merchandise,House Blend Beans 250g,Standard,-,280,1,280,42.0,238.0,เงินสด,9,5
TXN-2026-0472,2026-02-23,11:29,กลางวัน (11:00-13:59),จันทร์,วันธรรมดา (Weekday),GUEST,ลูกค้าทั่วไป (Walk-in),Non-Member,ชาย,Gen Y (26-40),สาขาสยามสแควร์,หน้าร้าน (Dine-in),Non-Coffee,Uji Matcha Latte,Large,100% (หวานปกติ),110,1,110,0.0,110.0,QR PromptPay,0,5
TXN-2026-0472,2026-02-23,11:29,กลางวัน (11:00-13:59),จันทร์,วันธรรมดา (Weekday),GUEST,ลูกค้าทั่วไป (Walk-in),Non-Member,ชาย,Gen Y (26-40),สาขาสยามสแควร์,หน้าร้าน (Dine-in),Bakery,Basque Burnt Cheesecake,Standard,-,125,2,250,0.0,250.0,QR PromptPay,0,5
TXN-2026-0473,2026-01-01,11:22,กลางวัน (11:00-13:59),พฤหัสบดี,วันธรรมดา (Weekday),CUST-008,นามิ,Platinum,หญิง,Gen Y (26-40),สาขาสยามสแควร์,ซื้อกลับ (Takeaway),Coffee,Espresso (Single/Double),Regular,0% (ไม่หวาน),65,1,65,9.75,55.25,บัตรเครดิต,2,3
TXN-2026-0474,2026-01-23,09:46,เช้า (07:00-10:59),ศุกร์,วันธรรมดา (Weekday),CUST-036,ปิกาจู,Platinum,ไม่ระบุ,Gen Z (18-25),สาขาสยามสแควร์,หน้าร้าน (Dine-in),Coffee,Iced Caramel Macchiato,Large,0% (ไม่หวาน),110,1,110,16.5,93.5,QR PromptPay,3,5
TXN-2026-0475,2026-01-27,08:23,เช้า (07:00-10:59),อังคาร,วันธรรมดา (Weekday),CUST-043,ซุน โกคู,Gold,ชาย,Gen X (41-55),สาขาสยามสแควร์,ซื้อกลับ (Takeaway),Coffee,Hot Cafe Latte,Regular,25% (หวานน้อยมาก),80,2,160,16.0,144.0,TrueMoney Wallet,5,5
TXN-2026-0476,2026-01-17,14:34,บ่าย (14:00-16:59),เสาร์,วันหยุด (Weekend),CUST-024,ฟุชิงุโระ เมกุมิ,Silver,ชาย,Gen Z (18-25),สาขาสยามสแควร์,ซื้อกลับ (Takeaway),Merchandise,House Blend Beans 250g,Standard,-,280,1,280,14.0,266.0,บัตรเครดิต,10,3
TXN-2026-0476,2026-01-17,14:34,บ่าย (14:00-16:59),เสาร์,วันหยุด (Weekend),CUST-024,ฟุชิงุโระ เมกุมิ,Silver,ชาย,Gen Z (18-25),สาขาสยามสแควร์,ซื้อกลับ (Takeaway),Coffee,Dirty Coffee,Regular,25% (หวานน้อยมาก),90,1,90,4.5,85.5,บัตรเครดิต,3,3
TXN-2026-0477,2026-02-05,20:13,เย็น (17:00-20:30),พฤหัสบดี,วันธรรมดา (Weekday),CUST-031,อุซึมากิ นารูโตะ,Gold,ชาย,Gen Y (26-40),สาขาทองหล่อ,ซื้อกลับ (Takeaway),Bakery,Carrot Walnut Cake,Standard,-,115,1,115,11.5,103.5,QR PromptPay,4,5
TXN-2026-0477,2026-02-05,20:13,เย็น (17:00-20:30),พฤหัสบดี,วันธรรมดา (Weekday),CUST-031,อุซึมากิ นารูโตะ,Gold,ชาย,Gen Y (26-40),สาขาทองหล่อ,ซื้อกลับ (Takeaway),Non-Coffee,Hojicha Roasted Tea,Large,100% (หวานปกติ),105,1,105,10.5,94.5,QR PromptPay,3,5
TXN-2026-0477,2026-02-05,20:13,เย็น (17:00-20:30),พฤหัสบดี,วันธรรมดา (Weekday),CUST-031,อุซึมากิ นารูโตะ,Gold,ชาย,Gen Y (26-40),สาขาทองหล่อ,ซื้อกลับ (Takeaway),Bakery,Basque Burnt Cheesecake,Standard,-,125,1,125,12.5,112.5,QR PromptPay,4,5
TXN-2026-0478,2026-03-16,13:41,กลางวัน (11:00-13:59),จันทร์,วันธรรมดา (Weekday),CUST-015,เอโดงาวะ โคนัน,Silver,ชาย,Gen Z (18-25),สาขาลาดพร้าว,ซื้อกลับ (Takeaway),Bakery,Butter Croissant,Standard,-,75,2,150,7.5,142.5,QR PromptPay,5,5
TXN-2026-0479,2026-02-17,07:08,เช้า (07:00-10:59),อังคาร,วันธรรมดา (Weekday),CUST-019,ชินจัง (โนฮาระ ชินโนะสุเกะ),Regular,ชาย,Gen Z (18-25),สาขาอารีย์,หน้าร้าน (Dine-in),Bakery,Almond Cream Croissant,Standard,-,95,1,95,0.0,95.0,บัตรเครดิต,3,5
TXN-2026-0479,2026-02-17,07:08,เช้า (07:00-10:59),อังคาร,วันธรรมดา (Weekday),CUST-019,ชินจัง (โนฮาระ ชินโนะสุเกะ),Regular,ชาย,Gen Z (18-25),สาขาอารีย์,หน้าร้าน (Dine-in),Bakery,Chocolate Truffle Croffle,Standard,-,110,1,110,0.0,110.0,บัตรเครดิต,4,5
TXN-2026-0480,2026-02-10,07:11,เช้า (07:00-10:59),อังคาร,วันธรรมดา (Weekday),CUST-017,โมริ โคโกโร่,Regular,ชาย,Gen X (41-55),สาขาทองหล่อ,หน้าร้าน (Dine-in),Coffee,Hot Cafe Latte,Regular,25% (หวานน้อยมาก),80,1,80,0.0,80.0,QR PromptPay,3,4
TXN-2026-0481,2026-01-10,13:12,กลางวัน (11:00-13:59),เสาร์,วันหยุด (Weekend),CUST-044,เบจิต้า,Platinum,ชาย,Gen X (41-55),สาขาสยามสแควร์,หน้าร้าน (Dine-in),Coffee,Iced Caramel Macchiato,Large,0% (ไม่หวาน),110,1,110,16.5,93.5,TrueMoney Wallet,3,4
TXN-2026-0482,2026-02-06,15:25,บ่าย (14:00-16:59),ศุกร์,วันธรรมดา (Weekday),CUST-049,คิริโตะ,Gold,ชาย,Gen Z (18-25),สาขาทองหล่อ,ซื้อกลับ (Takeaway),Bakery,Butter Croissant,Standard,-,75,1,75,7.5,67.5,บัตรเครดิต,2,4
TXN-2026-0483,2026-01-27,13:37,กลางวัน (11:00-13:59),อังคาร,วันธรรมดา (Weekday),CUST-049,คิริโตะ,Gold,ชาย,Gen Z (18-25),สาขาอารีย์,เดลิเวอรี่ (Delivery),Bakery,Almond Cream Croissant,Standard,-,95,1,95,9.5,85.5,QR PromptPay,3,5
TXN-2026-0483,2026-01-27,13:37,กลางวัน (11:00-13:59),อังคาร,วันธรรมดา (Weekday),CUST-049,คิริโตะ,Gold,ชาย,Gen Z (18-25),สาขาอารีย์,เดลิเวอรี่ (Delivery),Merchandise,House Blend Beans 250g,Standard,-,280,1,280,28.0,252.0,QR PromptPay,10,5
TXN-2026-0483,2026-01-27,13:37,กลางวัน (11:00-13:59),อังคาร,วันธรรมดา (Weekday),CUST-049,คิริโตะ,Gold,ชาย,Gen Z (18-25),สาขาอารีย์,เดลิเวอรี่ (Delivery),Coffee,Dirty Coffee,Regular,50% (หวานน้อย),90,2,180,18.0,162.0,QR PromptPay,6,5
TXN-2026-0484,2026-01-02,13:53,กลางวัน (11:00-13:59),ศุกร์,วันธรรมดา (Weekday),CUST-015,เอโดงาวะ โคนัน,Silver,ชาย,Gen Z (18-25),สาขาอารีย์,ซื้อกลับ (Takeaway),Non-Coffee,Peach Sparking Soda,Regular,25% (หวานน้อยมาก),80,1,80,4.0,76.0,QR PromptPay,3,4
TXN-2026-0484,2026-01-02,13:53,กลางวัน (11:00-13:59),ศุกร์,วันธรรมดา (Weekday),CUST-015,เอโดงาวะ โคนัน,Silver,ชาย,Gen Z (18-25),สาขาอารีย์,ซื้อกลับ (Takeaway),Coffee,Espresso (Single/Double),Regular,0% (ไม่หวาน),65,1,65,3.25,61.75,QR PromptPay,2,4
TXN-2026-0485,2026-03-19,20:24,เย็น (17:00-20:30),พฤหัสบดี,วันธรรมดา (Weekday),CUST-026,คามาโดะ ทันจิโร่,Silver,ชาย,Gen Z (18-25),สาขาสยามสแควร์,หน้าร้าน (Dine-in),Non-Coffee,Dark Cocoa Extreme,Regular,0% (ไม่หวาน),85,2,170,8.5,161.5,QR PromptPay,6,5
TXN-2026-0485,2026-03-19,20:24,เย็น (17:00-20:30),พฤหัสบดี,วันธรรมดา (Weekday),CUST-026,คามาโดะ ทันจิโร่,Silver,ชาย,Gen Z (18-25),สาขาสยามสแควร์,หน้าร้าน (Dine-in),Coffee,Hot Cafe Latte,Regular,0% (ไม่หวาน),80,1,80,4.0,76.0,QR PromptPay,3,5
TXN-2026-0485,2026-03-19,20:24,เย็น (17:00-20:30),พฤหัสบดี,วันธรรมดา (Weekday),CUST-026,คามาโดะ ทันจิโร่,Silver,ชาย,Gen Z (18-25),สาขาสยามสแควร์,หน้าร้าน (Dine-in),Coffee,Signature Cold Brew,Regular,0% (ไม่หวาน),105,2,210,10.5,199.5,QR PromptPay,7,5
TXN-2026-0485,2026-03-19,20:24,เย็น (17:00-20:30),พฤหัสบดี,วันธรรมดา (Weekday),CUST-026,คามาโดะ ทันจิโร่,Silver,ชาย,Gen Z (18-25),สาขาสยามสแควร์,หน้าร้าน (Dine-in),Coffee,Iced Cafe Latte,Large,50% (หวานน้อย),100,1,100,5.0,95.0,QR PromptPay,3,5
TXN-2026-0486,2026-02-07,14:29,บ่าย (14:00-16:59),เสาร์,วันหยุด (Weekend),CUST-034,ฮาตาเกะ คาคาชิ,Platinum,ชาย,Gen X (41-55),สาขาสยามสแควร์,หน้าร้าน (Dine-in),Coffee,Iced Caramel Macchiato,Regular,100% (หวานปกติ),95,2,190,28.5,161.5,เงินสด,6,5
TXN-2026-0486,2026-02-07,14:29,บ่าย (14:00-16:59),เสาร์,วันหยุด (Weekend),CUST-034,ฮาตาเกะ คาคาชิ,Platinum,ชาย,Gen X (41-55),สาขาสยามสแควร์,หน้าร้าน (Dine-in),Merchandise,Anime Tumbler 500ml,Standard,-,390,1,390,58.5,331.5,เงินสด,13,5
TXN-2026-0486,2026-02-07,14:29,บ่าย (14:00-16:59),เสาร์,วันหยุด (Weekend),CUST-034,ฮาตาเกะ คาคาชิ,Platinum,ชาย,Gen X (41-55),สาขาสยามสแควร์,หน้าร้าน (Dine-in),Bakery,Almond Cream Croissant,Standard,-,95,1,95,14.25,80.75,เงินสด,3,5
TXN-2026-0486,2026-02-07,14:29,บ่าย (14:00-16:59),เสาร์,วันหยุด (Weekend),CUST-034,ฮาตาเกะ คาคาชิ,Platinum,ชาย,Gen X (41-55),สาขาสยามสแควร์,หน้าร้าน (Dine-in),Bakery,Basque Burnt Cheesecake,Standard,-,125,1,125,18.75,106.25,เงินสด,4,5
TXN-2026-0487,2026-03-15,18:32,เย็น (17:00-20:30),อาทิตย์,วันหยุด (Weekend),CUST-030,เร็นโกคุ เคียวจูโร่,Platinum,ชาย,Gen Y (26-40),สาขาสยามสแควร์,หน้าร้าน (Dine-in),Non-Coffee,Uji Matcha Latte,Large,100% (หวานปกติ),110,1,110,16.5,93.5,QR PromptPay,3,5
TXN-2026-0488,2026-03-15,07:18,เช้า (07:00-10:59),อาทิตย์,วันหยุด (Weekend),CUST-030,เร็นโกคุ เคียวจูโร่,Platinum,ชาย,Gen Y (26-40),สาขาสยามสแควร์,เดลิเวอรี่ (Delivery),Coffee,Signature Cold Brew,Regular,0% (ไม่หวาน),105,1,105,15.75,89.25,TrueMoney Wallet,3,5
TXN-2026-0488,2026-03-15,07:18,เช้า (07:00-10:59),อาทิตย์,วันหยุด (Weekend),CUST-030,เร็นโกคุ เคียวจูโร่,Platinum,ชาย,Gen Y (26-40),สาขาสยามสแควร์,เดลิเวอรี่ (Delivery),Bakery,Almond Cream Croissant,Standard,-,95,1,95,14.25,80.75,TrueMoney Wallet,3,5
TXN-2026-0489,2026-03-26,07:25,เช้า (07:00-10:59),พฤหัสบดี,วันธรรมดา (Weekday),CUST-003,ชิซุกะ,Gold,หญิง,Gen Z (18-25),สาขาสยามสแควร์,เดลิเวอรี่ (Delivery),Coffee,Hot Cafe Latte,Regular,100% (หวานปกติ),80,1,80,8.0,72.0,QR PromptPay,2,5
TXN-2026-0490,2026-03-12,09:04,เช้า (07:00-10:59),พฤหัสบดี,วันธรรมดา (Weekday),CUST-033,ฮารุโนะ ซากุระ,Silver,หญิง,Gen Y (26-40),สาขาทองหล่อ,หน้าร้าน (Dine-in),Bakery,Chocolate Truffle Croffle,Standard,-,110,1,110,5.5,104.5,QR PromptPay,4,5
TXN-2026-0491,2026-03-30,15:24,บ่าย (14:00-16:59),จันทร์,วันธรรมดา (Weekday),CUST-026,คามาโดะ ทันจิโร่,Silver,ชาย,Gen Z (18-25),สาขาลาดพร้าว,หน้าร้าน (Dine-in),Non-Coffee,Peach Sparking Soda,Large,0% (ไม่หวาน),95,1,95,4.75,90.25,QR PromptPay,3,5
TXN-2026-0491,2026-03-30,15:24,บ่าย (14:00-16:59),จันทร์,วันธรรมดา (Weekday),CUST-026,คามาโดะ ทันจิโร่,Silver,ชาย,Gen Z (18-25),สาขาลาดพร้าว,หน้าร้าน (Dine-in),Bakery,Chocolate Truffle Croffle,Standard,-,110,1,110,5.5,104.5,QR PromptPay,4,5
TXN-2026-0491,2026-03-30,15:24,บ่าย (14:00-16:59),จันทร์,วันธรรมดา (Weekday),CUST-026,คามาโดะ ทันจิโร่,Silver,ชาย,Gen Z (18-25),สาขาลาดพร้าว,หน้าร้าน (Dine-in),Bakery,Basque Burnt Cheesecake,Standard,-,125,1,125,6.25,118.75,QR PromptPay,4,5
TXN-2026-0492,2026-02-05,14:53,บ่าย (14:00-16:59),พฤหัสบดี,วันธรรมดา (Weekday),CUST-007,โรโรโนอา โซโร,Silver,ชาย,Gen Y (26-40),สาขาสยามสแควร์,หน้าร้าน (Dine-in),Coffee,Espresso (Single/Double),Regular,0% (ไม่หวาน),65,1,65,3.25,61.75,บัตรเครดิต,2,5
TXN-2026-0492,2026-02-05,14:53,บ่าย (14:00-16:59),พฤหัสบดี,วันธรรมดา (Weekday),CUST-007,โรโรโนอา โซโร,Silver,ชาย,Gen Y (26-40),สาขาสยามสแควร์,หน้าร้าน (Dine-in),Non-Coffee,Thai Milk Tea Special,Regular,25% (หวานน้อยมาก),70,1,70,3.5,66.5,บัตรเครดิต,2,5
TXN-2026-0493,2026-03-28,12:44,กลางวัน (11:00-13:59),เสาร์,วันหยุด (Weekend),CUST-041,จิฮิโระ,Regular,หญิง,Gen Z (18-25),สาขาทองหล่อ,ซื้อกลับ (Takeaway),Non-Coffee,Dark Cocoa Extreme,Large,0% (ไม่หวาน),100,1,100,0.0,100.0,บัตรเครดิต,4,4
TXN-2026-0494,2026-01-07,14:59,บ่าย (14:00-16:59),พุธ,วันธรรมดา (Weekday),CUST-016,โมริ รัน,Silver,หญิง,Gen Z (18-25),สาขาสยามสแควร์,หน้าร้าน (Dine-in),Coffee,Hot Cafe Latte,Regular,25% (หวานน้อยมาก),80,1,80,4.0,76.0,QR PromptPay,3,5
TXN-2026-0494,2026-01-07,14:59,บ่าย (14:00-16:59),พุธ,วันธรรมดา (Weekday),CUST-016,โมริ รัน,Silver,หญิง,Gen Z (18-25),สาขาสยามสแควร์,หน้าร้าน (Dine-in),Non-Coffee,Uji Matcha Latte,Regular,100% (หวานปกติ),95,1,95,4.75,90.25,QR PromptPay,3,5
TXN-2026-0495,2026-02-11,13:12,กลางวัน (11:00-13:59),พุธ,วันธรรมดา (Weekday),CUST-035,ฮิวงะ ฮินาตะ,Gold,หญิง,Gen Y (26-40),สาขาอารีย์,ซื้อกลับ (Takeaway),Coffee,Espresso (Single/Double),Regular,0% (ไม่หวาน),65,1,65,6.5,58.5,QR PromptPay,2,5
TXN-2026-0496,2026-01-02,12:14,กลางวัน (11:00-13:59),ศุกร์,วันธรรมดา (Weekday),CUST-018,ไฮบาระ ไอ,Gold,หญิง,Gen Z (18-25),สาขาทองหล่อ,หน้าร้าน (Dine-in),Bakery,Basque Burnt Cheesecake,Standard,-,125,1,125,12.5,112.5,QR PromptPay,4,5
TXN-2026-0497,2026-03-14,07:38,เช้า (07:00-10:59),เสาร์,วันหยุด (Weekend),CUST-041,จิฮิโระ,Regular,หญิง,Gen Z (18-25),สาขาทองหล่อ,ซื้อกลับ (Takeaway),Non-Coffee,Peach Sparking Soda,Large,0% (ไม่หวาน),95,1,95,0.0,95.0,เงินสด,3,4
TXN-2026-0498,2026-03-19,20:24,เย็น (17:00-20:30),พฤหัสบดี,วันธรรมดา (Weekday),CUST-048,รีไวล์ แอคเคอร์แมน,Platinum,ชาย,Gen Y (26-40),สาขาสยามสแควร์,ซื้อกลับ (Takeaway),Coffee,Iced Cafe Latte,Regular,100% (หวานปกติ),85,1,85,12.75,72.25,เงินสด,2,5
TXN-2026-0498,2026-03-19,20:24,เย็น (17:00-20:30),พฤหัสบดี,วันธรรมดา (Weekday),CUST-048,รีไวล์ แอคเคอร์แมน,Platinum,ชาย,Gen Y (26-40),สาขาสยามสแควร์,ซื้อกลับ (Takeaway),Non-Coffee,Dark Cocoa Extreme,Regular,0% (ไม่หวาน),85,1,85,12.75,72.25,เงินสด,2,5
TXN-2026-0499,2026-03-05,08:24,เช้า (07:00-10:59),พฤหัสบดี,วันธรรมดา (Weekday),CUST-003,ชิซุกะ,Gold,หญิง,Gen Z (18-25),สาขาสยามสแควร์,ซื้อกลับ (Takeaway),Coffee,Iced Caramel Macchiato,Regular,100% (หวานปกติ),95,1,95,9.5,85.5,เงินสด,3,5
TXN-2026-0499,2026-03-05,08:24,เช้า (07:00-10:59),พฤหัสบดี,วันธรรมดา (Weekday),CUST-003,ชิซุกะ,Gold,หญิง,Gen Z (18-25),สาขาสยามสแควร์,ซื้อกลับ (Takeaway),Non-Coffee,Thai Milk Tea Special,Large,0% (ไม่หวาน),85,1,85,8.5,76.5,เงินสด,3,5
TXN-2026-0499,2026-03-05,08:24,เช้า (07:00-10:59),พฤหัสบดี,วันธรรมดา (Weekday),CUST-003,ชิซุกะ,Gold,หญิง,Gen Z (18-25),สาขาสยามสแควร์,ซื้อกลับ (Takeaway),Non-Coffee,Peach Sparking Soda,Large,50% (หวานน้อย),95,1,95,9.5,85.5,เงินสด,3,5
TXN-2026-0500,2026-03-11,08:51,เช้า (07:00-10:59),พุธ,วันธรรมดา (Weekday),CUST-047,มิคาสะ แอคเคอร์แมน,Gold,หญิง,Gen Z (18-25),สาขาสยามสแควร์,เดลิเวอรี่ (Delivery),Coffee,Hot Cafe Latte,Regular,25% (หวานน้อยมาก),80,1,80,8.0,72.0,บัตรเครดิต,2,5
TXN-2026-0500,2026-03-11,08:51,เช้า (07:00-10:59),พุธ,วันธรรมดา (Weekday),CUST-047,มิคาสะ แอคเคอร์แมน,Gold,หญิง,Gen Z (18-25),สาขาสยามสแควร์,เดลิเวอรี่ (Delivery),Bakery,Basque Burnt Cheesecake,Standard,-,125,2,250,25.0,225.0,บัตรเครดิต,9,5
TXN-2026-0501,2026-01-17,08:15,เช้า (07:00-10:59),เสาร์,วันหยุด (Weekend),CUST-028,อากาสึมะ เซ็นอิตสึ,Regular,ชาย,Gen Z (18-25),สาขาทองหล่อ,หน้าร้าน (Dine-in),Non-Coffee,Uji Matcha Latte,Large,50% (หวานน้อย),110,1,110,0.0,110.0,บัตรเครดิต,4,5
TXN-2026-0502,2026-03-23,10:05,เช้า (07:00-10:59),จันทร์,วันธรรมดา (Weekday),GUEST,ลูกค้าทั่วไป (Walk-in),Non-Member,หญิง,Gen Y (26-40),สาขาสยามสแควร์,ซื้อกลับ (Takeaway),Coffee,Iced Caramel Macchiato,Large,0% (ไม่หวาน),110,1,110,0.0,110.0,QR PromptPay,0,5
TXN-2026-0503,2026-02-24,15:38,บ่าย (14:00-16:59),อังคาร,วันธรรมดา (Weekday),CUST-036,ปิกาจู,Platinum,ไม่ระบุ,Gen Z (18-25),สาขาทองหล่อ,หน้าร้าน (Dine-in),Bakery,Basque Burnt Cheesecake,Standard,-,125,1,125,18.75,106.25,QR PromptPay,4,5
TXN-2026-0504,2026-03-02,08:00,เช้า (07:00-10:59),จันทร์,วันธรรมดา (Weekday),CUST-033,ฮารุโนะ ซากุระ,Silver,หญิง,Gen Y (26-40),สาขาทองหล่อ,หน้าร้าน (Dine-in),Non-Coffee,Hojicha Roasted Tea,Large,100% (หวานปกติ),105,1,105,5.25,99.75,QR PromptPay,3,5
TXN-2026-0505,2026-03-17,07:58,เช้า (07:00-10:59),อังคาร,วันธรรมดา (Weekday),CUST-037,ซาโตชิ,Silver,ชาย,Gen Z (18-25),สาขาสยามสแควร์,ซื้อกลับ (Takeaway),Non-Coffee,Hojicha Roasted Tea,Large,50% (หวานน้อย),105,1,105,5.25,99.75,เงินสด,3,4
TXN-2026-0505,2026-03-17,07:58,เช้า (07:00-10:59),อังคาร,วันธรรมดา (Weekday),CUST-037,ซาโตชิ,Silver,ชาย,Gen Z (18-25),สาขาสยามสแควร์,ซื้อกลับ (Takeaway),Bakery,Carrot Walnut Cake,Standard,-,115,2,230,11.5,218.5,เงินสด,8,4
TXN-2026-0506,2026-02-01,07:58,เช้า (07:00-10:59),อาทิตย์,วันหยุด (Weekend),CUST-041,จิฮิโระ,Regular,หญิง,Gen Z (18-25),สาขาทองหล่อ,หน้าร้าน (Dine-in),Coffee,Iced Caramel Macchiato,Regular,25% (หวานน้อยมาก),95,1,95,0.0,95.0,บัตรเครดิต,3,5
TXN-2026-0506,2026-02-01,07:58,เช้า (07:00-10:59),อาทิตย์,วันหยุด (Weekend),CUST-041,จิฮิโระ,Regular,หญิง,Gen Z (18-25),สาขาทองหล่อ,หน้าร้าน (Dine-in),Non-Coffee,Thai Milk Tea Special,Regular,100% (หวานปกติ),70,1,70,0.0,70.0,บัตรเครดิต,2,5
TXN-2026-0507,2026-03-17,17:33,เย็น (17:00-20:30),อังคาร,วันธรรมดา (Weekday),GUEST,ลูกค้าทั่วไป (Walk-in),Non-Member,หญิง,Gen Z (18-25),สาขาทองหล่อ,หน้าร้าน (Dine-in),Bakery,Butter Croissant,Standard,-,75,1,75,0.0,75.0,QR PromptPay,0,2
TXN-2026-0507,2026-03-17,17:33,เย็น (17:00-20:30),อังคาร,วันธรรมดา (Weekday),GUEST,ลูกค้าทั่วไป (Walk-in),Non-Member,หญิง,Gen Z (18-25),สาขาทองหล่อ,หน้าร้าน (Dine-in),Non-Coffee,Dark Cocoa Extreme,Regular,0% (ไม่หวาน),85,1,85,0.0,85.0,QR PromptPay,0,2
TXN-2026-0508,2026-02-14,15:47,บ่าย (14:00-16:59),เสาร์,วันหยุด (Weekend),CUST-048,รีไวล์ แอคเคอร์แมน,Platinum,ชาย,Gen Y (26-40),สาขาอารีย์,หน้าร้าน (Dine-in),Coffee,Hot Cafe Latte,Regular,100% (หวานปกติ),80,1,80,12.0,68.0,เงินสด,2,4
TXN-2026-0509,2026-02-25,09:11,เช้า (07:00-10:59),พุธ,วันธรรมดา (Weekday),CUST-013,ลอยด์ ฟอร์เจอร์,Platinum,ชาย,Gen Y (26-40),สาขาอารีย์,ซื้อกลับ (Takeaway),Coffee,Dirty Coffee,Regular,25% (หวานน้อยมาก),90,1,90,13.5,76.5,QR PromptPay,3,5
TXN-2026-0510,2026-01-25,10:28,เช้า (07:00-10:59),อาทิตย์,วันหยุด (Weekend),CUST-040,โทโทโร่,Platinum,ไม่ระบุ,Gen X (41-55),สาขาสยามสแควร์,ซื้อกลับ (Takeaway),Coffee,Hot Cafe Latte,Regular,0% (ไม่หวาน),80,1,80,12.0,68.0,QR PromptPay,2,5
TXN-2026-0511,2026-03-03,11:00,กลางวัน (11:00-13:59),อังคาร,วันธรรมดา (Weekday),CUST-049,คิริโตะ,Gold,ชาย,Gen Z (18-25),สาขาลาดพร้าว,ซื้อกลับ (Takeaway),Coffee,Espresso (Single/Double),Regular,0% (ไม่หวาน),65,1,65,6.5,58.5,TrueMoney Wallet,2,5
TXN-2026-0512,2026-02-04,20:48,เย็น (17:00-20:30),พุธ,วันธรรมดา (Weekday),CUST-028,อากาสึมะ เซ็นอิตสึ,Regular,ชาย,Gen Z (18-25),สาขาสยามสแควร์,ซื้อกลับ (Takeaway),Non-Coffee,Hojicha Roasted Tea,Large,100% (หวานปกติ),105,1,105,0.0,105.0,QR PromptPay,4,5
TXN-2026-0513,2026-02-15,17:00,เย็น (17:00-20:30),อาทิตย์,วันหยุด (Weekend),CUST-045,บลูม่า,Platinum,หญิง,Gen X (41-55),สาขาอารีย์,เดลิเวอรี่ (Delivery),Bakery,Carrot Walnut Cake,Standard,-,115,2,230,34.5,195.5,เงินสด,7,5
TXN-2026-0514,2026-02-01,13:43,กลางวัน (11:00-13:59),อาทิตย์,วันหยุด (Weekend),CUST-031,อุซึมากิ นารูโตะ,Gold,ชาย,Gen Y (26-40),สาขาอารีย์,ซื้อกลับ (Takeaway),Non-Coffee,Peach Sparking Soda,Regular,50% (หวานน้อย),80,1,80,8.0,72.0,QR PromptPay,2,5
TXN-2026-0514,2026-02-01,13:43,กลางวัน (11:00-13:59),อาทิตย์,วันหยุด (Weekend),CUST-031,อุซึมากิ นารูโตะ,Gold,ชาย,Gen Y (26-40),สาขาอารีย์,ซื้อกลับ (Takeaway),Coffee,Espresso (Single/Double),Regular,0% (ไม่หวาน),65,1,65,6.5,58.5,QR PromptPay,2,5
TXN-2026-0514,2026-02-01,13:43,กลางวัน (11:00-13:59),อาทิตย์,วันหยุด (Weekend),CUST-031,อุซึมากิ นารูโตะ,Gold,ชาย,Gen Y (26-40),สาขาอารีย์,ซื้อกลับ (Takeaway),Non-Coffee,Hojicha Roasted Tea,Large,0% (ไม่หวาน),105,1,105,10.5,94.5,QR PromptPay,3,5
TXN-2026-0515,2026-03-02,17:46,เย็น (17:00-20:30),จันทร์,วันธรรมดา (Weekday),CUST-039,หน้ากากทักซิโด้,Platinum,ชาย,Gen Y (26-40),สาขาสยามสแควร์,หน้าร้าน (Dine-in),Bakery,Carrot Walnut Cake,Standard,-,115,1,115,17.25,97.75,บัตรเครดิต,3,5
TXN-2026-0515,2026-03-02,17:46,เย็น (17:00-20:30),จันทร์,วันธรรมดา (Weekday),CUST-039,หน้ากากทักซิโด้,Platinum,ชาย,Gen Y (26-40),สาขาสยามสแควร์,หน้าร้าน (Dine-in),Coffee,Iced Americano,Large,100% (หวานปกติ),90,1,90,13.5,76.5,บัตรเครดิต,3,5
TXN-2026-0515,2026-03-02,17:46,เย็น (17:00-20:30),จันทร์,วันธรรมดา (Weekday),CUST-039,หน้ากากทักซิโด้,Platinum,ชาย,Gen Y (26-40),สาขาสยามสแควร์,หน้าร้าน (Dine-in),Coffee,Iced Caramel Macchiato,Large,0% (ไม่หวาน),110,1,110,16.5,93.5,บัตรเครดิต,3,5
TXN-2026-0516,2026-03-11,08:10,เช้า (07:00-10:59),พุธ,วันธรรมดา (Weekday),CUST-043,ซุน โกคู,Gold,ชาย,Gen X (41-55),สาขาทองหล่อ,หน้าร้าน (Dine-in),Non-Coffee,Peach Sparking Soda,Regular,50% (หวานน้อย),80,1,80,8.0,72.0,เงินสด,2,5
TXN-2026-0516,2026-03-11,08:10,เช้า (07:00-10:59),พุธ,วันธรรมดา (Weekday),CUST-043,ซุน โกคู,Gold,ชาย,Gen X (41-55),สาขาทองหล่อ,หน้าร้าน (Dine-in),Bakery,Butter Croissant,Standard,-,75,1,75,7.5,67.5,เงินสด,2,5
TXN-2026-0516,2026-03-11,08:10,เช้า (07:00-10:59),พุธ,วันธรรมดา (Weekday),CUST-043,ซุน โกคู,Gold,ชาย,Gen X (41-55),สาขาทองหล่อ,หน้าร้าน (Dine-in),Non-Coffee,Thai Milk Tea Special,Large,0% (ไม่หวาน),85,1,85,8.5,76.5,เงินสด,3,5
TXN-2026-0517,2026-02-12,17:41,เย็น (17:00-20:30),พฤหัสบดี,วันธรรมดา (Weekday),CUST-046,เอเรน เยเกอร์,Regular,ชาย,Gen Z (18-25),สาขาทองหล่อ,ซื้อกลับ (Takeaway),Bakery,Almond Cream Croissant,Standard,-,95,1,95,0.0,95.0,บัตรเครดิต,3,4
TXN-2026-0517,2026-02-12,17:41,เย็น (17:00-20:30),พฤหัสบดี,วันธรรมดา (Weekday),CUST-046,เอเรน เยเกอร์,Regular,ชาย,Gen Z (18-25),สาขาทองหล่อ,ซื้อกลับ (Takeaway),Non-Coffee,Uji Matcha Latte,Regular,0% (ไม่หวาน),95,1,95,0.0,95.0,บัตรเครดิต,3,4
TXN-2026-0517,2026-02-12,17:41,เย็น (17:00-20:30),พฤหัสบดี,วันธรรมดา (Weekday),CUST-046,เอเรน เยเกอร์,Regular,ชาย,Gen Z (18-25),สาขาทองหล่อ,ซื้อกลับ (Takeaway),Merchandise,Anime Tumbler 500ml,Standard,-,390,1,390,0.0,390.0,บัตรเครดิต,15,4
TXN-2026-0517,2026-02-12,17:41,เย็น (17:00-20:30),พฤหัสบดี,วันธรรมดา (Weekday),CUST-046,เอเรน เยเกอร์,Regular,ชาย,Gen Z (18-25),สาขาทองหล่อ,ซื้อกลับ (Takeaway),Non-Coffee,Thai Milk Tea Special,Regular,50% (หวานน้อย),70,1,70,0.0,70.0,บัตรเครดิต,2,4
TXN-2026-0518,2026-02-10,17:19,เย็น (17:00-20:30),อังคาร,วันธรรมดา (Weekday),CUST-035,ฮิวงะ ฮินาตะ,Gold,หญิง,Gen Y (26-40),สาขาสยามสแควร์,หน้าร้าน (Dine-in),Coffee,Iced Caramel Macchiato,Regular,0% (ไม่หวาน),95,1,95,9.5,85.5,QR PromptPay,3,4
TXN-2026-0518,2026-02-10,17:19,เย็น (17:00-20:30),อังคาร,วันธรรมดา (Weekday),CUST-035,ฮิวงะ ฮินาตะ,Gold,หญิง,Gen Y (26-40),สาขาสยามสแควร์,หน้าร้าน (Dine-in),Bakery,Carrot Walnut Cake,Standard,-,115,1,115,11.5,103.5,QR PromptPay,4,4
TXN-2026-0519,2026-02-07,15:43,บ่าย (14:00-16:59),เสาร์,วันหยุด (Weekend),CUST-039,หน้ากากทักซิโด้,Platinum,ชาย,Gen Y (26-40),สาขาสยามสแควร์,ซื้อกลับ (Takeaway),Non-Coffee,Peach Sparking Soda,Large,0% (ไม่หวาน),95,1,95,14.25,80.75,TrueMoney Wallet,3,4
TXN-2026-0520,2026-03-15,11:31,กลางวัน (11:00-13:59),อาทิตย์,วันหยุด (Weekend),CUST-025,คูกิซากิ โนบาระ,Gold,หญิง,Gen Z (18-25),สาขาสยามสแควร์,เดลิเวอรี่ (Delivery),Non-Coffee,Uji Matcha Latte,Large,100% (หวานปกติ),110,1,110,11.0,99.0,QR PromptPay,3,4
TXN-2026-0520,2026-03-15,11:31,กลางวัน (11:00-13:59),อาทิตย์,วันหยุด (Weekend),CUST-025,คูกิซากิ โนบาระ,Gold,หญิง,Gen Z (18-25),สาขาสยามสแควร์,เดลิเวอรี่ (Delivery),Coffee,Iced Americano,Regular,0% (ไม่หวาน),75,1,75,7.5,67.5,QR PromptPay,2,4
TXN-2026-0520,2026-03-15,11:31,กลางวัน (11:00-13:59),อาทิตย์,วันหยุด (Weekend),CUST-025,คูกิซากิ โนบาระ,Gold,หญิง,Gen Z (18-25),สาขาสยามสแควร์,เดลิเวอรี่ (Delivery),Coffee,Signature Cold Brew,Regular,0% (ไม่หวาน),105,1,105,10.5,94.5,QR PromptPay,3,4
TXN-2026-0521,2026-03-02,20:25,เย็น (17:00-20:30),จันทร์,วันธรรมดา (Weekday),CUST-047,มิคาสะ แอคเคอร์แมน,Gold,หญิง,Gen Z (18-25),สาขาสยามสแควร์,ซื้อกลับ (Takeaway),Coffee,Iced Caramel Macchiato,Large,0% (ไม่หวาน),110,2,220,22.0,198.0,QR PromptPay,7,4
TXN-2026-0522,2026-02-08,11:36,กลางวัน (11:00-13:59),อาทิตย์,วันหยุด (Weekend),CUST-045,บลูม่า,Platinum,หญิง,Gen X (41-55),สาขาอารีย์,เดลิเวอรี่ (Delivery),Coffee,Espresso (Single/Double),Regular,0% (ไม่หวาน),65,1,65,9.75,55.25,QR PromptPay,2,4
TXN-2026-0523,2026-03-15,08:24,เช้า (07:00-10:59),อาทิตย์,วันหยุด (Weekend),GUEST,ลูกค้าทั่วไป (Walk-in),Non-Member,หญิง,Gen X (41-55),สาขาลาดพร้าว,เดลิเวอรี่ (Delivery),Coffee,Iced Americano,Regular,50% (หวานน้อย),75,1,75,0.0,75.0,QR PromptPay,0,2
TXN-2026-0524,2026-01-20,15:15,บ่าย (14:00-16:59),อังคาร,วันธรรมดา (Weekday),CUST-016,โมริ รัน,Silver,หญิง,Gen Z (18-25),สาขาอารีย์,หน้าร้าน (Dine-in),Coffee,Hot Cafe Latte,Regular,50% (หวานน้อย),80,1,80,4.0,76.0,บัตรเครดิต,3,5
TXN-2026-0524,2026-01-20,15:15,บ่าย (14:00-16:59),อังคาร,วันธรรมดา (Weekday),CUST-016,โมริ รัน,Silver,หญิง,Gen Z (18-25),สาขาอารีย์,หน้าร้าน (Dine-in),Bakery,Chocolate Truffle Croffle,Standard,-,110,1,110,5.5,104.5,บัตรเครดิต,4,5
TXN-2026-0525,2026-01-16,07:31,เช้า (07:00-10:59),ศุกร์,วันธรรมดา (Weekday),CUST-033,ฮารุโนะ ซากุระ,Silver,หญิง,Gen Y (26-40),สาขาสยามสแควร์,ซื้อกลับ (Takeaway),Coffee,Iced Cafe Latte,Large,100% (หวานปกติ),100,2,200,10.0,190.0,เงินสด,7,5
TXN-2026-0525,2026-01-16,07:31,เช้า (07:00-10:59),ศุกร์,วันธรรมดา (Weekday),CUST-033,ฮารุโนะ ซากุระ,Silver,หญิง,Gen Y (26-40),สาขาสยามสแควร์,ซื้อกลับ (Takeaway),Coffee,Signature Cold Brew,Regular,0% (ไม่หวาน),105,1,105,5.25,99.75,เงินสด,3,5
TXN-2026-0526,2026-01-17,07:45,เช้า (07:00-10:59),เสาร์,วันหยุด (Weekend),GUEST,ลูกค้าทั่วไป (Walk-in),Non-Member,ไม่ระบุ,Gen Z (18-25),สาขาอารีย์,ซื้อกลับ (Takeaway),Bakery,Carrot Walnut Cake,Standard,-,115,1,115,0.0,115.0,QR PromptPay,0,4
TXN-2026-0526,2026-01-17,07:45,เช้า (07:00-10:59),เสาร์,วันหยุด (Weekend),GUEST,ลูกค้าทั่วไป (Walk-in),Non-Member,ไม่ระบุ,Gen Z (18-25),สาขาอารีย์,ซื้อกลับ (Takeaway),Bakery,Basque Burnt Cheesecake,Standard,-,125,1,125,0.0,125.0,QR PromptPay,0,4
TXN-2026-0527,2026-01-27,17:11,เย็น (17:00-20:30),อังคาร,วันธรรมดา (Weekday),GUEST,ลูกค้าทั่วไป (Walk-in),Non-Member,ไม่ระบุ,Gen Z (18-25),สาขาสยามสแควร์,ซื้อกลับ (Takeaway),Coffee,Signature Cold Brew,Regular,0% (ไม่หวาน),105,2,210,0.0,210.0,QR PromptPay,0,5
TXN-2026-0527,2026-01-27,17:11,เย็น (17:00-20:30),อังคาร,วันธรรมดา (Weekday),GUEST,ลูกค้าทั่วไป (Walk-in),Non-Member,ไม่ระบุ,Gen Z (18-25),สาขาสยามสแควร์,ซื้อกลับ (Takeaway),Coffee,Hot Cafe Latte,Regular,0% (ไม่หวาน),80,2,160,0.0,160.0,QR PromptPay,0,5
TXN-2026-0528,2026-03-06,08:27,เช้า (07:00-10:59),ศุกร์,วันธรรมดา (Weekday),GUEST,ลูกค้าทั่วไป (Walk-in),Non-Member,ไม่ระบุ,Gen Z (18-25),สาขาสยามสแควร์,หน้าร้าน (Dine-in),Merchandise,Anime Tumbler 500ml,Standard,-,390,1,390,0.0,390.0,เงินสด,0,3
TXN-2026-0529,2026-03-04,16:58,บ่าย (14:00-16:59),พุธ,วันธรรมดา (Weekday),GUEST,ลูกค้าทั่วไป (Walk-in),Non-Member,หญิง,Gen X (41-55),สาขาอารีย์,หน้าร้าน (Dine-in),Coffee,Dirty Coffee,Regular,50% (หวานน้อย),90,2,180,0.0,180.0,QR PromptPay,0,4
TXN-2026-0530,2026-01-28,18:37,เย็น (17:00-20:30),พุธ,วันธรรมดา (Weekday),CUST-009,ซันจิ,Gold,ชาย,Gen Y (26-40),สาขาทองหล่อ,ซื้อกลับ (Takeaway),Coffee,Signature Cold Brew,Regular,0% (ไม่หวาน),105,1,105,10.5,94.5,บัตรเครดิต,3,5
TXN-2026-0530,2026-01-28,18:37,เย็น (17:00-20:30),พุธ,วันธรรมดา (Weekday),CUST-009,ซันจิ,Gold,ชาย,Gen Y (26-40),สาขาทองหล่อ,ซื้อกลับ (Takeaway),Bakery,Butter Croissant,Standard,-,75,1,75,7.5,67.5,บัตรเครดิต,2,5
TXN-2026-0531,2026-03-30,08:04,เช้า (07:00-10:59),จันทร์,วันธรรมดา (Weekday),CUST-018,ไฮบาระ ไอ,Gold,หญิง,Gen Z (18-25),สาขาลาดพร้าว,ซื้อกลับ (Takeaway),Bakery,Carrot Walnut Cake,Standard,-,115,2,230,23.0,207.0,QR PromptPay,8,5
TXN-2026-0531,2026-03-30,08:04,เช้า (07:00-10:59),จันทร์,วันธรรมดา (Weekday),CUST-018,ไฮบาระ ไอ,Gold,หญิง,Gen Z (18-25),สาขาลาดพร้าว,ซื้อกลับ (Takeaway),Coffee,Signature Cold Brew,Regular,0% (ไม่หวาน),105,2,210,21.0,189.0,QR PromptPay,7,5
TXN-2026-0532,2026-02-25,13:15,กลางวัน (11:00-13:59),พุธ,วันธรรมดา (Weekday),CUST-008,นามิ,Platinum,หญิง,Gen Y (26-40),สาขาอารีย์,ซื้อกลับ (Takeaway),Non-Coffee,Peach Sparking Soda,Large,25% (หวานน้อยมาก),95,2,190,28.5,161.5,QR PromptPay,6,5
TXN-2026-0533,2026-01-29,07:24,เช้า (07:00-10:59),พฤหัสบดี,วันธรรมดา (Weekday),GUEST,ลูกค้าทั่วไป (Walk-in),Non-Member,ชาย,Gen Y (26-40),สาขาลาดพร้าว,ซื้อกลับ (Takeaway),Merchandise,House Blend Beans 250g,Standard,-,280,1,280,0.0,280.0,QR PromptPay,0,5
TXN-2026-0533,2026-01-29,07:24,เช้า (07:00-10:59),พฤหัสบดี,วันธรรมดา (Weekday),GUEST,ลูกค้าทั่วไป (Walk-in),Non-Member,ชาย,Gen Y (26-40),สาขาลาดพร้าว,ซื้อกลับ (Takeaway),Bakery,Basque Burnt Cheesecake,Standard,-,125,1,125,0.0,125.0,QR PromptPay,0,5
TXN-2026-0533,2026-01-29,07:24,เช้า (07:00-10:59),พฤหัสบดี,วันธรรมดา (Weekday),GUEST,ลูกค้าทั่วไป (Walk-in),Non-Member,ชาย,Gen Y (26-40),สาขาลาดพร้าว,ซื้อกลับ (Takeaway),Coffee,Iced Cafe Latte,Regular,0% (ไม่หวาน),85,1,85,0.0,85.0,QR PromptPay,0,5
TXN-2026-0534,2026-02-19,10:30,เช้า (07:00-10:59),พฤหัสบดี,วันธรรมดา (Weekday),CUST-017,โมริ โคโกโร่,Regular,ชาย,Gen X (41-55),สาขาสยามสแควร์,ซื้อกลับ (Takeaway),Non-Coffee,Thai Milk Tea Special,Regular,50% (หวานน้อย),70,1,70,0.0,70.0,QR PromptPay,2,5
TXN-2026-0535,2026-02-01,15:45,บ่าย (14:00-16:59),อาทิตย์,วันหยุด (Weekend),CUST-029,ฮาชิบิระ อิโนะสุเกะ,Regular,ชาย,Gen Z (18-25),สาขาลาดพร้าว,ซื้อกลับ (Takeaway),Non-Coffee,Uji Matcha Latte,Large,0% (ไม่หวาน),110,2,220,0.0,220.0,บัตรเครดิต,8,5
TXN-2026-0536,2026-02-22,14:40,บ่าย (14:00-16:59),อาทิตย์,วันหยุด (Weekend),CUST-047,มิคาสะ แอคเคอร์แมน,Gold,หญิง,Gen Z (18-25),สาขาสยามสแควร์,หน้าร้าน (Dine-in),Bakery,Basque Burnt Cheesecake,Standard,-,125,2,250,25.0,225.0,บัตรเครดิต,9,5
TXN-2026-0537,2026-02-24,16:08,บ่าย (14:00-16:59),อังคาร,วันธรรมดา (Weekday),CUST-033,ฮารุโนะ ซากุระ,Silver,หญิง,Gen Y (26-40),สาขาทองหล่อ,ซื้อกลับ (Takeaway),Coffee,Dirty Coffee,Regular,100% (หวานปกติ),90,1,90,4.5,85.5,บัตรเครดิต,3,5
TXN-2026-0538,2026-02-14,07:38,เช้า (07:00-10:59),เสาร์,วันหยุด (Weekend),CUST-011,นิโค โรบิน,Platinum,หญิง,Gen X (41-55),สาขาทองหล่อ,เดลิเวอรี่ (Delivery),Coffee,Iced Caramel Macchiato,Large,0% (ไม่หวาน),110,1,110,16.5,93.5,บัตรเครดิต,3,5
TXN-2026-0539,2026-02-18,07:21,เช้า (07:00-10:59),พุธ,วันธรรมดา (Weekday),GUEST,ลูกค้าทั่วไป (Walk-in),Non-Member,ชาย,Gen X (41-55),สาขาลาดพร้าว,เดลิเวอรี่ (Delivery),Coffee,Espresso (Single/Double),Regular,0% (ไม่หวาน),65,1,65,0.0,65.0,QR PromptPay,0,5
TXN-2026-0540,2026-02-09,17:59,เย็น (17:00-20:30),จันทร์,วันธรรมดา (Weekday),CUST-040,โทโทโร่,Platinum,ไม่ระบุ,Gen X (41-55),สาขาลาดพร้าว,หน้าร้าน (Dine-in),Coffee,Iced Cafe Latte,Regular,50% (หวานน้อย),85,2,170,25.5,144.5,QR PromptPay,5,5
TXN-2026-0541,2026-01-24,11:06,กลางวัน (11:00-13:59),เสาร์,วันหยุด (Weekend),CUST-013,ลอยด์ ฟอร์เจอร์,Platinum,ชาย,Gen Y (26-40),สาขาสยามสแควร์,ซื้อกลับ (Takeaway),Coffee,Iced Caramel Macchiato,Large,25% (หวานน้อยมาก),110,1,110,16.5,93.5,QR PromptPay,3,5
TXN-2026-0542,2026-02-17,10:57,เช้า (07:00-10:59),อังคาร,วันธรรมดา (Weekday),CUST-018,ไฮบาระ ไอ,Gold,หญิง,Gen Z (18-25),สาขาสยามสแควร์,ซื้อกลับ (Takeaway),Bakery,Almond Cream Croissant,Standard,-,95,1,95,9.5,85.5,TrueMoney Wallet,3,5
TXN-2026-0543,2026-01-26,09:02,เช้า (07:00-10:59),จันทร์,วันธรรมดา (Weekday),CUST-027,คามาโดะ เนซึโกะ,Gold,หญิง,Gen Z (18-25),สาขาทองหล่อ,เดลิเวอรี่ (Delivery),Non-Coffee,Thai Milk Tea Special,Regular,100% (หวานปกติ),70,1,70,7.0,63.0,QR PromptPay,2,5
TXN-2026-0544,2026-03-05,16:08,บ่าย (14:00-16:59),พฤหัสบดี,วันธรรมดา (Weekday),CUST-049,คิริโตะ,Gold,ชาย,Gen Z (18-25),สาขาทองหล่อ,หน้าร้าน (Dine-in),Coffee,Iced Caramel Macchiato,Regular,0% (ไม่หวาน),95,1,95,9.5,85.5,บัตรเครดิต,3,4
TXN-2026-0544,2026-03-05,16:08,บ่าย (14:00-16:59),พฤหัสบดี,วันธรรมดา (Weekday),CUST-049,คิริโตะ,Gold,ชาย,Gen Z (18-25),สาขาทองหล่อ,หน้าร้าน (Dine-in),Coffee,Iced Cafe Latte,Large,0% (ไม่หวาน),100,1,100,10.0,90.0,บัตรเครดิต,3,4
TXN-2026-0545,2026-01-31,09:27,เช้า (07:00-10:59),เสาร์,วันหยุด (Weekend),GUEST,ลูกค้าทั่วไป (Walk-in),Non-Member,ไม่ระบุ,Gen Z (18-25),สาขาอารีย์,หน้าร้าน (Dine-in),Coffee,Iced Caramel Macchiato,Regular,25% (หวานน้อยมาก),95,1,95,0.0,95.0,บัตรเครดิต,0,4
TXN-2026-0546,2026-01-15,18:42,เย็น (17:00-20:30),พฤหัสบดี,วันธรรมดา (Weekday),CUST-013,ลอยด์ ฟอร์เจอร์,Platinum,ชาย,Gen Y (26-40),สาขาอารีย์,ซื้อกลับ (Takeaway),Coffee,Dirty Coffee,Regular,0% (ไม่หวาน),90,1,90,13.5,76.5,QR PromptPay,3,4
TXN-2026-0546,2026-01-15,18:42,เย็น (17:00-20:30),พฤหัสบดี,วันธรรมดา (Weekday),CUST-013,ลอยด์ ฟอร์เจอร์,Platinum,ชาย,Gen Y (26-40),สาขาอารีย์,ซื้อกลับ (Takeaway),Coffee,Iced Caramel Macchiato,Regular,50% (หวานน้อย),95,2,190,28.5,161.5,QR PromptPay,6,4
TXN-2026-0547,2026-01-19,13:12,กลางวัน (11:00-13:59),จันทร์,วันธรรมดา (Weekday),CUST-004,ซูเนโอะ,Platinum,ชาย,Gen Y (26-40),สาขาอารีย์,ซื้อกลับ (Takeaway),Bakery,Almond Cream Croissant,Standard,-,95,1,95,14.25,80.75,บัตรเครดิต,3,2
TXN-2026-0548,2026-02-24,15:07,บ่าย (14:00-16:59),อังคาร,วันธรรมดา (Weekday),CUST-018,ไฮบาระ ไอ,Gold,หญิง,Gen Z (18-25),สาขาลาดพร้าว,ซื้อกลับ (Takeaway),Coffee,Espresso (Single/Double),Regular,0% (ไม่หวาน),65,1,65,6.5,58.5,QR PromptPay,2,4
TXN-2026-0549,2026-02-11,10:17,เช้า (07:00-10:59),พุธ,วันธรรมดา (Weekday),GUEST,ลูกค้าทั่วไป (Walk-in),Non-Member,ชาย,Gen Y (26-40),สาขาสยามสแควร์,เดลิเวอรี่ (Delivery),Coffee,Espresso (Single/Double),Regular,0% (ไม่หวาน),65,1,65,0.0,65.0,QR PromptPay,0,5
TXN-2026-0550,2026-02-16,16:33,บ่าย (14:00-16:59),จันทร์,วันธรรมดา (Weekday),CUST-016,โมริ รัน,Silver,หญิง,Gen Z (18-25),สาขาทองหล่อ,หน้าร้าน (Dine-in),Coffee,Iced Cafe Latte,Regular,25% (หวานน้อยมาก),85,1,85,4.25,80.75,QR PromptPay,3,4
TXN-2026-0551,2026-02-27,17:34,เย็น (17:00-20:30),ศุกร์,วันธรรมดา (Weekday),CUST-020,มิซาเอะ,Gold,หญิง,Gen X (41-55),สาขาทองหล่อ,เดลิเวอรี่ (Delivery),Coffee,Dirty Coffee,Regular,50% (หวานน้อย),90,2,180,18.0,162.0,QR PromptPay,6,4
TXN-2026-0552,2026-03-13,19:28,เย็น (17:00-20:30),ศุกร์,วันธรรมดา (Weekday),CUST-008,นามิ,Platinum,หญิง,Gen Y (26-40),สาขาลาดพร้าว,หน้าร้าน (Dine-in),Coffee,Espresso (Single/Double),Regular,0% (ไม่หวาน),65,1,65,9.75,55.25,QR PromptPay,2,3
TXN-2026-0553,2026-03-31,19:02,เย็น (17:00-20:30),อังคาร,วันธรรมดา (Weekday),GUEST,ลูกค้าทั่วไป (Walk-in),Non-Member,ชาย,Gen X (41-55),สาขาสยามสแควร์,เดลิเวอรี่ (Delivery),Coffee,Hot Cafe Latte,Regular,100% (หวานปกติ),80,1,80,0.0,80.0,บัตรเครดิต,0,5
TXN-2026-0554,2026-02-19,12:25,กลางวัน (11:00-13:59),พฤหัสบดี,วันธรรมดา (Weekday),CUST-014,ยอร์ ฟอร์เจอร์,Gold,หญิง,Gen Y (26-40),สาขาสยามสแควร์,หน้าร้าน (Dine-in),Bakery,Carrot Walnut Cake,Standard,-,115,1,115,11.5,103.5,QR PromptPay,4,4
TXN-2026-0554,2026-02-19,12:25,กลางวัน (11:00-13:59),พฤหัสบดี,วันธรรมดา (Weekday),CUST-014,ยอร์ ฟอร์เจอร์,Gold,หญิง,Gen Y (26-40),สาขาสยามสแควร์,หน้าร้าน (Dine-in),Bakery,Chocolate Truffle Croffle,Standard,-,110,1,110,11.0,99.0,QR PromptPay,3,4
TXN-2026-0554,2026-02-19,12:25,กลางวัน (11:00-13:59),พฤหัสบดี,วันธรรมดา (Weekday),CUST-014,ยอร์ ฟอร์เจอร์,Gold,หญิง,Gen Y (26-40),สาขาสยามสแควร์,หน้าร้าน (Dine-in),Merchandise,House Blend Beans 250g,Standard,-,280,1,280,28.0,252.0,QR PromptPay,10,4
TXN-2026-0555,2026-01-22,08:18,เช้า (07:00-10:59),พฤหัสบดี,วันธรรมดา (Weekday),CUST-010,โทนี่ ช็อปเปอร์,Regular,ชาย,Gen Z (18-25),สาขาลาดพร้าว,หน้าร้าน (Dine-in),Non-Coffee,Uji Matcha Latte,Regular,0% (ไม่หวาน),95,1,95,0.0,95.0,QR PromptPay,3,4
TXN-2026-0556,2026-02-14,15:20,บ่าย (14:00-16:59),เสาร์,วันหยุด (Weekend),CUST-046,เอเรน เยเกอร์,Regular,ชาย,Gen Z (18-25),สาขาลาดพร้าว,หน้าร้าน (Dine-in),Coffee,Iced Americano,Regular,50% (หวานน้อย),75,1,75,0.0,75.0,QR PromptPay,3,4
TXN-2026-0557,2026-02-05,07:34,เช้า (07:00-10:59),พฤหัสบดี,วันธรรมดา (Weekday),CUST-050,อาสึนะ,Platinum,หญิง,Gen Z (18-25),สาขาลาดพร้าว,ซื้อกลับ (Takeaway),Non-Coffee,Thai Milk Tea Special,Large,25% (หวานน้อยมาก),85,1,85,12.75,72.25,บัตรเครดิต,2,4
TXN-2026-0557,2026-02-05,07:34,เช้า (07:00-10:59),พฤหัสบดี,วันธรรมดา (Weekday),CUST-050,อาสึนะ,Platinum,หญิง,Gen Z (18-25),สาขาลาดพร้าว,ซื้อกลับ (Takeaway),Merchandise,Anime Tumbler 500ml,Standard,-,390,1,390,58.5,331.5,บัตรเครดิต,13,4
TXN-2026-0557,2026-02-05,07:34,เช้า (07:00-10:59),พฤหัสบดี,วันธรรมดา (Weekday),CUST-050,อาสึนะ,Platinum,หญิง,Gen Z (18-25),สาขาลาดพร้าว,ซื้อกลับ (Takeaway),Coffee,Dirty Coffee,Regular,25% (หวานน้อยมาก),90,1,90,13.5,76.5,บัตรเครดิต,3,4
TXN-2026-0558,2026-02-25,12:05,กลางวัน (11:00-13:59),พุธ,วันธรรมดา (Weekday),CUST-030,เร็นโกคุ เคียวจูโร่,Platinum,ชาย,Gen Y (26-40),สาขาสยามสแควร์,เดลิเวอรี่ (Delivery),Non-Coffee,Dark Cocoa Extreme,Large,25% (หวานน้อยมาก),100,2,200,30.0,170.0,QR PromptPay,6,5
TXN-2026-0558,2026-02-25,12:05,กลางวัน (11:00-13:59),พุธ,วันธรรมดา (Weekday),CUST-030,เร็นโกคุ เคียวจูโร่,Platinum,ชาย,Gen Y (26-40),สาขาสยามสแควร์,เดลิเวอรี่ (Delivery),Coffee,Espresso (Single/Double),Regular,0% (ไม่หวาน),65,1,65,9.75,55.25,QR PromptPay,2,5
TXN-2026-0559,2026-01-25,07:27,เช้า (07:00-10:59),อาทิตย์,วันหยุด (Weekend),CUST-042,ฮากุ,Silver,ชาย,Gen Z (18-25),สาขาลาดพร้าว,หน้าร้าน (Dine-in),Coffee,Iced Cafe Latte,Large,0% (ไม่หวาน),100,1,100,5.0,95.0,บัตรเครดิต,3,4
TXN-2026-0559,2026-01-25,07:27,เช้า (07:00-10:59),อาทิตย์,วันหยุด (Weekend),CUST-042,ฮากุ,Silver,ชาย,Gen Z (18-25),สาขาลาดพร้าว,หน้าร้าน (Dine-in),Bakery,Butter Croissant,Standard,-,75,1,75,3.75,71.25,บัตรเครดิต,2,4
TXN-2026-0560,2026-03-24,18:15,เย็น (17:00-20:30),อังคาร,วันธรรมดา (Weekday),CUST-018,ไฮบาระ ไอ,Gold,หญิง,Gen Z (18-25),สาขาสยามสแควร์,ซื้อกลับ (Takeaway),Coffee,Iced Cafe Latte,Regular,25% (หวานน้อยมาก),85,1,85,8.5,76.5,QR PromptPay,3,2
TXN-2026-0560,2026-03-24,18:15,เย็น (17:00-20:30),อังคาร,วันธรรมดา (Weekday),CUST-018,ไฮบาระ ไอ,Gold,หญิง,Gen Z (18-25),สาขาสยามสแควร์,ซื้อกลับ (Takeaway),Merchandise,Anime Tumbler 500ml,Standard,-,390,1,390,39.0,351.0,QR PromptPay,14,2
TXN-2026-0560,2026-03-24,18:15,เย็น (17:00-20:30),อังคาร,วันธรรมดา (Weekday),CUST-018,ไฮบาระ ไอ,Gold,หญิง,Gen Z (18-25),สาขาสยามสแควร์,ซื้อกลับ (Takeaway),Non-Coffee,Peach Sparking Soda,Large,50% (หวานน้อย),95,1,95,9.5,85.5,QR PromptPay,3,2
TXN-2026-0560,2026-03-24,18:15,เย็น (17:00-20:30),อังคาร,วันธรรมดา (Weekday),CUST-018,ไฮบาระ ไอ,Gold,หญิง,Gen Z (18-25),สาขาสยามสแควร์,ซื้อกลับ (Takeaway),Coffee,Hot Cafe Latte,Regular,0% (ไม่หวาน),80,1,80,8.0,72.0,QR PromptPay,2,2
TXN-2026-0561,2026-02-04,14:01,บ่าย (14:00-16:59),พุธ,วันธรรมดา (Weekday),CUST-007,โรโรโนอา โซโร,Silver,ชาย,Gen Y (26-40),สาขาอารีย์,หน้าร้าน (Dine-in),Non-Coffee,Uji Matcha Latte,Regular,25% (หวานน้อยมาก),95,1,95,4.75,90.25,TrueMoney Wallet,3,5
TXN-2026-0562,2026-01-19,12:14,กลางวัน (11:00-13:59),จันทร์,วันธรรมดา (Weekday),GUEST,ลูกค้าทั่วไป (Walk-in),Non-Member,ไม่ระบุ,Gen Y (26-40),สาขาทองหล่อ,ซื้อกลับ (Takeaway),Non-Coffee,Uji Matcha Latte,Regular,50% (หวานน้อย),95,1,95,0.0,95.0,เงินสด,0,5
TXN-2026-0562,2026-01-19,12:14,กลางวัน (11:00-13:59),จันทร์,วันธรรมดา (Weekday),GUEST,ลูกค้าทั่วไป (Walk-in),Non-Member,ไม่ระบุ,Gen Y (26-40),สาขาทองหล่อ,ซื้อกลับ (Takeaway),Coffee,Iced Cafe Latte,Regular,0% (ไม่หวาน),85,1,85,0.0,85.0,เงินสด,0,5
TXN-2026-0562,2026-01-19,12:14,กลางวัน (11:00-13:59),จันทร์,วันธรรมดา (Weekday),GUEST,ลูกค้าทั่วไป (Walk-in),Non-Member,ไม่ระบุ,Gen Y (26-40),สาขาทองหล่อ,ซื้อกลับ (Takeaway),Non-Coffee,Dark Cocoa Extreme,Regular,100% (หวานปกติ),85,1,85,0.0,85.0,เงินสด,0,5
TXN-2026-0562,2026-01-19,12:14,กลางวัน (11:00-13:59),จันทร์,วันธรรมดา (Weekday),GUEST,ลูกค้าทั่วไป (Walk-in),Non-Member,ไม่ระบุ,Gen Y (26-40),สาขาทองหล่อ,ซื้อกลับ (Takeaway),Non-Coffee,Hojicha Roasted Tea,Regular,100% (หวานปกติ),90,1,90,0.0,90.0,เงินสด,0,5
TXN-2026-0563,2026-03-27,16:52,บ่าย (14:00-16:59),ศุกร์,วันธรรมดา (Weekday),CUST-007,โรโรโนอา โซโร,Silver,ชาย,Gen Y (26-40),สาขาสยามสแควร์,ซื้อกลับ (Takeaway),Coffee,Hot Cafe Latte,Regular,50% (หวานน้อย),80,1,80,4.0,76.0,QR PromptPay,3,5
TXN-2026-0563,2026-03-27,16:52,บ่าย (14:00-16:59),ศุกร์,วันธรรมดา (Weekday),CUST-007,โรโรโนอา โซโร,Silver,ชาย,Gen Y (26-40),สาขาสยามสแควร์,ซื้อกลับ (Takeaway),Coffee,Espresso (Single/Double),Regular,0% (ไม่หวาน),65,1,65,3.25,61.75,QR PromptPay,2,5
TXN-2026-0563,2026-03-27,16:52,บ่าย (14:00-16:59),ศุกร์,วันธรรมดา (Weekday),CUST-007,โรโรโนอา โซโร,Silver,ชาย,Gen Y (26-40),สาขาสยามสแควร์,ซื้อกลับ (Takeaway),Coffee,Iced Caramel Macchiato,Large,0% (ไม่หวาน),110,1,110,5.5,104.5,QR PromptPay,4,5
TXN-2026-0564,2026-02-24,19:09,เย็น (17:00-20:30),อังคาร,วันธรรมดา (Weekday),CUST-009,ซันจิ,Gold,ชาย,Gen Y (26-40),สาขาสยามสแควร์,หน้าร้าน (Dine-in),Bakery,Almond Cream Croissant,Standard,-,95,1,95,9.5,85.5,QR PromptPay,3,5
TXN-2026-0564,2026-02-24,19:09,เย็น (17:00-20:30),อังคาร,วันธรรมดา (Weekday),CUST-009,ซันจิ,Gold,ชาย,Gen Y (26-40),สาขาสยามสแควร์,หน้าร้าน (Dine-in),Non-Coffee,Peach Sparking Soda,Regular,100% (หวานปกติ),80,1,80,8.0,72.0,QR PromptPay,2,5
TXN-2026-0565,2026-03-05,12:34,กลางวัน (11:00-13:59),พฤหัสบดี,วันธรรมดา (Weekday),CUST-015,เอโดงาวะ โคนัน,Silver,ชาย,Gen Z (18-25),สาขาอารีย์,ซื้อกลับ (Takeaway),Non-Coffee,Uji Matcha Latte,Regular,50% (หวานน้อย),95,1,95,4.75,90.25,QR PromptPay,3,5
TXN-2026-0565,2026-03-05,12:34,กลางวัน (11:00-13:59),พฤหัสบดี,วันธรรมดา (Weekday),CUST-015,เอโดงาวะ โคนัน,Silver,ชาย,Gen Z (18-25),สาขาอารีย์,ซื้อกลับ (Takeaway),Coffee,Hot Cafe Latte,Regular,50% (หวานน้อย),80,1,80,4.0,76.0,QR PromptPay,3,5
TXN-2026-0566,2026-01-18,17:58,เย็น (17:00-20:30),อาทิตย์,วันหยุด (Weekend),CUST-050,อาสึนะ,Platinum,หญิง,Gen Z (18-25),สาขาทองหล่อ,หน้าร้าน (Dine-in),Bakery,Almond Cream Croissant,Standard,-,95,1,95,14.25,80.75,QR PromptPay,3,4
TXN-2026-0566,2026-01-18,17:58,เย็น (17:00-20:30),อาทิตย์,วันหยุด (Weekend),CUST-050,อาสึนะ,Platinum,หญิง,Gen Z (18-25),สาขาทองหล่อ,หน้าร้าน (Dine-in),Non-Coffee,Uji Matcha Latte,Regular,25% (หวานน้อยมาก),95,1,95,14.25,80.75,QR PromptPay,3,4
TXN-2026-0566,2026-01-18,17:58,เย็น (17:00-20:30),อาทิตย์,วันหยุด (Weekend),CUST-050,อาสึนะ,Platinum,หญิง,Gen Z (18-25),สาขาทองหล่อ,หน้าร้าน (Dine-in),Coffee,Dirty Coffee,Regular,100% (หวานปกติ),90,1,90,13.5,76.5,QR PromptPay,3,4
TXN-2026-0566,2026-01-18,17:58,เย็น (17:00-20:30),อาทิตย์,วันหยุด (Weekend),CUST-050,อาสึนะ,Platinum,หญิง,Gen Z (18-25),สาขาทองหล่อ,หน้าร้าน (Dine-in),Merchandise,Anime Tumbler 500ml,Standard,-,390,1,390,58.5,331.5,QR PromptPay,13,4
TXN-2026-0567,2026-01-10,13:55,กลางวัน (11:00-13:59),เสาร์,วันหยุด (Weekend),CUST-010,โทนี่ ช็อปเปอร์,Regular,ชาย,Gen Z (18-25),สาขาสยามสแควร์,หน้าร้าน (Dine-in),Coffee,Iced Caramel Macchiato,Large,25% (หวานน้อยมาก),110,1,110,0.0,110.0,QR PromptPay,4,5
TXN-2026-0567,2026-01-10,13:55,กลางวัน (11:00-13:59),เสาร์,วันหยุด (Weekend),CUST-010,โทนี่ ช็อปเปอร์,Regular,ชาย,Gen Z (18-25),สาขาสยามสแควร์,หน้าร้าน (Dine-in),Coffee,Signature Cold Brew,Regular,0% (ไม่หวาน),105,1,105,0.0,105.0,QR PromptPay,4,5
TXN-2026-0568,2026-02-13,13:44,กลางวัน (11:00-13:59),ศุกร์,วันธรรมดา (Weekday),CUST-008,นามิ,Platinum,หญิง,Gen Y (26-40),สาขาสยามสแควร์,เดลิเวอรี่ (Delivery),Coffee,Espresso (Single/Double),Regular,0% (ไม่หวาน),65,2,130,19.5,110.5,QR PromptPay,4,4
TXN-2026-0569,2026-03-29,20:35,เย็น (17:00-20:30),อาทิตย์,วันหยุด (Weekend),CUST-017,โมริ โคโกโร่,Regular,ชาย,Gen X (41-55),สาขาลาดพร้าว,ซื้อกลับ (Takeaway),Coffee,Hot Cafe Latte,Regular,25% (หวานน้อยมาก),80,1,80,0.0,80.0,บัตรเครดิต,3,5
TXN-2026-0570,2026-02-21,14:25,บ่าย (14:00-16:59),เสาร์,วันหยุด (Weekend),CUST-048,รีไวล์ แอคเคอร์แมน,Platinum,ชาย,Gen Y (26-40),สาขาลาดพร้าว,ซื้อกลับ (Takeaway),Bakery,Butter Croissant,Standard,-,75,1,75,11.25,63.75,QR PromptPay,2,4
TXN-2026-0571,2026-02-17,14:17,บ่าย (14:00-16:59),อังคาร,วันธรรมดา (Weekday),CUST-005,ไจแอนท์,Silver,ชาย,Gen Y (26-40),สาขาสยามสแควร์,ซื้อกลับ (Takeaway),Coffee,Iced Cafe Latte,Regular,25% (หวานน้อยมาก),85,1,85,4.25,80.75,QR PromptPay,3,5
TXN-2026-0572,2026-02-09,08:40,เช้า (07:00-10:59),จันทร์,วันธรรมดา (Weekday),GUEST,ลูกค้าทั่วไป (Walk-in),Non-Member,ชาย,Gen Y (26-40),สาขาสยามสแควร์,ซื้อกลับ (Takeaway),Coffee,Iced Americano,Large,0% (ไม่หวาน),90,2,180,0.0,180.0,QR PromptPay,0,2
TXN-2026-0573,2026-01-02,19:25,เย็น (17:00-20:30),ศุกร์,วันธรรมดา (Weekday),CUST-021,ฮิโรชิ,Silver,ชาย,Gen X (41-55),สาขาทองหล่อ,ซื้อกลับ (Takeaway),Bakery,Almond Cream Croissant,Standard,-,95,1,95,4.75,90.25,เงินสด,3,4
TXN-2026-0574,2026-01-20,10:30,เช้า (07:00-10:59),อังคาร,วันธรรมดา (Weekday),CUST-003,ชิซุกะ,Gold,หญิง,Gen Z (18-25),สาขาสยามสแควร์,หน้าร้าน (Dine-in),Non-Coffee,Uji Matcha Latte,Regular,25% (หวานน้อยมาก),95,1,95,9.5,85.5,QR PromptPay,3,4
TXN-2026-0575,2026-01-21,19:28,เย็น (17:00-20:30),พุธ,วันธรรมดา (Weekday),CUST-022,โกโจ ซาโตรุ,Platinum,ชาย,Gen Y (26-40),สาขาสยามสแควร์,ซื้อกลับ (Takeaway),Bakery,Butter Croissant,Standard,-,75,2,150,22.5,127.5,เงินสด,5,5
TXN-2026-0575,2026-01-21,19:28,เย็น (17:00-20:30),พุธ,วันธรรมดา (Weekday),CUST-022,โกโจ ซาโตรุ,Platinum,ชาย,Gen Y (26-40),สาขาสยามสแควร์,ซื้อกลับ (Takeaway),Non-Coffee,Uji Matcha Latte,Regular,25% (หวานน้อยมาก),95,1,95,14.25,80.75,เงินสด,3,5
